{
    "num_train_triples": 2032,
    "num_entities": 230,
    "num_relations": 6,
    "max_length_subword_tokens": null,
    "runtime_kg_loading": 0.26050448417663574,
    "EstimatedSizeMB": 0.057618141174316406,
    "NumParam": 60417,
    "path_experiment_folder": "KeciFamilyRun",
    "Runtime": 11.851517677307129
}