,0,1,2,3,4,5,6,7,8,9,10,11,12,13,14,15,16,17,18,19,20,21,22,23,24,25,26,27,28,29,30,31,32,33,34,35,36,37,38,39,40,41,42,43,44,45,46,47,48,49,50,51,52,53,54,55,56,57,58,59,60,61,62,63,64,65,66,67,68,69,70,71,72,73,74,75,76,77,78,79,80,81,82,83,84,85,86,87,88,89,90,91,92,93,94,95,96,97,98,99,100,101,102,103,104,105,106,107,108,109,110,111,112,113,114,115,116,117,118,119,120,121,122,123,124,125,126,127,128,129,130,131,132,133,134,135,136,137,138,139,140,141,142,143,144,145,146,147,148,149,150,151,152,153,154,155,156,157,158,159,160,161,162,163,164,165,166,167,168,169,170,171,172,173,174,175,176,177,178,179,180,181,182,183,184,185,186,187,188,189,190,191,192,193,194,195,196,197,198,199,200,201,202,203,204,205,206,207,208,209,210,211,212,213,214,215,216,217,218,219,220,221,222,223,224,225,226,227,228,229,230,231,232,233,234,235,236,237,238,239,240,241,242,243,244,245,246,247,248,249,250,251,252,253,254,255
http://www.benchmark.org/family#F10F192,-1.0190711,-0.23584814,0.21768488,-0.7582959,-0.3761799,-0.53311706,-1.0618553,-1.1220547,-0.34474602,0.27024722,-0.53192484,0.061889328,-0.04667115,0.9972843,-0.09997709,0.10609155,-0.9536695,-0.576041,0.92130154,0.28782576,0.38515404,0.21421348,-0.20042253,0.6187168,1.5802646,-0.20324828,-1.6944401,-1.6047795,0.22957404,-0.14836662,-0.48747358,-0.15206428,1.1762366,-0.6308355,-0.055523675,-0.37167996,-0.19628677,-0.23716547,1.0075977,-0.27551395,0.36493784,0.35245574,-0.4439927,-0.23894954,1.7945555,-0.48571804,0.9603467,-0.07242749,-0.42900035,-0.20806158,0.16849004,0.074596725,0.3173001,0.011953746,0.66199625,1.3885596,0.21686085,0.38854685,-0.13299052,-0.40121922,1.343905,-0.63756007,-2.8567433,-0.42241699,-0.047562804,-0.66361344,-0.38693157,-0.54833204,0.2601537,-0.23943762,1.9181454,0.12123234,0.07970346,0.2800302,-0.37683263,-0.47519982,0.12607609,0.36723515,0.32249454,-0.38738656,-0.021396182,-0.17395286,-0.96328485,0.38566545,-1.071844,-0.24746335,-0.08635533,0.08077556,0.4408579,-0.21762215,-0.80858094,0.24576688,-0.36237934,-0.06376061,0.24097896,1.3260128,0.4355373,0.65935355,0.29716563,-0.20791106,0.877438,-1.2496829,-0.38929507,0.62484926,0.9152899,0.32264507,-0.36478442,0.15870187,-1.6005734,-0.2394467,-0.9874889,-0.2024107,0.17603803,-0.09262171,0.7130587,0.3425033,-0.06411103,0.34808013,0.15603969,-1.0605277,1.5626937,0.54673135,0.10021305,1.320096,-1.5760554,1.3648728,0.77151865,0.37300652,0.75088924,-1.7013233,-0.26627207,0.013109669,0.6162534,-0.70976657,0.671431,-0.08459999,-0.732469,-1.9534963,0.54621714,-0.26267868,2.7054977,0.17063314,0.9223574,-1.5684428,-0.61400765,-0.9499369,2.4412456,-0.033661775,0.93684506,-0.11828565,0.6174399,-1.8298941,1.5187159,-0.35898647,0.047108956,1.9125274,2.3562849,2.1068296,-1.6965156,2.5360627,0.7661168,0.92573714,-0.17834695,0.4538262,-1.2671794,-1.0978677,-0.19024152,0.47646973,0.88131225,0.69578254,0.24187876,-1.6916387,-1.4192675,-1.6812683,-0.12911041,-1.143722,0.49113393,2.2392151,1.3091763,0.56566745,-0.68917274,0.048573688,0.33224744,0.20137466,2.7519112,-0.063253656,0.10554415,0.4080956,-0.9216773,0.17513879,0.27834117,1.5394192,0.31730494,0.88393,1.2254925,-0.8678386,1.0786272,-1.6309836,-1.9380698,-0.061809834,0.13067251,1.5343044,-1.6768987,0.58371335,-0.69409347,0.35396695,-0.2893316,0.16143852,0.8449498,1.8566456,-0.074588075,1.0571651,1.0400051,1.5036358,1.0729424,0.6972091,0.48073766,1.1952472,0.21559487,0.7194993,0.44322038,-0.2434626,0.9007837,0.70556635,1.8688728,-0.81080896,-1.0932443,-2.4059453,0.54829156,1.9815434,0.48092446,0.9156417,-0.83445394,0.4690794,0.43540156,-0.4567163,1.4480298,-1.8388247,-0.7541382,0.53683895,1.1519222,1.9330057,1.4251546,-0.05238074,-0.23031022,-0.61024374,0.6348625,0.9654937,1.5097915,0.23629811,-0.015690522,0.15953295,0.17918327,-0.7772558,0.91853255,-0.24390532
http://www.benchmark.org/family#F9F145,-1.0744265,0.47022665,0.8006742,0.7419151,1.8383405,0.62158346,0.11421113,-1.1634761,-0.82935965,1.1891232,-0.60485554,0.40065536,-0.60861886,1.5705868,-0.21051204,-2.016211,-1.036616,-0.5257263,0.94548935,-0.23898849,0.013753553,-0.6317674,0.41325167,0.6589977,1.2753001,-1.3731426,-0.32602715,-1.0886402,0.13901988,0.7316529,0.1035527,-0.15149672,-0.31297743,-1.1013445,0.12904406,0.07348641,-1.1730938,-0.6720015,-0.27584386,-0.22594702,0.3846931,0.103775635,0.4438864,0.099795654,0.4255996,0.9326167,-0.31465957,0.1668672,0.48901433,-0.5715495,0.64993936,1.8720474,-0.90232193,0.302532,0.14037961,-0.10266144,0.10048228,0.31119895,0.1875225,-0.1610527,0.9819921,-1.6138005,-1.2875836,-0.46621186,0.657936,-0.54050857,0.35968253,-0.9785445,1.0841061,0.41735017,-0.1308958,-0.31986398,0.4421421,0.36155915,-0.6005144,-0.44170165,-0.12139646,0.5864164,-0.18100978,0.53629965,-0.17126198,0.026161175,-0.8761206,0.35552838,0.31787947,0.10023689,0.117424056,-1.7599657,0.1678392,-0.086400464,0.58738726,0.7771149,0.2070896,0.015416717,-0.2465023,-1.3816656,0.11224,0.51644707,0.46062043,-1.2202561,-0.21053037,-1.093335,1.0505817,0.3990304,0.45271456,-0.10598641,-1.3345163,0.49446264,-2.0938692,-0.42835715,0.49769917,1.0486914,-0.7056289,0.7616806,-0.014362638,-0.8460564,-0.65083236,0.49164474,0.61723226,-1.072028,0.57034427,0.37315652,0.3786015,-0.24299979,0.3161502,0.09612324,-0.27276728,0.59289396,-0.41390237,0.6455812,1.116462,-1.9787031,1.4351536,-0.2145954,0.94591635,0.45104197,-0.72256565,1.0077742,-0.45465627,0.29595178,-0.8796198,-0.45377675,-0.111375235,-2.2687886,0.9596773,-0.87932837,-0.06912837,-0.39760223,-0.09091203,0.13375534,-0.27875897,-0.7407841,0.04805091,0.6124298,1.2035348,0.4357275,-0.98390114,0.2776498,-1.2431358,0.39302573,0.0050245146,1.2885778,-0.31614867,1.1493018,-0.5842596,-2.183018,-2.065914,-0.056882072,0.28504282,-2.253166,-0.3852843,0.3201664,-0.6800851,1.1561022,0.023725849,1.4387547,0.66488385,2.112114,1.1361722,-0.5785941,-1.052595,-0.0055109034,-0.7387484,0.5268995,1.2692926,-0.109135985,0.9197382,-0.9573416,-1.1841749,-1.6547396,2.4663393,-1.0730773,-0.46597436,0.72024286,0.22795193,1.3791779,0.24843492,0.26033285,2.017662,-0.3977683,1.5252972,0.8065579,-1.6000866,1.8033496,-3.1973987,0.9562483,-2.7511034,-1.1917306,0.5936178,1.541559,1.0509678,0.14078712,1.7991661,0.5840521,-0.37375087,-0.045458287,0.6332915,-0.4772444,-0.64938915,-0.084372416,0.7526111,-0.1229112,-0.76849806,0.25788623,-0.04366757,-0.5193068,-0.70496297,-1.2916989,0.68285024,0.87711316,-0.6431814,-0.6473785,-1.7123594,-0.00070345565,-0.9627013,0.9499341,-1.9118284,-0.11042675,-0.31299648,-2.670421,-0.85014594,1.372682,-0.052907586,1.6392984,0.35384285,-0.40999928,0.6460836,0.2928631,1.6319771,1.4148221,0.15326284,-0.36488256,-0.9656029,1.1640443,1.1067761,-1.3498712
http://www.benchmark.org/family#F2M13,0.17004937,0.84311694,0.2596043,0.30951706,-0.65708727,-0.07207078,0.17249213,-0.7858029,-0.29337016,1.0242273,-1.125324,0.10553803,0.15025288,0.3231347,-0.23346384,-0.4884694,-0.23428755,-0.26783487,0.5423909,0.9107352,-0.10520168,0.5948996,-0.6137134,-0.078992955,0.052179627,0.24759245,0.6992858,-0.95615995,-1.2532368,0.47406188,0.6710203,0.018412031,0.07581728,0.7894272,-0.17384467,-1.8294624,0.8538026,-0.17054945,1.0935979,0.28519168,-0.2012216,0.8696318,-0.013645426,-0.7139627,-0.18415728,1.2872317,0.6938766,0.40683514,-0.34242055,-0.6981243,0.30649412,-0.2679062,0.7151369,0.39081317,0.013756274,-0.19206023,0.21912622,-0.22792153,-0.6049779,0.26484272,1.3729413,0.26583454,-0.22544377,0.01061638,-0.5898213,0.1357206,-0.08529028,-0.18282087,0.25044584,0.684009,-0.40271994,0.921783,-0.4845774,0.5860422,1.0670389,-0.33473602,-1.5016348,-0.2900156,-0.15499517,-1.4829696,0.663537,-0.94476277,0.45005453,-0.36785242,0.13994709,0.5105808,-0.1041002,2.4733899,-0.94368875,0.24628536,-0.14518017,-2.2184215,0.8706203,-0.25576538,-0.58624166,-0.758669,0.06330473,-0.41705856,0.6619107,-0.195237,-0.2949812,-1.1129036,0.5471119,-1.2930301,-0.26470634,-1.0295504,0.06806697,-0.43384534,-0.005640569,0.8429455,-0.59692025,-0.17947975,-1.6667104,-0.20699872,-0.29376394,-0.9810898,-0.52496237,-0.7299806,1.5327446,-0.15712403,-1.0116657,2.8500366,0.55940086,0.67274916,0.45094776,1.6588539,0.7606599,0.527721,0.67352164,-0.20882662,0.5709203,-1.1142889,1.8571076,0.78382486,0.9117943,1.1641521,0.23476084,0.35648537,1.4312767,-2.1984205,1.1915567,2.1333563,1.6209309,1.8589493,1.353205,-1.7001368,1.5441519,0.067937635,-0.31074807,1.3797585,0.83459485,-0.7980853,0.17806163,1.2158983,0.35492378,1.3741901,-0.34404832,1.901801,-1.7038159,0.7358356,0.7106447,1.2688599,-0.019479042,0.8686347,-0.17884761,0.2549045,-1.6380978,-0.49618483,-0.73485637,-0.6972675,-0.025382908,0.77125055,-0.5086708,0.55641246,-2.0373795,-0.07918787,-1.1423945,0.3530764,1.2321889,0.5667934,-0.036832035,-0.12974405,0.84588957,-0.113240235,-0.036391344,0.6603752,-1.1695468,-0.7016649,-0.5171145,0.13549323,1.4300883,0.14173135,1.2947146,0.5536233,0.25557348,-2.4762135,-1.1739246,-0.731302,-0.32588375,-0.108108416,-0.46507993,1.5405042,1.023022,0.24760596,0.5439778,0.38956323,0.34806576,0.8410539,-2.0075622,-0.33444878,1.745572,-0.046320643,-0.35597575,1.5627347,0.7235083,0.24300604,-0.6350314,0.9826433,-0.12538826,-0.09269282,-0.53377664,2.2813272,-1.3702513,-1.2944423,1.2557232,0.055309992,0.13883515,-0.30166134,-0.32242584,0.3609301,0.46332675,2.062306,-0.08896245,-0.23655532,-0.8965609,-1.7136203,0.035263743,-0.4840861,-1.4727943,0.0082081,1.9242612,0.1570296,0.14593159,1.8102388,-1.245419,-1.6364825,-0.034578625,-0.0024182615,1.9060066,1.2053307,-0.41966912,0.2685624,0.537805,-1.8273015,1.1959227,-0.19021003
http://www.benchmark.org/family#F3M44,-0.35546342,0.08974831,0.71726817,0.6130378,-0.5878751,-0.8315701,-2.1300492,-0.4632662,-0.21408612,1.1477765,0.0736557,0.8480233,0.11669987,-0.43083003,0.70469487,-0.39213607,-0.8015427,-0.06999933,0.32290423,0.11393886,0.8395275,-0.29743224,0.0035178433,0.46224257,0.7515887,-0.14683095,-0.30759472,-0.79143536,-1.3363003,1.0213081,-0.0019729391,0.6071286,0.6813888,-0.9459292,-1.1999478,0.5016436,0.25776672,-0.78310734,-0.06600327,0.3461848,-0.012326373,2.11239,-0.79283667,2.6536903,-0.15319219,0.031614974,0.395411,-1.5370717,-1.2503903,-0.43223804,-0.9983335,-0.5953447,0.73251003,-0.68774927,0.14023794,0.52205807,-0.8006201,2.348459,0.56455266,0.78058887,1.2943044,1.079335,-1.4462516,-0.7824861,-0.4053417,-0.04099501,1.0643032,-0.8803015,-0.25468013,-0.18375592,1.1444224,-1.4705982,-0.6319264,0.17186378,0.5057398,0.45390192,-1.7320158,0.398098,0.082140215,0.22520795,0.63784236,0.98117113,-0.5895586,0.3157045,0.07268038,-0.4264235,-0.3524874,0.36685288,0.51148486,0.8092648,0.28954017,0.0061177667,-0.015312159,0.002026854,0.31847194,-1.0972553,-0.2906017,-0.95803183,-0.5760726,0.29466936,0.5646184,-1.9735581,0.2852108,0.4375713,-0.1494735,-0.19339994,-0.015876025,-0.28853995,0.6176265,-0.38951617,0.41381657,1.0183774,-1.2816317,0.050771665,-0.037333883,0.86125576,0.102314174,-0.059495285,-0.08614768,-0.31509796,-0.9588493,0.2913652,-1.0776944,-0.78759605,-1.6165087,-0.5581799,1.4134686,1.431657,0.85871774,1.9459485,-1.1753163,-1.8914118,0.83571154,1.3290234,-0.28928694,-0.19162413,0.42112097,1.0209554,0.22718602,-0.29961166,0.8636785,-1.2127757,2.3092377,-0.064086385,-0.6289178,-1.2748219,1.5886053,1.3216702,-2.3320224,0.5774211,0.3340215,-0.40912238,0.10352696,-1.4112781,-0.6491951,-0.40483773,-0.728131,0.9144279,-1.6241851,-0.5929499,-0.23891671,-0.94294757,-1.5447836,0.53080904,1.234441,1.0429934,-0.61650264,0.18303989,-0.57151794,0.8371697,-0.5446452,-0.96757627,0.42020267,-1.676481,-1.2060345,-1.6922615,-3.2583342,1.6823231,1.2805828,-1.2614368,1.1081859,1.1920146,-1.0720035,-0.044383932,-0.12545314,0.21162435,-0.36161563,0.38235018,-0.9996585,-1.6073167,-0.5722989,0.95960367,2.3090432,0.15099177,-0.00469612,-1.0028716,0.518069,-0.860114,-0.59278715,0.9374456,-0.44135687,1.0838484,-0.19318645,-0.35121146,2.2911456,2.0981076,0.5346179,0.961807,0.57417893,-0.41670278,0.26144695,1.0486121,1.3144312,0.41629863,-0.54009396,1.4528376,0.99592406,0.55153114,0.34642696,0.33455685,-0.44450352,1.8773073,-0.9032969,-1.316639,-0.9367942,-0.16335495,0.1460145,-0.71947926,-1.1986858,0.5135532,-0.15211873,0.41689602,0.41460547,0.5586984,-0.05802928,1.9214525,-0.38018116,-0.7987629,-1.1858634,0.86192864,0.67736053,0.69274163,-1.9776713,2.3102179,3.2819426,-2.112702,-0.39691347,1.3679638,-0.018152766,1.2325054,0.56981003,1.2084416,0.3905649,-0.85472715,1.7156997,0.5184568
http://www.benchmark.org/family#F6M81,0.41352552,-0.57390004,0.19284703,0.2229094,-0.3289677,-0.43648657,-0.11452494,-0.4050673,-0.50145143,-0.33024523,-0.76891637,0.38177422,-0.34616405,-0.30001622,0.498323,0.108771175,-0.4155057,-1.4377351,0.46367738,1.7323345,1.3405564,-1.498637,0.10033379,-0.7847632,0.8528005,0.35056216,0.19445853,-0.15602891,-0.3193611,0.10378615,-1.1847634,0.016134191,0.7772841,-0.7238369,-0.59190786,0.74805075,1.1887814,-1.2097801,0.6126444,0.7005471,-0.12719926,0.1641115,-0.42413893,1.1362282,0.12773645,-0.3656085,0.39123604,-0.011327954,0.44509858,-0.85086906,0.74676526,0.31486604,0.57415825,-1.953861,0.52282876,0.72494334,-0.18279034,-0.6112823,-0.22441189,0.10529103,0.36180177,-1.0061076,-0.19990213,-0.0068655415,0.26892275,-1.5765322,-0.79580337,-1.2120154,0.3641736,-0.2419911,1.6031591,-0.5524255,-0.49123392,0.43677834,0.91916794,-0.092118785,-0.49506178,0.18223552,0.809827,-0.12193418,0.37929398,-1.2697829,-1.623463,1.1459091,1.0717789,1.2160546,0.36846933,-0.7471207,0.27401602,-0.363744,-0.010280582,-0.008120005,1.5766767,-0.3025323,0.15956177,-0.8251357,0.75579196,-0.69963443,0.6188359,0.9098557,0.68964446,0.06228838,0.52397823,-0.7684505,1.1200544,-1.4381505,-1.4520433,-0.7973066,0.2743647,-0.5716691,0.4546469,0.69182533,-1.6091857,-0.77254504,0.26500976,0.110953085,-0.070095435,1.3358647,1.8124146,-0.7306775,-1.9319962,1.7858621,0.540272,1.2471421,0.3627546,0.6476896,1.059033,-0.11168906,-1.0877382e-05,0.76288515,0.3948836,-0.9530148,-0.113696314,1.4239966,1.0197841,-0.24516352,0.7567794,-0.90701014,-0.72433054,0.11642632,1.7360948,-0.41574743,1.3352714,-0.09322482,0.4852904,-0.3514205,-0.8091913,-0.60855454,1.8181851,1.0599293,-0.65252346,-0.69466215,0.57233787,-1.0535048,1.4143251,1.3107488,0.45163748,0.75811434,-1.8854239,-1.7573729,-0.541292,0.20873138,-0.91019857,1.8216683,1.1795537,-0.42828518,-2.3690705,-0.6801965,-0.80300516,1.9728513,-1.0282571,-1.4011767,-1.2004726,0.4169119,0.5968757,-1.7327259,0.61481744,3.4000635,0.40356925,-0.22352888,0.816938,-0.6275153,-0.0405098,-0.5203686,1.2559471,1.5530447,-0.97007304,-1.357007,-0.07019965,-0.6127218,0.22875766,-0.47383434,0.65288085,-0.25646022,-0.4038847,-0.40993747,-0.87967855,-0.09505007,1.1468797,1.0194035,-1.8227942,1.7248157,0.20585854,0.70973504,0.9834833,0.33885357,-1.2361112,-0.8612361,-2.4935787,0.8938323,0.2809092,0.6447167,0.40818152,0.495582,0.28346142,0.041724127,-0.67366695,1.2098881,-2.1884432,0.85524374,0.034941677,0.34647402,-1.5899515,-1.1752186,-0.4196908,0.16540106,1.0183309,-1.786234,-1.5193218,0.31582266,0.13044377,1.4067794,-0.48490807,0.30763912,-1.9330349,-2.0792284,-1.3385181,-0.36154085,0.7402398,1.632395,2.265268,-0.02761311,0.35470924,0.3766024,0.81879956,0.55015296,1.3376487,0.91384655,-2.1941395,-0.44395396,2.2734153,1.7488047,1.1438367,0.5359066,-0.36816606,0.9626818
http://www.benchmark.org/family#F6F87,-0.72073233,-0.56302357,0.7213578,-0.49323905,0.47452822,-0.6477311,-1.425417,0.7198131,0.1701202,-0.032117292,-0.69659835,-0.013177784,-1.2030545,-0.024481481,-0.082348906,-0.29003096,-0.72504294,0.07441078,0.059731774,-0.36508006,-0.12120831,-0.019058852,-0.7378938,1.2149547,0.4380255,-0.8082756,1.822258,-1.1060795,0.62846255,-0.47450888,0.76565856,0.4526376,0.20267028,-1.2798879,-0.63122505,0.6326253,-0.34088987,0.85836756,0.97572833,-0.1524691,1.0456887,-0.2228686,-0.2574579,-0.24763325,0.36462507,-0.7127683,0.22971374,-0.0074352752,-0.3601148,-0.6911523,0.4918859,-0.7146585,0.16650848,1.2154748,0.30803362,-0.95852786,-0.3910155,-0.027706113,0.0769344,-0.10456637,0.2371724,-0.42744556,-0.27257663,0.9613686,-0.05976816,-0.20548905,0.29022384,-0.8041118,0.7544626,0.5239261,-0.45619166,-0.24338011,0.55710936,0.33426932,0.16789335,0.17935508,0.20396209,-0.11565378,-0.69068134,-0.12755388,0.95344615,-1.0665722,-0.16239876,-0.33334717,1.1199583,-0.66058755,1.3553003,1.1492387,0.22040786,0.79730964,0.14847663,1.3205584,1.8388267,-0.34400514,0.19578093,-0.5178693,-1.5109411,0.26020178,-0.27512643,1.1669064,1.0040842,-0.8817919,-0.35660148,-0.17892592,0.003357609,0.62315375,0.60408956,-0.62123656,-0.39222184,0.560002,0.043430794,1.2581588,-1.5472257,0.11766505,0.076085195,0.18384063,-0.118205845,0.4188063,0.5161053,-0.6997518,-0.2698483,2.1466973,0.42980585,1.0534229,0.33241597,0.51728576,0.4929088,0.759886,-0.47678536,-0.5022342,0.06109716,0.8145977,0.5971464,0.84508276,-0.21496281,-1.2859383,-0.6618568,-2.5652268,-0.95183975,-0.019680811,-0.03476438,-0.09248743,0.19456814,-0.80297613,1.5045928,-1.7572395,1.6716537,-1.3948787,1.0127436,0.5686984,0.035708062,-0.15701424,-0.74149,-0.26728085,0.3198526,1.0851613,-0.3401414,2.2015967,-2.1762345,0.1840202,1.1599799,-0.24622811,-1.2207289,0.6582587,-1.0170931,-1.8981576,-1.2026438,-1.5551895,1.0480254,0.068361916,-0.096376255,-0.6456925,-0.3283375,0.110203855,0.6384678,-0.74274164,0.88591546,0.38738096,-0.6604626,-0.44028994,-0.012484611,-0.014286033,-1.0047879,-1.8391303,0.8861185,-0.37318844,0.9778058,-0.7739313,0.15816832,0.6165531,2.2948408,0.85646284,-0.27378508,0.60131574,0.48727435,-0.51785874,-1.2542315,-0.6705412,0.71723425,0.10984438,2.8448997,0.09958629,-1.6168544,0.26342595,0.6133028,0.8574625,-0.3389499,0.80962,-1.3663086,2.1631107,-0.8101381,-1.122365,0.29481956,-0.18047187,-0.01116005,0.3610922,-0.5436633,1.1090871,-0.55779415,2.2548733,-0.087692454,1.503617,0.70966846,-0.042621307,-0.14157549,0.5208209,0.7489091,-2.6835656,0.6973233,1.6140673,-0.4280512,-0.19305412,0.63585126,-0.9561255,-0.16847056,1.3744668,-0.73623,-0.30870968,-0.34238985,0.37635058,1.8973966,0.0015926772,0.42683116,-0.17242387,-0.08223636,-0.4026153,-0.68855196,-0.4756385,0.57973164,1.7321607,0.07311316,-0.6088336,0.38560906,1.7894491,0.79774815,-1.3524411
http://www.benchmark.org/family#F7F106,0.3063571,0.3834401,1.2901963,0.9112907,0.28045145,-0.084708564,0.2175212,0.4351083,0.4248613,-0.5445518,0.53885037,0.7178928,-1.1050718,-0.86217606,0.13925937,-0.15177268,-0.022154942,-0.94148093,0.15618712,0.061706293,1.0374416,-1.5508904,-1.2825274,0.29609764,0.84409577,0.015157821,-0.47434774,-1.0310723,0.3272063,0.2804039,0.103655815,0.13331617,-1.5372372,-0.89525265,0.1509919,0.045163173,0.7834693,-0.29333705,-0.848115,1.6466877,-0.024558736,0.3332543,-0.5369467,-0.29490918,-0.70166236,-0.19824807,0.008625066,1.4538815,-0.7361252,-2.1425862,-0.22783375,0.054033235,1.0987906,-1.7569398,1.7447101,0.21409039,-0.33252183,-0.9378129,0.9360329,0.15166534,-0.3571168,-0.28421843,-0.5525569,0.4578636,0.60984224,-0.65483946,0.2755103,0.6954681,-1.1973665,0.15122774,1.8845688,-1.6988385,0.51617974,0.17320126,-0.101092674,1.2849255,0.3940678,0.8359745,-1.4185468,-0.8106089,0.047708206,-0.44104108,-0.019399192,-0.10808929,-0.36873955,-0.36022756,0.21407941,0.5593915,0.9996071,1.4041578,-0.50884783,0.30861858,-0.6057755,-0.56988543,-1.0118848,0.6806337,-0.50002545,0.013503992,-0.1097566,-0.7886902,-0.12973134,-1.7356658,0.067680284,-2.1556509,0.70458806,-0.70559454,-0.50892115,0.47139174,0.598309,0.59232646,0.41116267,-0.3418555,-0.59561586,0.4224028,0.26411644,-1.2063787,1.8202422,-0.23576128,1.1718161,-0.85814244,-1.8788898,1.6229248,-0.022685057,0.37335494,0.88445663,-0.38934806,-0.17535193,0.26145896,1.6420655,-1.118058,-0.43997034,-0.64223254,1.4178685,0.97406876,0.65845346,-0.67324024,-0.56868184,-0.5638099,0.5672857,0.54265994,-0.4727751,-1.7764393,-0.085700825,-0.21057945,1.2884511,-0.6993185,0.62666386,-2.2389343,-0.013284022,0.50189406,-0.5273171,0.14143574,-0.2611491,2.084201,2.4235902,-1.1360765,0.54321134,0.65209466,0.103127725,-0.45007405,0.34890476,-0.6767977,-1.3180934,-0.7109981,-0.12440424,-0.34749794,-2.3420742,-1.0714047,1.6758533,-0.6824417,-0.67984843,0.23779729,-0.5587493,-2.0643258,-1.2083052,-0.31368977,1.2296705,0.14659746,0.8415237,-0.2751479,-1.7142723,-1.5638653,-1.2689288,-0.9755878,-2.1847517,-1.145021,0.04505756,-0.6855071,-1.415094,-1.2167593,1.1484663,2.7987726,-0.93027884,0.40940952,0.31096837,0.8952552,-1.2416492,1.1086953,2.022696,1.5133603,0.50809896,0.32057023,-1.0892935,1.344346,-0.13952982,-0.18671775,0.64522105,-0.14732543,-0.12917544,-0.093949534,-0.663605,1.4518104,0.8425567,-1.263359,1.2497599,0.6006701,0.5538927,-1.1519736,-0.8718406,2.022927,1.3812714,-1.9762162,0.8863818,-0.9757117,-1.4948965,-0.0034964576,0.25131777,-1.4154099,-0.98733306,0.6246733,0.2970652,-0.9628705,-1.0886505,0.18946382,-0.598645,-2.1948493,-0.14014007,0.21531864,1.1490965,0.5803755,2.5081215,0.59851885,0.77839684,-1.3610023,0.58171314,-1.3533158,-0.36123654,1.7165474,-0.97811854,0.8679661,2.3060238,-0.45430812,-1.215088,-0.063787684,1.0100089,0.09281887
http://www.benchmark.org/family#F2F28,0.10385666,-0.7134185,0.6750626,0.92563593,0.29760492,0.34464514,-1.1101469,-0.29582557,-0.098234594,-1.5791099,0.6630122,-0.9228427,0.4008863,-0.829527,0.64564234,-0.46611598,-0.68914354,-0.025851224,0.6829285,-0.3259063,-0.008594014,-0.54058945,0.251742,0.44625407,1.3536367,-0.97847325,-0.060535785,-1.4671423,1.1747887,0.11312879,1.6489285,-0.25346193,-0.42048687,0.6263378,0.5369391,-0.9043521,-0.9165191,-0.3243363,0.18896985,-0.1601837,0.42853746,-0.065161735,-0.41902983,0.34578577,-1.928704,-0.105678454,0.8154069,0.34271142,0.44690394,-0.46942443,0.7022038,0.16262148,-0.10120328,0.5224095,0.63542056,-0.02261295,0.4766272,-0.27633977,-0.26199523,0.30945605,-0.2052095,-1.7119358,-0.36851582,-0.18374118,-0.6804562,-0.49493706,-1.3373647,-0.4661413,0.5064812,0.21836776,0.4889993,0.22234286,-0.17786515,0.04554408,0.12036389,0.45367983,-0.1273901,1.531382,0.000158723,0.11021001,-0.19529545,-0.21642758,-0.7806322,-1.0934898,0.5366976,-0.96526617,1.7947922,-0.12614408,-0.13358353,-0.8697107,0.1626557,0.327791,2.1523974,0.097049326,0.12401007,-0.18075705,0.32960805,-0.16150346,0.71355003,0.75703824,-0.450341,-0.8202403,0.097073235,0.7697292,-0.0034600608,0.40212888,-0.09077233,-0.33202076,-0.29360086,-1.0826911,-0.6019171,0.07612988,-0.015742678,0.16263291,-0.3550951,0.04597105,-0.15378064,1.0698932,0.43263653,-0.8608778,-1.1541667,-0.60877377,0.020219678,-0.96195334,0.3891089,0.28428754,0.12484554,-0.33879164,0.64849484,-0.54096824,1.1542871,-1.1895392,0.54325956,0.8111121,-0.8084895,1.091717,-0.008153357,0.036317598,0.3796388,-0.14119735,0.7274071,-1.3047711,1.4069676,-1.3467845,-0.44973573,-1.0106692,-0.65426713,-0.24626918,0.06288818,0.3882237,-0.21742854,-2.5876877,2.0396469,1.2900276,-0.37895218,0.6184682,-0.17622744,0.70375764,-0.52798045,0.20281094,0.44169483,1.3496565,1.4980372,0.97068596,0.8026315,-1.3085382,-1.7925339,1.2008332,-0.23824649,-1.6727067,-0.7062251,-0.22589251,-1.1753359,-2.1383839,-1.6247556,-2.3749177,1.0312034,1.4030497,-1.332493,0.1583269,0.45880905,-1.4518237,-0.8318557,0.34226385,-2.4017723,-0.51829463,0.383401,0.061016317,-0.37468246,-1.2360054,-0.2398692,1.261369,0.676735,-0.7472776,1.6153327,1.9791745,-2.211878,-0.15865584,0.37789953,-0.031371187,0.43641567,0.35790125,1.772052,-0.42588794,1.2227151,-1.4743596,1.8296944,0.98900104,0.36900452,-0.75224876,1.7023203,1.7798356,-0.00086163945,2.244267,-0.36578056,-0.95676476,2.4287937,0.2700413,-0.782285,1.0355928,-0.8679357,-0.29078022,0.05024129,0.48931795,-1.181903,-0.7978716,0.082777604,-0.9291324,0.46793208,-0.2322649,0.15084583,2.3456671,-0.23507728,-0.21654062,0.95343715,0.46925005,1.1808197,-0.09220833,-0.17548649,-0.83151966,1.5560935,1.2776321,1.2231224,-0.5401504,0.14394477,1.6160585,1.6838629,0.74243337,1.3918293,1.3363668,1.6074667,0.23804581,-1.7105166,0.19734354,0.7143034,-0.2243402
http://www.benchmark.org/family#F2M11,0.2878141,0.4179076,-0.69646907,-0.99641955,0.44926277,-0.06003565,0.7331379,0.023241198,-0.6328792,-1.2485996,-1.3494267,-2.3133001,0.008973236,0.13094664,2.0447736,-0.64236563,-0.26332793,0.59985155,1.6116314,1.278733,-0.11083488,-0.15980107,-1.2012979,-0.5229086,1.4025373,-0.35680902,1.2332482,-1.6595054,-0.3469973,-0.05863262,0.69229096,-0.048762813,-0.35157382,0.21725601,0.5008317,0.59474796,-0.015366945,-1.2101511,0.5771393,-0.44302064,-0.20369184,0.83774865,0.385673,1.0069895,0.5302087,-1.6339685,1.1964462,0.42450124,0.7031176,-1.3152075,-0.040816054,0.002466897,0.004139545,-0.97811896,-1.26045,1.3923324,1.1146111,0.23188633,-0.30380568,0.5735187,-0.060432706,-0.17906755,-1.2689316,0.41449034,-1.3546851,0.091387674,0.2893718,-0.49627033,-1.119326,-0.6679594,0.100224875,0.22565728,-0.2075484,-0.13828655,-0.4531729,-0.23790284,0.47901824,1.0089042,-0.86587256,-0.18216823,-0.46245342,-0.14683783,-0.7331317,0.112097755,-0.69095397,-0.10202194,-0.32091066,0.08223297,0.29545462,-0.24946527,-0.46980387,0.37774238,-0.0760288,-0.6461822,-0.4480086,0.5465497,0.04750576,-1.4034836,1.0027328,0.5870343,0.9367501,0.6473442,0.50533426,-0.05665511,-0.07742827,-0.3839452,-0.65259445,-1.8720427,-0.36673805,0.1031619,-0.35703886,0.9403341,-0.23218444,0.7767405,-0.67786837,-0.2649965,-0.21323684,0.020305471,-0.09502432,-2.0765522,-0.45820346,0.8418864,-0.5743036,-0.27933478,0.7288235,1.7876837,-0.055566855,0.1261022,-0.5859309,0.5014079,-1.530114,-1.799848,0.6818052,0.17653127,-1.9827802,-0.6798346,0.16709478,0.72843504,-0.4979894,1.1609758,1.2197026,0.72750884,-0.15369092,1.7130084,0.98885256,0.10531804,0.42512155,-0.41314036,1.0266292,-0.13060728,0.8444571,0.42881867,1.1845554,1.4225938,0.3582344,0.92530566,-1.040241,1.9202574,-0.55221206,1.2690502,-0.95878106,2.8304791,2.09217,1.6537019,2.599296,-0.622555,-2.7036643,0.8828645,-1.4543684,-0.067893595,0.0958288,-0.50338346,0.99995744,0.8969404,-0.50861645,-0.7561312,0.47719833,1.7981124,0.43773967,1.0224948,0.20208153,0.28602985,2.7087483,0.029083068,0.10796023,0.10942652,2.2251174,-1.4599775,-1.8410678,-1.086002,2.7406416,1.1684691,1.0856811,1.9051229,1.1757278,0.52730757,0.97298914,-1.2199643,-2.3999984,0.29393402,1.07854,2.7085247,-1.7970922,-0.100421704,-1.0595123,1.2123786,1.2002025,-0.7446444,-0.78174245,0.6506077,-0.5164703,-0.04938828,0.92116696,-0.44771788,0.4382471,0.36113212,0.8247654,0.8577315,-1.5585129,-0.17257461,0.12492012,0.6589013,0.6282752,0.091287576,-0.9495631,-2.2823098,-0.6549344,-1.6715473,-0.14793919,-1.0429407,0.66601086,0.3742005,0.21991432,0.37548348,0.68896073,0.26989943,1.2234652,-2.644634,-0.09349359,-0.20905207,-0.37484622,-0.25877196,-0.752311,0.70666313,0.7954171,-0.6684127,0.87515974,1.695453,2.5503252,0.22131747,-0.6008882,0.2799935,-1.6460689,0.41560355,0.37258345,0.48899898
http://www.benchmark.org/family#F3F53,0.8632652,-0.026475362,0.29534727,0.62451565,-0.023648413,0.039651874,-0.44158396,1.4980614,0.072189175,0.97660553,-1.2275363,-0.7290607,0.11441611,0.18155038,-0.10675297,-0.14659533,-0.94522434,0.39827362,0.58229345,1.1140605,-0.4605987,-0.3988547,-0.17114888,0.78227806,0.17790149,-0.7863516,0.252175,0.8555902,0.09883138,0.41943693,0.57856226,-0.22253864,0.117789656,-0.031848557,-1.0774262,0.37490815,0.18865414,-0.6904058,0.33062205,0.80428326,-0.790429,0.5199507,-0.63827354,-0.19937381,-0.53252125,1.0444437,-0.14561479,0.64876795,-0.07564138,-0.64112383,-0.25781444,-0.48492962,-0.55205256,0.036604397,-0.39859086,-0.29315898,0.6519118,-1.7934848,-1.6401271,0.5994419,0.6945995,0.1490481,-1.1720837,-0.7249473,-1.8748113,0.14768377,0.019249203,-0.35266677,0.69541734,0.31043276,-0.07604035,-0.7037619,0.3557913,0.29379717,0.06450274,0.66434807,1.7917973,0.9167865,0.45875564,-0.18009889,0.7851961,0.040740434,-0.5452365,0.038784858,-0.22564949,-0.442803,1.2198089,-0.043295123,1.4202642,0.2804378,-1.6479969,0.49135193,-0.47212633,0.48114634,0.3472867,-0.82876635,-0.08701805,0.7009103,0.96037227,-1.1158426,-0.03860275,-0.47009978,-0.2314474,-0.92628384,-0.22673622,0.7800786,-0.69788355,0.838416,1.1733075,-0.3040581,0.5226573,0.119518414,-0.05382786,0.7683738,0.19464304,0.24739152,-1.125108,0.49211898,-0.112939596,-1.5125384,-0.3848377,2.0512462,-0.29604447,1.2408875,-0.62038124,-0.16637394,0.173753,0.830803,1.8171729,0.8825454,-0.3137332,-1.5272312,0.60401475,1.8363584,0.54317415,0.42990994,0.76450455,-0.2617426,1.1093092,-0.38321778,0.3833659,-1.6053634,-0.88015866,-0.0042761117,0.6257526,-0.5475591,1.0283138,1.1098862,-0.87538433,0.6632448,-0.033826396,-2.947445,-0.30007127,0.20568554,0.6171734,1.3971108,0.27060175,1.4581729,-0.9966714,-1.8806251,0.15032206,0.37399596,-0.77974266,1.0769178,-0.46808368,1.0852743,-1.018389,-0.110423185,-1.4827181,0.19604866,-0.13536718,-0.31242642,0.3483744,1.3195238,-0.58784413,0.4075889,-0.77448356,2.3408062,0.09083063,0.9606694,0.38627645,0.07605799,0.6670304,0.22448893,0.50463295,-1.1501657,1.6521442,-1.0901959,-0.73492926,0.06024058,0.16495775,0.30234173,2.0523424,0.025767533,0.02768197,-0.14845076,1.328617,-0.47427875,-0.60975975,0.16138051,0.004547762,2.3402474,0.16878948,0.10243219,0.61165625,1.3203933,0.48625854,-0.42690724,0.44467974,-0.899272,0.97713476,-1.4718006,-0.613098,-1.0576574,0.8132327,1.9033585,1.1242195,0.53226227,-0.5964004,0.9360436,0.41290104,-0.3262532,1.4962395,-0.22678696,0.65117246,-0.5208885,-1.544999,-0.9703073,-0.16935013,0.33446765,-1.1481467,0.43680215,-0.10371973,0.37618458,-0.09319873,1.2705044,-1.214163,1.0019739,-0.45446664,0.32625446,-1.876767,0.76624775,-1.8896577,2.0202897,0.024027571,-0.5861954,-0.81307703,0.5260299,2.2056506,0.38423717,0.6751923,-1.7362065,0.83101475,0.46206254,0.48578882,-0.4937849
http://www.benchmark.org/family#F1F3,-0.62857836,-0.38234037,1.0901772,0.9270391,0.10500705,-0.16079225,-0.4132148,0.09480428,-1.1699343,0.32256007,-0.8560305,-0.43321294,0.15403773,-0.0537211,-0.31263992,0.14056742,0.049069293,1.3424469,0.49100646,-1.767937,0.39877373,-1.1323344,1.6837112,0.35931593,0.6100266,-0.025339503,-0.26060203,-0.5966838,-0.37057474,-0.0634481,0.39048705,0.06481601,-1.5462208,-1.3766291,0.12605444,-0.16830146,0.18994208,-0.8229255,-0.47043902,0.19509014,0.26822895,0.63914347,-0.67769027,-0.6783036,-0.66191906,0.18355227,0.81229436,-0.2746085,0.15357012,-0.6387086,-0.5735575,-2.1693308,-0.3984115,-0.53070503,0.62296426,-0.5937688,-0.55574995,0.37325317,0.5841414,0.012160428,1.1822414,0.7486301,-1.2832512,0.15612063,-0.54698265,-0.8450707,-0.38291255,0.29388028,1.0957581,-0.11819131,0.7353017,-1.5787292,0.08767343,-0.90602493,0.7738417,-0.23144954,0.860456,-0.003921223,-2.890064,-0.14282142,-0.16511965,-0.287991,-0.37143797,0.39908904,-1.3449923,0.06652471,-1.4206287,-0.37977076,0.17190015,-0.08109894,-0.1755149,0.30252835,-0.5884914,0.51270014,-0.0140726175,0.8165002,0.03400784,0.15549831,-1.7390025,0.7894385,-0.23298071,-0.3945439,0.37654722,0.8867335,-0.11388234,0.52907157,-0.61086154,-0.95073646,-1.8501784,0.78339577,-0.86157876,0.5984547,-0.44886038,0.4712309,0.41339806,0.1575506,-0.54380816,-0.23671696,0.021449128,-1.1219424,-1.5883498,0.7859391,-0.3688885,-0.18838152,-2.845771,0.6911207,-0.020957757,1.17678,1.9606724,-0.3748012,-0.4272269,-1.227663,-0.19258177,0.83133125,-0.31929514,1.0962086,-1.5462382,-0.20389904,1.1520728,-0.18619682,-1.1065836,0.39966363,-1.1847143,-0.13032676,-0.0751397,2.6628842,0.23060194,1.154891,-1.7789165,-0.43099236,2.1384919,-1.2092432,0.39432862,0.8062331,-0.51918775,1.366016,-0.60370797,-1.1034244,-0.1396428,-0.24992745,0.32103142,0.21911022,0.7515202,-0.048216827,-0.16095003,-0.067141935,-0.8708057,0.6465954,0.12587926,1.5606314,-1.509208,-1.8691518,-0.28528032,-0.87860185,1.052716,0.5231721,1.3060489,-1.0396903,-0.0030748572,-0.26950216,0.13739756,0.29734057,0.39406753,-0.44956875,-0.008246731,1.6510049,0.26480642,-0.6280923,-2.2855084,-2.212374,-0.46142423,1.716405,0.23772174,1.1859044,-0.010450937,0.79583603,2.0847073,0.32993954,1.3356118,-0.04835281,-0.25831372,0.98886335,-0.8413473,0.20067483,-0.17444234,0.7807404,1.9508163,-0.16038555,-0.91858625,-1.3048174,-0.46617636,0.30364624,-0.19938907,-1.0080943,0.57248837,-1.708827,1.0923545,-0.35485002,-0.6764931,1.3252189,0.2867674,-1.8572228,0.17943326,-2.1397839,1.1856445,1.3307357,0.78173923,-1.0291797,-0.65905917,2.379264,-1.1613837,1.6820438,1.5834504,-0.24336049,0.2649343,1.1326524,-1.1758004,-0.5805677,0.9793852,-0.5749285,2.3088927,0.19412877,-0.8302119,0.07224016,1.5697439,-0.3066282,-0.39331308,1.1642048,0.27885202,1.696216,-0.5363694,-0.3645605,1.5138327,1.4154288,0.58072424,1.4158854
http://www.benchmark.org/family#F10M173,1.1722581,0.6081756,0.6123288,-0.93366605,-1.3073403,-0.2822271,0.49626908,-0.41349742,-0.08765156,1.1243514,-0.046841748,-0.14918491,-0.29744697,-0.11891254,0.8926021,1.0867232,-0.5157945,0.22904238,0.898221,0.27689007,-0.10521099,-0.41320494,-0.2865043,0.772975,1.0321686,-0.38810512,0.3962084,-0.33855242,1.0719798,0.42724484,1.0089597,0.34486464,-0.20346695,-0.9033584,0.481244,0.2549858,0.20673132,-0.2734118,1.0669417,0.6547832,-0.4284337,-0.9570849,-0.20660274,-0.80402344,-0.052841276,0.31742576,-0.2924984,0.71084255,0.24250448,-0.5859311,0.58505154,0.29193527,0.63260037,-0.6339333,-0.33036253,-0.051234312,-0.13439071,-0.025921686,-0.59230566,0.2033568,-1.6623733,-0.24039324,-1.8627312,-0.40407225,1.4869099,0.019071698,-0.26826468,0.007776862,0.22337659,0.65347475,1.023712,-0.08361867,0.16538373,-0.0019671442,0.44485992,0.71497685,-2.1645982,-2.1508791,0.044687722,-0.107896626,-0.116422296,-0.17652534,-1.8153658,0.18190838,0.748862,0.08168268,0.53320396,-0.5534939,-0.020942817,0.42664737,-0.25506163,-0.11923025,-0.49410248,0.46700123,-0.13982803,1.260947,0.24149968,0.03497266,0.9483228,0.41774854,0.05255238,-0.18011437,-1.1987581,0.35940737,0.5640243,-0.025936838,-0.7353675,-0.4577014,-0.05815179,-0.017017009,0.17363052,1.2684208,-1.3092246,1.0774819,0.08780321,-0.37961653,-0.32917172,-0.84568596,0.1532033,-0.5942818,-0.6658429,0.21498704,-0.15481514,0.025108311,0.33156163,0.03487563,-0.5572693,-0.90728205,0.71998155,-1.0361757,-0.6126405,0.24420899,1.3460481,0.45077673,-2.2831554,0.8964731,-0.61598283,0.09004727,-0.49906892,-0.59684646,1.2595713,0.36693004,0.7913522,-0.2503193,1.4650038,0.09289473,0.07937669,-0.99522233,0.9735125,0.21552488,-1.1977841,-1.2056526,1.6469468,0.2489642,-0.018044876,0.87247425,-1.0793004,1.3544031,-1.1622579,0.29435053,0.95022666,0.89799404,-0.05563722,-1.1500194,-0.55018985,0.9435033,-1.6842325,-0.46135813,1.4252505,0.2933617,-0.49051866,0.36817345,0.819961,-0.49945626,-0.1390321,-0.023450244,-0.42776465,-1.4926602,0.11394271,-0.9206202,-2.2818274,-0.9491824,1.2830837,0.19445147,-0.6185025,0.025434148,0.15573294,0.07035435,0.13789082,-3.0923955,1.4562413,0.37207124,0.012396284,1.3163635,0.53348273,-0.98737633,-0.3501311,-0.07713965,-0.05135399,0.53999406,-0.3262352,1.2283032,0.05571904,0.5028999,1.0773631,0.35327202,-0.5777269,-0.6149279,0.2676377,1.2247194,-0.1403108,1.0566825,0.27414036,0.61670536,-0.29925478,0.2287646,-1.1187042,1.1248922,-0.81423116,0.41118798,-0.30594328,0.28470114,-0.29139248,1.1218414,0.05367047,-2.1373887,-0.54391825,0.60714287,-0.89161,1.3381251,0.268848,1.7211721,0.2669062,0.53024036,0.6203416,-1.1358404,-0.7618542,0.7014982,-0.23191877,0.42140284,-0.6790528,-1.4275901,-0.08347048,-0.33865964,-0.49157873,-1.6263555,0.08641877,0.5664693,2.6451542,1.264779,-1.9379208,-0.4659652,0.9801858,1.737885,0.15057398,1.0666655
http://www.benchmark.org/family#F10F200,-1.1685265,0.18746029,0.36835092,-0.14346512,0.03651747,0.84458715,0.22581051,0.42434046,-0.47151425,0.1022347,0.32998472,0.76758784,-0.8924925,0.57563025,-1.1254767,-0.666061,0.8183513,0.28130782,1.2180899,0.41719767,-0.79949516,1.0000247,-0.29190847,0.8660889,0.32387918,0.30910507,-0.20572428,-1.7105674,0.31038353,0.38646534,0.8701737,-0.47897166,-0.1531104,-0.6990479,-1.1742556,-0.59299237,0.562015,-0.510137,0.76454294,-0.47016537,-0.49643278,-1.0736568,-0.3857819,-0.12727377,0.98424715,0.97950095,-0.12119692,0.5036223,0.15707569,0.53862023,-0.102201335,0.05717954,0.28429383,-0.033824794,0.43466076,-0.36819923,0.1176319,-0.8046067,-0.08931347,0.71531224,1.0808449,-0.13118473,-0.944202,0.0013660288,-0.5764033,-0.42186224,-1.2325509,0.52043796,-0.71595055,0.3916735,1.9073629,0.22275357,0.6151227,0.4798442,0.008492826,0.053919803,0.4061491,1.0966814,-0.5141407,-0.93585306,0.6661863,-0.14970827,0.22112508,-0.03695922,-0.46518984,0.1544534,0.77568924,-0.33721662,0.32741216,1.3293505,-0.83839864,-1.981595,0.7179209,1.0344301,0.1075666,-0.14022462,0.05606681,0.28582278,0.5551497,0.64786017,0.45453784,-1.0929314,-0.36006486,1.2289627,0.23257515,-0.057756286,-0.6239048,-0.2546627,0.13093357,0.7187188,-0.070897564,0.7208199,0.6280635,-0.32749125,0.19852075,0.21399568,0.121865384,0.9322847,0.11367229,-0.78013563,-1.39796,1.3063787,0.8103348,-1.1208254,0.5834313,-0.044451986,0.022479057,-1.3635702,1.0676452,0.931256,0.10265486,-2.0452604,0.7598388,0.64071995,-1.0505638,-1.6252185,0.084891476,-0.7628013,1.8308201,-0.15350918,0.98775005,1.1951311,1.1310415,-0.10269873,1.2481734,-0.53015953,-0.014330618,0.16017558,0.22477144,0.5738954,-0.29137745,0.37986106,0.6677711,-0.36846718,1.2062255,1.9864935,0.05138355,2.4188738,-0.91310644,-0.064117305,-0.48505118,1.0698559,-0.48044416,0.77569,0.8169364,0.92294616,0.4129807,-0.2262219,-1.2931883,-1.0141016,-0.49400026,-0.5649904,0.3830669,-1.6830024,-0.67846316,-0.65262127,-0.16749255,-0.41037145,-0.4711892,-0.461305,-0.6595267,-0.46208313,-0.17648332,-1.3562562,-0.16032353,-0.6170565,1.2482162,-1.4158652,-1.4943082,-0.6709353,0.9399162,0.8347592,-2.2900596,0.29424083,-0.5387465,-0.24186045,1.3924283,0.0333832,0.6066378,-0.4065595,0.997542,1.0443121,-0.78494036,-0.25291497,-1.2159866,1.4397755,-0.09644763,-0.76152784,-0.58596677,0.7961039,2.1870549,-0.38742888,0.5164892,-1.9127345,0.4910076,-0.7979173,-1.8225886,-0.6643018,0.026097026,-0.49906123,1.1014302,0.18366678,0.85020137,0.25932094,-1.157613,0.89138085,-1.207155,-1.558883,-0.932759,0.43231803,0.74266684,-1.0379196,-1.1163348,0.6749108,-0.32211304,1.016478,-0.8485172,-1.6164464,0.029642975,-0.32750043,0.16594355,-0.020965794,0.9366433,1.4440314,0.17827131,0.0718149,0.21447931,1.5176904,-0.42030695,1.3784677,-0.41721964,0.45199218,-0.46998578,1.9047431,1.1349694,-0.62225544
http://www.benchmark.org/family#F9M151,0.23498233,-0.08364541,0.24509674,-0.042532455,0.057873253,-0.62440395,-0.55777586,-0.28091434,0.07822069,-0.72677165,0.31070375,0.4726599,1.5975373,0.8037477,0.11006987,0.251614,0.2325798,-0.14308093,-0.72151816,-0.80336314,0.92403233,0.6749208,-0.39668715,1.519836,0.36633894,0.6827883,-0.13913512,-0.99907357,1.4005847,-0.1783893,-0.12794082,0.29533052,-0.42047796,0.16160193,-0.05085118,-0.16935568,1.3686047,-0.32040203,1.0617973,-0.8895512,0.23404774,0.10945748,-0.3301225,1.2591637,0.86707944,0.4021818,-0.53162336,0.3964217,-0.12953596,0.905553,0.3998169,-0.6476889,-0.53740907,0.16327061,-1.5838608,0.22672278,0.4430222,-0.2674003,-0.32082167,0.4632714,-2.0831268,0.77129996,-1.344263,0.070497245,0.79787797,0.8547932,-0.1806247,-1.3346267,-0.30750164,-0.08141646,0.69822484,-0.3877181,0.027498119,-1.1474003,0.5327024,-0.046437282,0.20544876,0.5166124,0.32775557,-0.036649115,-0.13684857,-0.86441225,-1.1541102,-0.6080595,0.60565245,0.86253476,-0.04362338,0.2307083,0.81488025,-0.64428604,-0.9414617,-0.5936091,-0.6912845,-0.24939682,0.2655186,0.8653358,-0.7949728,-0.588446,-0.10572378,0.41323873,0.12134275,0.026864037,-1.0167284,-0.33888108,-0.4075147,-0.24456699,0.7743195,-0.8385052,-0.11009472,-0.20671968,0.95944744,0.4591757,0.14833887,-0.42420253,0.16263439,-0.12974998,-1.2345614,1.2429055,-0.38931164,-1.3689437,-0.4725976,2.1606052,-0.029628742,0.9145412,-0.21845101,0.02152095,0.34105864,-0.0535853,1.0172052,0.5810043,-0.73318166,0.469882,1.724103,-0.14064278,-0.8518636,-0.5242946,1.321474,-0.32182968,-0.010993405,0.08395646,0.24582835,1.533883,2.2737966,1.2322862,0.34453407,1.2591238,0.9238964,-0.72062236,1.1665528,0.8849011,0.95962626,-1.6190346,1.7410879,-0.061302785,-0.6849066,-0.6355966,0.10343518,0.53677905,-0.63534296,0.82539344,0.09448729,0.5684673,0.22333328,1.5044029,2.2454658,1.0910045,-0.61073333,-0.43364474,-0.2855575,0.4705354,-1.2815992,-0.9240278,-0.4470572,-0.38459098,-0.16536929,-1.5319458,1.8028395,1.913378,0.35127527,1.5188947,-0.8274972,-0.062017564,-0.6221026,1.0950679,-0.3882293,1.4542692,-1.3414415,-1.0788652,-2.892522,0.22272174,1.0012171,-0.037453976,0.8138715,1.023881,-1.2712848,0.67756206,0.17280282,-0.43972895,-0.70748794,1.0660763,0.2880322,0.60000366,-0.2808925,-0.10238781,-0.84242505,1.4263983,-0.08096565,0.056077108,0.48690996,0.4389159,1.3770374,1.0307034,0.17182624,1.6077825,0.39477047,0.12996964,0.59778094,1.5455995,0.24823827,0.074772865,0.46329144,-0.14134434,-0.5069876,0.12191832,-0.9259728,-0.11635975,1.4399046,-2.8007271,-0.79614043,2.3853774,1.5468223,1.827155,0.013336945,1.2212647,0.37867486,0.70903033,0.59118277,-0.81583196,-0.45479223,1.4131262,1.5790582,0.9491752,-0.75051695,-0.2318461,0.022058267,1.4528021,0.33252493,-0.06550076,1.0839602,1.5848886,-0.53977597,0.13853659,0.42748678,-0.28109506,2.095496,0.59627616
http://www.benchmark.org/family#F6F74,0.20701113,-0.3431081,-0.28411946,0.17612523,-0.6132959,-0.9118313,0.15896092,-1.4135575,0.27947626,0.5121876,-0.19871724,-0.6484357,1.7118146,-0.07796667,-0.5463026,0.18031412,0.08665863,0.14529899,-0.10527307,0.27172616,0.43622485,0.006502264,0.10178189,-1.3411223,1.0177106,-0.3133591,-0.1951746,-0.8039485,-0.38071036,0.3271147,0.20426005,0.16624284,-0.56247973,-0.5853783,-1.1812478,-0.86655223,-0.7602031,-0.22392367,0.25921038,0.12896748,0.35989824,0.09515912,-0.6868686,-1.2235553,-1.3636888,-0.3979713,-0.6051763,1.1530746,-0.5430991,0.011045168,0.47991326,0.082346424,0.17736135,0.012352228,0.91369146,-0.8752523,1.6713603,-0.037348054,-0.5310153,0.7603605,0.17558052,1.2035543,-1.3534844,-0.12968582,0.37100628,-0.53240937,1.5051649,0.06561724,-0.10762664,0.58831024,0.5087497,-1.162692,0.137552,-2.401707,-0.31287965,-0.11152796,0.17995544,0.07887929,0.46185988,-0.39704832,-0.5093018,0.7577695,-0.50648147,-0.6016943,-0.03326551,-0.12822352,-0.21968684,1.3725237,-0.4666624,0.5046012,-0.5995178,0.64104515,0.19707236,-0.053321958,0.49718526,-0.8702735,-0.012953896,-0.5845514,-0.47604147,0.4966625,-0.35818267,0.28383756,0.961978,0.83582455,-0.49065083,1.268803,-0.34585026,-0.1186882,-0.09395778,-0.38414145,-0.57764137,0.27047715,-1.9570767,-0.10750514,-0.47769913,0.1130514,1.2326827,-0.54847074,0.1011874,0.51649135,-1.7720323,1.0015199,-0.117018916,-1.3736811,-0.5790998,0.96816444,-0.40118158,-0.04065154,-0.5505784,1.1687266,-2.140601,-1.5523446,0.43783575,1.2209178,-0.2551682,1.0338664,0.70877427,0.9573309,-0.03046812,-0.5450016,0.80309945,0.5937252,1.3330007,0.43484193,-0.5356532,0.7573535,0.8536539,-0.32498607,0.51845527,0.6939245,0.1226817,0.14103982,2.4078596,-0.53890634,-0.07962151,1.1012012,0.17000216,0.91343695,-0.25882015,1.8712159,-0.14315267,0.32226837,-0.73996496,-0.19293253,0.3483758,-0.5871399,-1.6850933,0.7814864,-0.6842228,0.33872437,0.06961563,-0.061130848,-0.61919117,0.36883083,0.19759853,0.23149458,2.7042897,2.5803962,0.85043824,-0.21314949,0.8773646,-0.36798784,0.52628356,0.4182371,-0.32949248,0.57258904,-1.6301138,-0.04645992,-1.4702461,-1.2695961,1.6003295,-0.6538662,0.047842126,-0.14723891,0.35337502,-1.6785362,1.1665381,-0.051213093,0.4045888,0.32333794,-0.031124422,0.30039677,0.0007317999,-0.6483723,1.1784253,0.43349612,-0.077920094,0.61671984,-0.9046833,-0.40387246,1.5486636,-0.6201895,0.27256703,0.39286542,-1.2633941,0.2721226,2.0893936,0.5869175,-1.5734338,0.37394643,0.68261164,1.2794317,0.50550234,0.030373901,-0.8664265,1.1277082,-0.29731166,-2.9626572,-0.68215096,0.4063085,-1.744947,0.23656558,-0.24055816,2.4500444,-0.29397324,-2.332286,-1.7582651,0.5832263,0.09309303,0.046858348,1.3559211,0.23449928,1.0959017,-0.2580439,1.2822566,0.48830646,-0.17562209,1.3452884,1.0192448,-0.17651409,0.9201551,-0.22218989,-1.4164095,0.22342624,1.0600592,-0.14794758
http://www.benchmark.org/family#F10M196,0.1197303,-0.4794754,-0.86945957,0.6677107,-0.44625992,0.47876316,0.69281316,-0.3988267,-0.38130373,0.31818974,0.16685136,0.1336073,-0.2347129,0.0493275,0.043928765,-0.47971985,-0.50895983,0.23926967,0.5832437,-0.8937179,-1.2448393,-0.70542943,-0.32966962,-0.057345256,0.7813244,0.9021374,-0.9704436,-0.9482282,0.43936566,0.40459487,1.2960999,-0.20439711,-0.5763262,-0.33492723,-0.021265678,-0.22098385,-0.6033568,-0.20156963,0.35399944,-0.59564173,-0.5723083,-0.5913639,-0.6406701,-0.0028771108,-0.5254463,-0.8300307,-0.32996804,1.4600174,-0.037290305,-0.99877334,1.6727734,-0.3521812,0.5358447,-0.2491728,-0.013915112,0.054761466,0.041832525,-0.3707216,-0.24472646,-0.25712928,0.07358522,-0.745244,-0.65881246,-0.970042,0.47254345,-0.81289965,-0.2654948,0.40543684,0.3093875,1.0264288,-0.28801844,0.2715978,0.6032486,0.06342533,-0.58188856,-0.22882539,0.5231102,0.6845757,-1.4688171,1.9456272,1.2349398,0.25014052,-0.28606027,0.18074904,-0.15334831,0.03501184,-0.7847368,-0.499176,2.8308315,0.21841608,-1.1865311,-0.32246017,0.20160319,0.16515996,-0.5125051,-0.22149403,-0.50637794,0.27758008,-0.45654228,-0.36140832,0.35571027,-0.97716457,-0.30432576,0.39612502,1.0015469,0.504324,-1.041841,0.13766217,-0.19799781,-0.18592906,0.460183,0.59872854,-0.72727424,-0.21208687,0.8963175,-0.32437804,-1.4999623,1.5562708,-0.34894794,0.03527679,-1.5978501,0.47168624,-0.8896001,-0.18245076,-0.3509343,-0.5510344,-0.15534306,-0.008926218,1.7409052,-0.53053117,-2.4270675,-0.7178944,0.87737316,0.0025715968,-0.7060272,1.919066,-0.36806175,-0.60358554,-0.40266353,-0.5158216,0.47588694,-0.18910569,-0.27687034,0.47218677,1.9554765,-0.32714695,1.4135767,-0.4431709,1.9109193,-0.69948703,-1.0400046,-1.2787354,2.2892036,0.2291131,0.6416895,1.0234003,-1.3767011,-0.1696247,0.29838008,-0.2744843,1.7265546,0.5213389,-0.13622294,0.3838706,-0.31030157,1.042884,-0.66233784,-0.14169167,-0.7661762,0.9508457,-0.5870395,-1.8059058,1.3026152,-0.012820607,0.1961885,-0.13923873,-0.668484,-0.74400353,-0.19126652,-1.0589683,0.08793745,0.5765918,0.24004361,-0.009296606,-1.3065987,-0.5733281,0.8177556,-1.1649232,-0.7997928,1.0085467,0.12837508,-0.02469596,-0.4787677,-1.0510756,0.5676085,-0.8649791,1.0652913,-0.2689049,-0.3673865,0.6076559,1.2332847,0.6102624,-1.1517923,0.526944,-0.50890934,1.6203598,-1.9900175,1.2984369,-1.5320624,0.49535817,1.2593962,1.573175,1.0926489,-0.89139456,-0.17166479,-0.69358385,0.06343755,1.6814075,-0.5725424,0.18329272,-1.2598151,-1.8657601,-0.77887505,-2.2172003,0.16544032,0.976315,-0.39554772,-1.5111886,-1.0072134,0.08335047,0.10772398,2.5779228,0.06925562,1.1009324,-0.62006474,0.34867176,-0.37035394,-0.28949454,0.1112603,0.97622734,-0.3411651,-0.04978617,-0.16348106,1.184283,-0.8354742,-0.7161882,-0.69902873,1.726507,0.5882422,3.260841,0.489888,0.93386036,-0.7635415,-1.5708929,-0.4956293,1.1494128
http://www.benchmark.org/family#F4F58,-1.4536246,0.07580256,0.3659316,-1.8074917,-0.18689926,-1.1423845,-0.23642483,0.953062,0.11507477,0.5389767,-0.23471415,-1.281946,0.6272073,0.8111283,-0.8098767,-1.5495654,-0.42511633,-0.26255468,0.8351991,-0.66247874,0.38255218,0.30090475,0.4026709,-1.2892218,1.206264,-0.42410722,-1.3379248,-2.0848446,-0.4165177,-0.042045154,-1.0098468,0.8265189,0.06695384,-0.076918595,-0.051815253,1.7749962,-0.2299878,0.003084696,0.29484636,-0.9638858,-0.59929264,-0.60034716,-0.89153093,-0.032467317,-0.2782392,0.8105598,-0.08906956,-0.25144365,-0.123193406,-0.81631863,-0.48844603,-0.24022456,-0.034829482,-0.4171097,1.2204707,0.84459805,0.22494511,0.003426869,-0.01409921,0.28571048,0.04834761,-0.0771939,-0.17157213,-0.32821086,0.36339062,0.031796888,-0.37314713,0.0754572,1.2828465,0.35072404,0.66207343,-0.11168844,0.03769117,0.38641647,0.63277906,-0.8461323,-0.5695372,-0.30649936,0.38370997,-0.042534973,0.27277464,0.22395909,-0.70870435,0.21352182,1.8711644,-0.58695716,-0.81857795,-0.9212651,-0.99453366,-0.21581785,-0.214712,-0.7289452,-0.25605497,-0.4815925,-0.08872723,0.7012786,-2.1443493,-0.26329762,-0.24091801,-0.67821705,0.023127487,-1.2102836,-0.7847241,0.16306679,0.10770788,0.3278545,0.17223929,1.3467679,0.38892853,-0.8161136,0.5912715,1.6617777,-0.914506,0.00044764584,0.86160254,0.21082322,-2.120426,-0.52946734,0.017957877,-0.42968106,-1.5185733,0.001033475,0.4184478,-0.26370746,-0.94114166,0.41317102,2.4734247,0.68037665,-0.13503203,1.1414223,-0.49383888,-0.4666868,0.6963814,1.2921089,1.0605483,-0.5734145,-1.0567874,-0.9229491,-0.035034306,-0.9203354,1.5633415,-1.1101991,-0.47782454,-1.122719,0.7588444,0.4612637,0.19286908,0.4838803,0.37965527,-0.56457955,0.7344258,-1.8511223,-0.20800224,0.31032857,-1.3146013,1.8609344,-0.27536303,1.4298567,0.95120794,0.933724,0.34702465,1.2958866,-0.12964791,-0.12968658,-0.087359935,0.5533515,-0.44141978,1.2481091,-0.99636066,-0.4922001,-1.5764102,1.7454727,-0.6863233,-0.5352846,-1.2178291,-0.32116258,-0.5193223,0.85445267,1.5373781,-0.39436653,1.4870956,-0.3810295,-0.2662946,-1.4969013,0.11365788,-0.14816046,0.14029998,0.13873495,-0.7154406,-1.160445,0.14429662,1.2173269,0.52359456,1.34769,-0.9314519,-0.8205944,0.042403746,0.1087347,-0.6724135,0.7895423,0.82621384,0.6435834,-1.5753521,0.10533133,1.83642,1.5091262,0.17810492,0.8614655,-0.916546,0.9998253,1.3567253,-1.6325779,-0.120182805,0.8005574,-1.2177411,0.59735274,-0.56948304,-0.80592614,-0.7270153,-0.36516792,-0.80784494,0.6565515,-0.7090288,0.41145253,0.09870131,0.77431643,-0.46966484,-2.8116574,-0.25207278,0.051407214,0.6250937,-1.0964875,1.1309534,0.8566166,-0.21220799,-1.0101912,0.98041534,-0.038215704,-0.34223115,1.0336238,0.9004777,1.5788189,0.0095572425,-0.19215894,1.7472382,0.35476792,0.9520932,3.7482965,0.70118684,1.4688777,-0.30598265,-1.1907499,0.86714715,-0.9681404,1.1921712,-0.0015062541
http://www.benchmark.org/family#F1M1,-0.5088815,-0.2676947,-0.49128214,0.817142,-0.37060228,-0.7494396,0.15672374,0.3501916,0.91835546,0.7835141,0.51447886,0.44212696,-0.3028539,-0.76822937,0.6387047,1.5404466,-0.20447984,0.51449525,0.3408089,-0.076058686,-1.2456502,-0.20840767,0.17024933,1.0936977,-1.0985044,-0.23843503,0.8212708,-0.30146167,0.53935605,1.6488322,-0.72798336,1.8918667,-1.2965454,0.512555,0.36920318,0.2530159,0.43007445,0.5874169,1.4024584,-0.36943826,0.10180563,-0.97460353,0.20317616,1.8366935,-0.23821329,-0.9275047,-1.2655673,-0.27337286,-0.55476415,-0.4941456,0.5121625,0.31679583,0.69149417,-0.150362,0.056096133,0.069370985,-0.79956865,-0.011111617,0.87318444,0.040608633,-0.60245836,-0.18519866,-1.1788608,-1.2236636,0.040944982,-0.8761519,0.33937806,-0.49457866,-0.65397674,0.6655373,2.1963625,0.16043279,-0.47526327,0.39871582,0.14700828,0.65384597,-0.13724458,0.060821973,0.05520507,0.052717857,-0.09848606,-1.4827977,-0.8970718,0.1473924,0.2285644,0.7938472,-0.45488858,-0.52194434,0.28757566,-0.16158809,1.2102736,-1.1207147,-0.07914961,-0.30153134,-0.58270544,-1.4333748,-0.0266151,0.7451547,-0.19378018,0.5078553,-0.07326373,-1.6433561,0.9892803,0.82956165,0.51036084,0.40552014,0.82702047,0.034108203,-0.78316575,-0.75169605,0.03801754,1.6472557,-0.6080256,-0.55057985,0.45003378,-0.5700801,-0.59417564,1.170114,0.6373454,-0.56622636,-0.6133103,-0.14182365,0.7612198,-0.19757853,-0.3092292,1.1843448,-1.0421655,-0.05333901,0.377552,-0.93082273,-0.8941223,-1.7996935,0.48787418,2.0548081,-0.50254864,-0.19737114,-0.39832836,-0.1547733,-0.6935982,0.44003367,-0.11564783,0.17573257,0.45635572,0.046835274,0.8696213,0.648173,2.054904,0.3139963,1.5564511,0.55870897,0.72356945,-1.8115857,1.4771132,-0.52521986,-0.47559047,0.7285669,-1.3174345,1.0559092,-1.1197883,-1.6382437,0.043190315,1.8652427,0.9741956,0.61122876,1.5662537,-0.3962864,-1.0810279,-0.16995499,1.340016,0.040841766,-0.904299,-1.3950919,2.0275846,0.1605074,-0.69827497,1.4154645,0.3241068,1.3710468,1.1598942,1.3439026,0.12932998,0.112504534,0.5686146,0.71010584,0.6491752,-3.414392,0.91511774,-0.24949989,-1.8837606,-0.9946639,1.0250714,1.7910128,-0.4667643,0.9427145,0.6678136,-1.4087322,1.4903347,0.29473087,-1.1255139,-0.0945104,0.2314393,-0.24102332,-0.5673317,-1.4173466,-2.9806085,1.3036044,0.09259531,-0.15089932,-0.041419987,0.7763502,0.73150414,0.31253684,0.7823532,-1.0732456,-0.28515643,-1.752384,-0.97830266,1.936396,0.53651154,1.3253992,-0.08267714,-0.33286026,0.72139543,-0.15685067,-0.15839082,0.32733858,0.48302534,-0.38159242,-0.36447397,2.223921,1.4191252,-0.035630252,1.461438,-0.110790685,0.04906779,0.15145157,-2.0571644,-1.3702048,-1.7074043,0.043325126,-0.04283537,0.4961793,0.26828364,-0.1682469,0.8198146,-0.772451,-0.54491097,1.6431612,0.91993475,0.9981897,0.5176818,-1.4744115,-1.104481,-0.7473723,-0.42142552,0.18320234
http://www.benchmark.org/family#F7M113,0.6034893,1.1089122,-0.48454726,0.16990253,1.0793622,1.049961,0.17467305,0.6968343,-0.68104666,0.27570683,2.4077322,-0.9744653,-0.7314852,0.63161236,0.14563379,0.057841264,-1.0409299,-0.87578803,-0.27363628,-0.29821882,-1.0206218,-0.21604545,-0.60217285,0.89532346,0.119931914,-0.37859038,0.8337787,-1.0763625,1.618258,-1.7248462,-0.7986569,-0.7067415,0.51251155,0.5209743,-1.2393043,-0.95260525,0.6447274,-0.0998842,1.3787762,-0.59585196,-0.16424234,0.46782187,-0.5219491,0.33069354,-0.49921948,-0.05999294,0.2755482,0.62504536,-0.29780346,-0.61522263,-1.6106052,0.6409915,-1.0250115,-0.3133772,0.2715522,-0.65505815,1.0725722,0.44243205,-0.6051259,-1.0904558,0.718864,-1.8335336,-0.91812956,-0.19164594,0.05970436,-0.41750592,0.17917655,0.766156,-0.2587646,0.5969569,0.7723161,0.28199577,-0.50179094,0.2879474,0.2309493,0.30373302,0.891057,0.74052536,-0.55771655,-0.22370872,-0.43834347,-0.7388171,-0.6383835,-0.1569139,-0.51975906,-0.6675238,0.033410836,0.14094473,0.32905847,-1.4501987,-0.7723212,-0.31047097,-0.21475506,-0.16611794,-0.4178092,1.1295862,0.0006721453,-0.073381715,-0.42518595,-0.24923469,-0.049435824,-1.5388982,0.26635796,-0.43225285,0.6607872,-0.9027978,-0.89195395,-0.33801928,-0.97054434,-0.10381102,-0.10191413,0.8324548,-0.9718438,0.93813145,-1.3932105,0.39481997,-0.30125672,-0.09966523,0.13723412,-0.4892342,-2.1180155,1.1086925,0.7207486,-0.15410925,0.8110078,-0.17614298,-1.4519451,-0.80584323,0.6907359,0.6130036,-0.28255507,-0.9125561,0.50886625,1.0106617,-0.6905,1.8535677,2.4436066,0.22767018,0.98451495,-0.95248216,0.3839566,0.39324263,0.37446517,-0.7726412,0.18465754,-1.5131992,1.0653193,0.46329153,-1.8836226,0.56723136,-0.22960635,1.1674556,1.2613596,-0.22990559,1.287432,0.15674022,-0.491736,-0.85763884,-0.81270355,-1.1549734,0.5435303,0.9444695,-1.8357769,2.183354,-0.5108974,1.68439,-1.2787367,0.27159974,1.5726789,-1.05648,0.32525644,-0.25052902,1.907811,1.279507,-1.1616861,-1.2415158,-1.1531196,0.81164575,0.8523813,0.058070775,-0.32566655,-0.31826743,-0.8820201,-1.3943425,-0.8868096,-0.31267148,-0.6154302,0.6650373,0.6871856,-2.0753782,1.4289805,-0.69175303,2.642415,1.0979468,-1.1682537,0.23729165,-0.43471405,-0.93395674,1.1367304,-1.3416595,-0.4489594,-0.30409226,-2.207991,0.22253723,-0.62644184,-0.07264901,0.05870059,0.40667865,0.85909235,-1.1900355,1.4824376,1.4268526,-0.671811,0.28567162,-0.06286658,0.7987733,0.61787504,0.502323,0.32332158,-0.25522974,-0.9410694,0.069930874,-1.4375238,-1.3040013,0.37512234,-1.1557392,-0.48909998,-0.16676486,-0.15630701,0.69224113,1.098092,2.6429722,-1.4112995,1.4887141,0.41831562,-1.5686328,-0.045990285,0.7235757,0.45307028,0.12222675,-0.53072965,2.5237021,-1.7051787,-0.8748931,-0.19747023,0.11244581,0.5082334,1.9360242,1.6817055,0.9458418,-0.121395454,-1.2455031,-0.6888112,-2.4407294,2.3522472,0.37505403
http://www.benchmark.org/family#F7F126,0.797221,0.26854604,-0.060517605,1.0010992,0.17955548,-0.38198802,0.26321384,-0.30880296,0.28010362,0.24678081,0.32565182,-0.17150359,1.2497951,0.15377158,-0.14808504,0.44734815,-0.6801274,0.0367492,0.60957736,-0.20963122,-0.34748223,0.15941708,-0.60495794,0.3567903,-1.2957605,0.31612507,0.60946405,-1.8520744,-0.09213485,1.2648784,-0.40211576,0.16226843,0.30414417,-1.2991698,-0.016080247,-0.057268564,0.5960807,0.3597629,0.64223355,1.5077773,0.115600385,0.9829797,-1.1146574,0.9775287,0.34938073,-0.7714205,-0.88760656,0.03105125,-0.8462814,0.27855054,-0.19568479,0.06702639,1.0055463,-0.38568118,-0.94603705,-1.3624581,-0.49259788,-0.15219572,-0.43565387,0.099000454,0.38197848,0.051697686,-2.0997362,0.04723958,2.1386466,0.78978425,-0.45586643,0.05709929,-0.76372427,-0.070939936,1.9065629,-1.0194749,0.2842587,0.31550768,0.26263452,0.3204815,-0.031476095,-0.5660657,0.25469786,0.05317256,-0.5599938,0.27844164,-0.16903195,-0.6027359,0.4300182,0.35230398,1.0697056,0.21866605,0.12668908,-1.2862573,0.17230052,1.0359347,0.40353167,0.20207478,0.7628117,0.67323744,-0.75141305,-0.32127467,-0.19482993,-0.4011959,0.53443974,-1.8510839,0.5916342,0.34357664,0.20115085,0.15516882,1.9312594,-0.2507547,0.5738774,-0.7969022,0.5750217,0.20823327,0.14335237,0.24092413,-0.2919088,0.23207419,-0.45093912,-0.03531446,-0.06753485,-0.8868494,-0.04853227,1.1227694,0.29128718,0.45520702,-0.6433675,-0.9052364,0.42673275,-0.30570427,-0.20658034,-0.9547784,-1.6961011,-0.018860837,2.270626,-0.2637171,-1.3844429,-0.28201172,-0.054948844,-0.71461475,-0.4933692,-0.57042444,0.9561349,-1.1628695,-0.6017668,-2.213307,1.5350571,2.0190697,0.57980144,-0.19883262,1.2528974,-1.1885135,-0.9531807,0.47472292,0.20711978,-0.74918777,-1.8492779,0.6941085,-0.58155936,0.64934987,-0.13092335,0.93903685,2.4735131,0.9580209,0.4310139,-1.8763084,0.44553077,1.5861976,-1.0405489,-0.5758955,-2.2013896,-1.2881652,-1.8170404,-0.48323438,-0.32204926,-1.7049487,-1.9704272,-0.4678011,1.2155534,1.5519644,0.5351554,-0.38470492,-0.36111805,-1.2119281,0.0010102497,0.059455603,0.5582272,-1.514096,-0.117502354,-0.5947767,-1.1113636,-0.64148843,1.1059762,0.1586256,1.1202337,1.3372723,-0.69275355,-0.34093848,-0.9288176,-0.2962978,2.2123163,1.1012306,1.9537812,2.4623313,0.06749965,-2.2339604,0.26089382,1.5986619,-0.4273758,-0.42920455,0.3824582,0.5991953,1.9714872,-1.4645187,1.3895407,-0.21709494,0.32217318,-0.3177904,-1.270101,0.3546636,-1.123666,3.1027677,0.1223764,0.44805783,0.10499749,-0.59420305,0.1209184,0.19659701,1.8417726,0.82616466,-3.1271174,2.479691,-0.46416888,0.064752355,-0.23671934,-0.9143173,0.8444538,0.78169745,0.3196138,-0.48479658,-0.8801784,0.91416776,0.6543391,2.019437,1.0700862,0.5504642,-0.6450197,0.7752009,-0.051157966,2.352122,1.4037186,0.1884315,1.0793576,-1.4917561,-1.7784023,-1.2080666,2.796301,0.5097098
http://www.benchmark.org/family#F9F158,-0.15788572,0.2962598,0.21294199,0.67760795,0.19889739,0.28584248,-0.3536808,-0.18129556,0.7916361,-0.49679002,-0.20245428,-0.31008387,0.3825745,-2.1379642,2.3014836,-0.16801153,-1.5127149,-0.21975651,-1.6055295,0.40671718,0.5641729,0.15292971,-0.1622233,1.5325272,1.8647412,-0.9894254,1.0799499,-0.23705953,0.63139826,0.34605783,0.39188904,2.1321008,-0.3986426,-1.4968601,-0.75747657,-0.6796417,-0.53267026,-0.33695632,0.63931566,-0.5400433,0.023481587,0.83604383,-0.22065417,-0.46359685,-0.55383277,0.52381194,0.014878389,0.57219326,0.6117789,-0.5054702,0.46862635,-0.14327912,0.5817224,-0.14142106,0.5049733,-0.6752568,0.5335197,-0.57328254,0.021520134,-0.05985494,-0.3786784,-0.30223572,-2.0450702,1.358171,0.5243028,0.44737107,-0.12545872,0.03417005,1.283805,-0.08709688,-1.1962056,-0.49071395,-0.17255792,-0.6524371,-0.3860204,-0.4934677,0.36881346,1.3407989,-0.14460951,-0.18531959,-2.174594,-1.2768985,0.053283595,-0.48515892,-0.25120336,-0.7990639,0.37938145,0.22464006,-0.9846866,-1.1039398,-0.60043335,1.1006825,0.9061629,-0.29373324,0.30618903,0.8424477,0.10886939,0.49568462,0.6677423,1.7865547,0.1427036,0.47255966,0.81665057,-1.0150214,-0.24066795,0.11714682,-0.15084471,-0.6057252,-0.21626869,-0.5792193,-1.1756305,0.8767866,-0.22038183,-0.24988517,-0.26537386,-0.046397068,-0.30764115,1.1865298,1.0626274,-0.68705845,-0.68777966,0.63581216,0.18655604,-0.19383605,-0.039005455,0.7517259,0.33943295,0.19896854,0.94360894,-2.9727688,-0.93887675,-0.8371482,0.5957989,0.5954546,2.0411155,-1.3089907,-0.16943797,1.764428,0.17201926,-1.0873008,-1.5963596,-0.3169409,0.10584599,1.5269288,1.9033501,0.06876726,0.68752474,0.82708424,0.6880246,0.7077728,1.2749667,-1.3979031,1.3168639,0.06381155,0.81526244,1.7481359,0.14247184,1.727235,-0.7128493,-0.31194356,0.44203338,1.3371596,1.7326779,-0.4345817,-1.4633534,0.3504251,-2.836707,-1.4387022,0.69039327,-1.5338153,-0.9182708,-0.88997257,-1.3650117,-0.15303643,-0.15290847,0.043953326,-0.6140477,1.7819039,0.49995828,-0.44616562,-1.8534718,0.17455722,-1.3622564,-0.0072620325,-0.7861658,0.036646236,-0.2971971,-1.3054796,-0.4893857,-0.17625119,-0.6772148,-0.68077224,0.3617223,0.787272,0.19223616,-1.070191,0.4037382,-0.9229682,1.7280648,-1.4286718,-0.8337425,-0.7650762,-0.26796418,0.6246297,1.708533,1.6920171,0.618391,-0.45293674,-1.4364123,-0.6733486,1.8252604,-0.7885015,0.89580375,-0.8595554,0.353667,1.3419664,0.6001312,1.560129,-0.16326466,0.6046962,0.7011685,1.6267354,-0.87116563,0.5973536,3.0475538,-0.25049704,-1.0532871,-2.0778713,-0.3945907,0.13777761,-0.23264013,1.4454106,0.6795974,1.1950927,0.49014643,0.40812752,0.8988313,-0.6332038,0.10687153,1.2421151,0.63528717,-1.5659374,-1.0125729,0.5030431,-0.11479572,0.36809826,0.34937117,1.6444511,1.2901943,0.08406688,1.6090908,-0.32580376,0.027620928,-0.46428707,0.28368744,1.1468617
http://www.benchmark.org/family#F7M117,0.21975549,0.6031865,1.0124214,0.9509499,1.0920868,0.061775398,-0.45653588,0.54032946,-0.734482,1.6520938,-0.52560246,-0.589869,-0.7218866,0.63122755,0.5470532,-1.8298118,-1.4035358,0.27744484,0.8175944,-0.42093998,-0.7335661,-0.77927464,0.05671333,0.5029355,0.11193311,-0.12178891,1.4156438,0.5769897,0.2944521,-0.26091945,-0.49669263,-1.2043374,-0.21510318,0.14764512,-0.54342484,0.039927702,-0.640302,-1.3958797,0.04933686,-1.1589637,-0.28044677,0.48436272,0.64641994,-0.3741148,1.4187814,-0.35192147,0.8633952,0.5651715,-0.11497719,-0.7515813,-0.33441985,0.6954469,-0.776155,-0.41629472,-0.16590525,-0.43111852,-0.3277846,0.007561216,-0.55946195,-1.8029579,-0.14418444,-0.17309931,-2.2394984,-0.17961273,0.335162,0.63709366,0.22877175,0.05610191,0.42049202,-0.17116685,-1.870163,-0.1720065,0.18642978,-0.21926457,0.38939834,-0.61019564,-0.30283383,1.3446189,-0.0748681,0.3609924,-0.679587,-0.09827244,-0.5381275,0.021854158,-0.6897509,0.08140417,0.3856217,-0.08940732,-1.4030128,0.15279141,-0.8553965,0.1923741,-1.3349031,-1.1493837,1.5732138,-1.4409658,-0.14503112,0.8932834,0.27766567,-0.018868245,-0.39316192,-2.1746364,-0.39718089,0.09757378,0.17761932,0.40418068,0.29107332,0.471011,-0.7793781,0.05686613,-0.63561416,1.4089018,-0.5034217,0.14918932,0.3888742,-0.6945333,1.6268843,-0.038254652,0.6690387,-1.9913955,-0.82337165,-0.47926465,-1.2286276,-0.56377035,0.40252823,0.069352806,0.18116616,0.48483065,0.58094615,-1.4151075,-0.9587943,-0.60802406,-0.7015395,-0.10075367,0.33134955,-0.17608336,1.1789728,-1.3564247,0.06076398,0.45604402,0.5622294,-0.21873945,0.37335187,-0.70173633,0.02512518,-0.11944246,0.83207786,0.7061977,-0.4224492,0.17998736,-0.31518686,-1.4236587,4.6756353,-1.1520933,0.13742138,1.6791029,-0.8508306,-1.5280217,-1.2840648,1.5843463,0.7265743,-0.28525847,-0.56992084,0.10202453,1.0000865,-0.8928212,-2.6059756,-0.11583215,-0.38736558,0.5569613,-0.78997064,-0.055757027,0.5426252,0.33117276,0.34100875,-0.030464126,0.24219865,0.45321736,0.7027766,0.44521025,0.5190164,1.1602322,-0.39235437,0.12277665,-0.80021393,-0.52031803,0.7646147,0.18288843,-0.95337313,-1.7496024,0.26729086,1.4525306,0.59048504,0.20375675,1.8362882,0.45243603,1.0300372,-0.80371803,2.0537314,0.88890976,-1.9099628,1.9879862,-1.145387,1.2607595,-1.7258235,0.8017432,0.53244984,0.7729094,0.824715,-0.008794192,-0.03108807,0.22168018,1.3159431,1.007278,-0.29126853,-1.5496294,-1.4759535,0.87806964,-1.4830043,-0.6576606,-0.99575144,2.7839925,-2.0490322,-1.7996129,0.37096405,0.61524564,0.20147079,-0.40968448,0.5013686,1.7553593,0.31256536,0.0650392,-0.118182674,0.14821379,0.45431116,-0.41720572,-0.0040618936,-1.0957803,-0.4829045,0.29976153,1.2433544,2.3703883,-0.83188176,0.51188004,-0.052155275,-1.3914297,0.50299966,0.31279173,1.4535141,2.9367425,0.044189963,-0.11473583,2.0992525,-0.9237734,-0.81750506,0.27628127
http://www.benchmark.org/family#F5M64,1.3276511,0.28246883,0.55239564,1.3949939,-0.19818765,2.3436096,-0.013972251,0.85815686,0.12509377,-0.6266536,-0.7214956,0.2645783,0.46022233,-0.073558085,-0.32211414,-0.18406504,0.78493714,1.3197552,-0.19372849,0.23846622,-0.25980258,0.8708066,-0.49184486,1.632533,0.978952,1.6230189,0.21457197,0.6922513,-0.19670615,-0.17722814,0.29561034,0.01261378,-1.5062922,-0.3272292,1.2530453,0.27360627,-0.22705919,-0.006842826,1.5204208,-0.07062538,0.0447318,0.5065428,-0.68193316,1.5620344,0.8347148,-0.3752757,0.6247131,-0.17749196,0.2635506,-1.3983743,0.28572023,0.4824947,0.8302074,-0.036053523,-0.42767593,-0.32498068,-0.7404211,0.8478102,0.2470024,-0.5803926,-0.44617134,0.9501226,-1.1183976,-1.8530062,-1.5055379,0.20748591,-0.7653098,-0.18442719,0.6991775,-0.6270347,-0.03714609,-0.70472246,-0.17887415,-0.0010035324,1.0104451,0.31235477,-0.3658309,0.4186995,0.34905756,-0.69589436,-0.88069814,-0.6737921,-0.6675913,-0.11221242,-0.4492233,-0.62768537,-0.116804495,0.51262933,0.3015433,-0.06352907,-1.0301694,0.09758346,-0.3556255,-0.3848406,0.29944643,1.098774,0.907557,1.8070307,1.3723861,0.70045495,-1.2950989,-0.64855427,0.08348573,-1.6558956,-0.54599947,-0.3942586,0.22608349,0.029571267,-0.078943536,0.9400561,-0.04699316,1.2817645,0.6423251,-0.17385471,-0.5490144,1.3233442,-0.8145897,0.8929036,-0.14144497,-1.112254,-1.3296407,0.64634466,0.3615689,0.7054233,1.0952222,0.4224798,0.03717375,-0.18709859,-0.84255606,-1.9646044,-0.5730546,-2.0864198,-0.97844875,0.7986796,-0.37386078,1.6052939,0.9333674,-0.16506876,-1.0099847,0.173035,0.35481703,-0.057304326,-1.0217909,0.54190207,2.0378752,-0.56225437,0.62168145,-0.62909615,0.35172006,1.2707971,1.0807377,0.70071054,1.7630638,-0.3547303,-0.8079204,0.29736277,-1.4504193,0.92982435,-1.5081031,0.39230505,1.2405163,1.9361558,-0.14311945,0.43580896,-0.29271638,1.3652911,-0.50432533,-0.31915063,-2.7612007,0.0018687046,-1.5984662,-1.1671983,0.42987555,0.4389941,-1.6178503,0.84114665,-0.3143189,1.6957183,2.6221144,-0.29014796,1.0627388,1.2127107,-0.50613105,0.12666331,-1.2816676,-1.5710086,1.6115303,-0.11307653,-2.2010746,-2.172597,1.6352172,0.012271717,1.0579243,0.5699554,1.9854617,1.1989942,-0.5337842,-1.3387458,0.2881602,1.0748017,-1.1710454,1.3061904,0.7388543,-1.2292942,-1.063625,1.2171438,1.027603,-1.0382035,1.2481375,-0.041917067,2.03762,-0.15678824,0.0201035,0.08568901,0.15837225,1.0137627,0.6585813,0.3433962,-0.1727774,0.7733351,0.21895957,1.338827,-0.8149182,-2.3303516,-1.0750853,-1.7400235,-1.0188974,-1.2252538,1.1040012,0.56186074,0.58430463,0.0051125768,-0.6957536,1.8586884,-0.36181498,-1.5740542,0.45324603,0.8308008,-0.17674829,0.81586784,0.13285065,0.6689567,0.061134875,-0.50434124,0.9353688,-0.3719544,0.4513002,2.3758986,1.8175641,-0.2476552,-1.062743,-1.0292479,1.3645958,0.5901241,1.3148943,1.4192095
http://www.benchmark.org/family#F10F174,-0.73623514,-0.7546781,0.45719048,1.5453817,-0.2031979,0.3513512,0.34019464,0.056963637,-0.065634936,-1.0391803,-0.33702892,-0.03608421,-0.7329741,0.27252758,-0.1740249,0.2009791,-0.14545865,0.31436497,0.813335,0.04356506,0.065100186,0.68384504,0.18473166,-0.95135355,0.80144066,0.030857677,1.4896643,-1.1226326,1.3369175,-1.3451543,0.16950054,0.56389934,-0.44473383,0.5989243,0.030980045,0.014999661,0.4530056,0.35023293,-0.20740461,-0.19743249,-0.29858464,-0.1425668,-0.26115966,-0.1100131,0.23191532,0.502371,-0.20773108,-0.023980236,0.47458753,-1.226686,1.2427596,0.6330004,0.33928317,-0.33977377,0.6652311,-0.31710902,0.39374137,0.092178896,-0.12023434,-0.4603308,-0.25978392,-0.9000187,0.09402627,0.19543932,-0.10451367,-1.391576,-1.697139,0.5504269,1.0999358,0.20228395,0.67291814,-0.35732332,0.75712264,-0.20608944,0.10461834,-0.7129541,-0.35559514,0.73155135,-0.16225487,0.19299304,0.21883275,-0.5175325,-0.26244938,0.26757115,0.7519787,0.17574891,1.1855664,-0.17234462,0.9017984,0.10004149,-0.9912535,0.9095219,-0.37814158,-0.07265229,-0.77872455,-0.15070975,0.7643786,-0.13686241,-0.15325469,-2.1618717,0.47692734,-0.7991013,-0.58939654,0.64280206,-0.5952629,-0.20550925,-0.27751103,-0.74512213,0.62152207,-0.057852685,-0.0090516405,1.0709789,-0.3469884,-0.39488864,-0.14786348,-0.29517993,-1.9063982,-1.261068,-0.41527387,0.7240673,-1.0142208,0.5590513,-0.0652692,0.015474882,1.2514936,-0.24773802,0.1533761,-0.8225954,-0.061622787,-0.8963923,-0.86316854,-0.23089692,0.14291804,-0.2762495,-1.1545203,0.82811666,0.4448534,-1.3071902,0.49919623,-1.7072976,1.1991659,-1.5334558,-1.2316307,0.18654165,0.80196303,0.016081354,1.1523299,0.75645536,0.72515464,1.1326103,-1.3924373,-1.0030608,0.7668457,1.2073408,-0.078629024,0.33556938,-0.85052663,0.9245273,1.378254,-0.3835263,0.8813196,0.7453204,-1.3839911,0.9687276,0.19073397,-1.0499977,-0.9187818,-0.5265632,1.0013379,-0.44258463,-1.0691987,-2.4378378,0.12368317,-0.07721843,-1.4176548,-0.7204025,0.2027515,0.7302683,-1.0830634,-1.2425095,-0.7738523,0.059996016,-0.31108615,-0.8079142,1.0563809,-1.0826682,1.0453678,0.001227885,-1.4581928,-1.8621621,0.41419682,0.14563435,-0.83669865,-0.721133,1.5167797,-1.5326397,0.53437805,-0.8003045,0.7009921,0.3208461,0.040680796,0.1278331,-1.2675886,-0.21460855,1.272955,1.5488559,0.43034196,-1.1529655,-2.1654143,0.6636979,0.72898895,-0.522325,-1.0411865,0.6741574,-1.0954908,0.07902106,-0.46798155,-0.645595,-1.0778528,1.3366009,-1.4407078,0.6914235,0.64634925,-0.637412,-0.67681146,0.087264344,-0.15421975,-0.9695163,-0.59517604,2.1672413,0.7076738,0.5891732,1.8036544,0.49338448,-2.1867068,-0.10207233,-0.04135157,0.046318647,-0.20250803,1.0497894,2.035214,0.054535538,0.75534457,0.05787741,1.1903534,0.9523311,-0.20685454,1.828526,-0.14430842,1.482203,0.5614372,0.5878002,-0.6106437,1.1889086,0.5224039,-0.31724945
http://www.benchmark.org/family#F3M47,0.2546788,1.0492105,0.5286738,1.2656338,-0.28371385,0.9640139,-0.32925877,-0.41043082,-1.0761884,-1.3463987,-0.3213685,0.49820483,0.097695835,0.20383142,-0.8369237,1.2360516,-0.9675133,0.13844489,0.64703935,-0.4048015,-0.097975865,-1.9934492,-0.4776197,-1.7365153,0.124123506,-0.49829796,0.21586172,-0.6497102,-0.34980315,-0.11663249,0.8685267,-1.1243012,-0.16392192,-0.23185281,-0.24373803,-0.6563322,0.24002078,-1.2659937,1.3858645,0.0059149573,0.18585159,-0.2509497,-0.5631889,-0.0123990625,-0.09984179,-0.18906617,-0.02191775,0.22991373,0.1252267,-0.11272149,0.24923033,-0.044779856,-0.3737447,0.20447671,0.950533,-0.99330336,-0.67309904,-1.1280593,-0.72361904,0.41486666,-0.83204556,-0.61343473,-0.024104998,-1.3087169,0.20298252,-0.42648265,-0.26494968,0.40944758,-0.11697144,0.6704098,1.1605117,0.1793048,-0.12412526,0.13980074,0.22550778,-0.48964632,-0.18077132,1.0756981,-0.2848457,-0.23884921,-0.30033594,-0.5079042,-0.98250556,-0.02093293,0.7652558,0.25724247,0.9444411,0.012896996,0.31642863,0.44452363,-0.29004085,-0.06922157,0.19535363,-0.21720338,0.6204704,-0.7268279,0.12876886,-0.51446307,-0.33104295,-0.27986196,0.4719155,-0.034502745,0.09014991,0.819521,1.8673837,-0.39432818,-1.05067,-0.52097243,0.97009,1.472085,-0.5352231,1.7994857,-0.4278549,-0.11931884,0.256514,0.026611585,-0.8218488,1.0556643,1.1903704,-1.1714602,-1.280002,0.67790204,2.658993,-0.13727671,-0.075426854,0.12485908,0.048917793,-1.9062749,-1.5085292,-0.53443056,-0.3860856,-0.0787074,-0.8850891,-0.80769485,-0.57533455,-0.5094473,0.24874817,-0.39144742,-1.7745732,-0.639776,0.8668541,0.27635846,0.7646978,-1.1114472,0.8734587,1.1493611,1.2031178,-1.0086132,0.009583962,1.580015,-1.7249603,-1.3762754,-0.8882193,-0.5359188,-0.40458578,0.6740461,0.0029417637,0.43858612,-2.5293214,0.8835156,0.4984955,0.8999813,0.16761759,1.3620131,-0.32843828,0.6202839,-0.03180667,-0.104467556,1.5939012,0.7142158,-1.465243,-2.7504904,1.101811,-0.41182405,-1.6055752,0.49424893,-0.0028981103,0.067245185,-0.928853,-0.18686426,0.8613736,-1.1462337,-0.70736605,-0.43167835,-0.3397079,-0.15191263,0.5329897,-2.2505438,-2.455076,-0.22977659,0.079567604,-0.0967644,-0.10962542,-0.2885467,1.1609719,-0.21443984,-0.59371257,-0.044508602,0.99357903,0.7508354,0.7054186,1.7333335,-1.582973,0.5503478,-0.05118115,0.53122544,0.4297764,-1.2326667,0.44059107,0.85350895,2.0493596,0.057811543,-0.1786463,0.2583833,-1.165743,0.5696016,0.024688434,1.2297058,-0.78683555,-1.7267629,-0.14163484,-0.60020846,-0.18570334,0.5509883,-0.08657229,0.7602457,-0.45669985,-2.3276653,0.37636563,1.658071,-0.8056539,1.6942061,-0.48596907,1.524464,-1.2884042,0.37635595,-0.4843952,-1.0368631,0.36577228,0.118115015,1.621281,0.33154556,-0.9047615,0.92866427,2.0001307,0.7058764,0.13493414,-0.34836605,1.6637357,-1.3571724,0.64338243,-1.2245282,-3.127654,-0.72651094,1.5373508,1.4873663
http://www.benchmark.org/family#F2F26,0.20376718,-1.1245675,0.46865687,0.24140836,-1.4788251,0.124727406,1.1962094,-0.28882486,-0.656943,0.066175304,0.22755797,-1.1751021,0.32734483,-0.41737688,0.43758607,1.5410955,-0.3654038,1.3661389,-0.5309392,0.34448144,-0.30523396,-0.3445467,-0.18311083,0.46611205,0.77058107,-0.18145038,1.0715013,-2.3150706,0.3434847,0.9293377,-0.013594523,0.6242993,0.25512463,-1.6571504,-0.03145841,0.87856895,-0.15792432,0.14386223,1.1430957,0.09435567,0.03260272,-1.200297,-0.24315815,0.3447409,0.25064415,-0.71927035,-0.81455374,-0.42120498,-0.37569597,-0.052678708,-1.7296417,-0.11521161,-0.7377951,-0.10798668,-0.2453482,-0.4689055,0.21299286,-0.04037757,0.44189206,0.2021274,0.60391307,-1.1037596,-1.0018071,1.6723887,0.6884392,-0.0031863973,0.24223049,-0.4852665,-0.035456024,-0.6419323,0.89811397,0.045778412,-0.16791297,-0.33633345,0.06206737,0.09516135,-0.5329729,-0.05701729,0.22431241,0.07028288,-0.041483723,-0.60884446,-0.65710694,-0.18155666,-0.69633055,-0.18375912,-1.4859598,0.37392652,-0.22385144,-0.2702539,0.1240115,-0.50018066,0.13932444,0.36239505,0.7268795,0.10817391,-0.36626792,0.74774265,-0.5980021,-0.5480216,-0.076363705,0.015285534,0.33853173,0.7023857,0.5062513,-0.16850634,1.1993978,0.18696772,-0.15649049,-0.0040410957,-0.27879268,0.42143157,-0.6628788,0.9339271,-0.75316334,-0.017071707,-0.7941095,-0.7849954,0.0014123559,0.34317467,-1.6277488,1.3887465,-0.843894,0.10043181,-0.035672896,-0.08122254,0.2552377,-0.014065701,0.1891454,-1.390031,-0.04994699,-0.18089496,0.13179457,1.7188634,-0.7863902,-0.030420396,-1.9379301,1.3648459,0.4030208,-3.0844114,-1.3154391,0.1578406,-0.9951566,1.8526648,0.39158812,1.2290779,1.3316267,-0.9537165,-0.59242386,-0.14956187,0.37484792,-2.2712781,-0.277084,0.71272355,-0.4153644,0.9852423,0.85684,0.47559536,-0.8567319,-0.52663994,2.1469526,1.3388903,1.6570475,0.5907152,0.67610717,-0.6624971,-0.75582945,0.40450296,-1.1373852,0.740216,-2.1805472,-1.274634,-0.1381612,-0.47909543,-1.5282438,0.74452513,0.8214199,1.9075556,-0.5347077,-0.6957254,2.4108655,0.21973689,-0.97916394,0.5838271,-1.2405626,0.33004126,-0.21602365,0.694515,-1.4681151,-2.0478332,1.4286939,0.44220838,2.022365,-0.024104167,-0.5153987,0.26906544,0.8549348,2.5664291,-2.060995,-0.5024048,0.9495348,0.5030863,-0.9248708,-0.66415787,0.97121125,0.25723886,-1.1733726,0.8094282,-0.20759794,0.45866665,1.6176066,0.6361825,1.4557048,-0.26405615,-0.7093613,-0.5942236,1.2960848,-0.3021943,0.17219988,0.74941677,-1.1859542,0.57576734,0.606805,-0.2273531,-0.46267095,-0.92401624,-1.2531822,-0.08357938,-2.3034663,0.46120366,-0.65637594,-1.0646198,-1.7374996,0.521651,0.8051587,-0.14552093,1.67975,-0.65473646,-0.059680473,-1.6277388,1.0656657,1.1763673,0.9190976,0.407085,0.7034947,-0.55269325,-0.6709582,0.033698764,-1.1977321,-0.062397107,-0.37377262,-1.2189218,-0.46183524,0.21191986,1.6879778,-0.3136541
http://www.benchmark.org/family#F6M71,-0.74990916,0.76423734,0.5804341,0.23978807,-0.21694659,-0.5252153,-0.09789057,0.6064941,-0.99467963,0.5871061,-0.13634814,-0.7353274,0.65970534,0.33799902,0.08140855,-0.34048942,-0.7259182,1.5725781,0.43297756,1.5957552,0.5487277,-0.2353513,0.3775561,1.1846145,1.0469524,0.0370212,0.15870108,-1.2031231,0.73969024,0.04624876,0.4280152,-0.00065740367,-0.16710249,-0.90380424,-0.95382595,-0.07636693,0.4392967,-0.55915,0.28335533,-0.56080174,-0.068556875,1.9598707,0.9181255,-0.43087357,0.26850262,0.23081638,-1.1614854,0.38777897,0.12685055,0.16306439,-0.14475043,1.1191193,0.667557,0.22924665,-0.10501665,0.081124716,1.0243732,0.4592506,-0.07959644,-0.99890256,0.70945925,-1.131381,-0.20244972,0.14245375,0.2421981,-1.1866673,-0.27825814,-0.33727068,0.11420336,-0.8340559,0.67289764,0.46463108,-0.3692187,1.2757604,-0.13161041,-0.14770801,-0.3675067,0.9409315,0.5055304,-1.1341076,0.46409923,-0.061190583,-0.8550491,0.37910837,0.63102096,-0.14398888,0.659955,-0.6893372,2.122715,-0.38631782,-1.5733767,-0.3736546,-0.91463417,0.53034806,-0.10343172,-0.72451234,-0.57970494,-0.9774809,1.9289438,0.23655872,0.29314092,0.37271723,-0.5433079,-0.0029739838,0.086115636,-1.2710882,-0.057007693,-1.6305554,-1.9200197,0.44733834,-0.23733088,0.12289449,0.27376103,-0.33254755,-0.35849375,1.2711267,-0.09015974,-1.0951753,-0.6977926,-0.8764618,-2.2352948,-0.51657706,0.7524961,0.044319138,0.5793931,0.29977602,0.23360012,-0.015717747,0.07315182,-1.0017252,-0.31365094,-0.09065651,0.20930324,0.45393974,1.3941114,0.6938024,0.3802217,1.1569415,0.15030736,1.3499695,-0.7487994,-0.8280607,0.7295835,0.58930385,0.1892575,-0.56919295,0.527588,-1.1745343,1.0832925,0.2999605,-1.1746544,-0.5141481,-0.08010317,-1.5348544,0.3493501,0.30636454,-0.08200911,0.41822645,-0.31453288,-0.26704717,1.2146009,1.1921691,0.3434461,-0.46301925,-0.6834185,-0.33592904,-0.89887756,-0.26605302,0.304452,-0.01588409,-0.44976258,-1.5243205,-0.045356818,0.34964243,-1.7647256,-0.3112742,-1.9211841,0.85861915,0.32232946,-2.2988048,-0.8340973,0.46042567,-0.060612805,0.21282393,-0.35999078,1.9034182,0.10483972,-0.0056012366,-3.8379157,-1.0744495,0.015441021,2.1570227,2.5284536,-0.6923852,0.6114202,-1.8776734,-0.50871193,1.0152881,1.003599,0.42803302,2.2914193,1.5222279,-0.7604549,-0.6713085,-0.044479065,1.1058037,-0.538947,-1.3711336,0.23620307,-0.102574885,0.009537086,1.5061553,1.7221608,-0.44385177,0.38519156,0.21106708,1.6997323,1.9797397,-0.35930997,-1.2563586,2.3837552,-0.8995961,0.049320642,0.5808241,-0.41990772,-1.0220437,0.30200937,-1.1478691,-0.1859383,0.8188522,-0.65790635,1.3380924,-0.48099568,1.2962137,-2.097512,0.79832155,-0.31345764,0.13041574,-0.55558455,-0.66091454,1.8421596,0.23228349,-0.8383761,0.803313,0.712358,1.6460432,-0.17310534,0.83354026,1.5563067,-0.35340467,-0.9194769,-0.5022126,0.5311747,0.031730875,1.2794431,-1.172237
http://www.benchmark.org/family#F7F129,-1.6746842,0.10074554,1.0646198,-0.8121053,-0.25975612,0.6699134,-0.86604345,0.5928457,0.44424257,0.10823899,0.026396917,-0.66553724,0.13745984,-0.42466885,0.7981877,0.005731935,-0.696189,0.3832229,1.2621803,-0.16766581,-0.35617438,0.35356197,0.71650344,-1.1678629,0.9603261,-0.7555746,1.3756251,-1.5920724,1.14115,0.33329815,-0.047461655,1.4257976,-0.41855854,1.0491555,1.4141307,-0.03427085,-0.3942118,0.47846723,1.3679785,-0.154591,-0.6732064,-0.0362747,-0.5491425,-0.03389056,-0.5430958,-0.27425376,-0.072471246,0.003018894,-0.19994411,-1.3508872,0.9678936,-1.3514454,-0.64113766,-0.03136625,-0.0317942,-1.1307794,-0.18957351,-1.5425786,-0.16430423,0.51440406,0.5470356,-0.114691146,-0.8253273,-1.3268933,1.0884906,-0.094257005,-0.14690979,-0.23985398,0.77118707,0.5703274,1.5494146,0.25132322,-0.8061,0.053873226,-0.43202895,0.48900735,0.06589992,0.87218195,0.6449388,0.1279133,-0.3635929,0.13652484,-0.32099712,-1.9400727,-0.9105732,-0.06651039,-0.013991531,-0.60535264,1.162171,-0.061203655,-0.16014665,0.97097504,-0.43754783,0.4371712,0.43461773,-0.5927429,0.336703,0.31345552,-0.79143006,0.51036984,-0.07089422,-1.3515408,0.16899016,-0.31751406,0.04833816,-0.40700704,0.10751706,0.096918054,0.6895716,-1.257172,-1.451914,0.48403692,-0.26204044,-0.16649854,-0.34218758,-1.4456854,-2.1919022,-0.9684734,0.019503027,-0.023810133,0.9729097,2.0442076,-0.6192916,-0.3196175,0.4676795,-1.3531411,2.7621522,0.046805426,-0.23316796,-0.69211835,-0.8620036,-0.30292058,1.8385246,1.658851,-1.4944948,1.0150769,-0.750512,-1.8969023,-2.2226353,-1.0846136,1.551326,-2.065367,0.4114377,-1.1576984,2.4133456,-0.16413836,0.9076946,1.5019841,-0.7720227,-0.46904764,-0.83962995,-1.176502,2.1095355,-1.5189208,0.49977976,0.33196688,0.65114766,-0.95091283,-1.2813891,1.1287088,-0.15226835,0.9692489,0.9900593,0.7942797,-0.08421303,-1.9781066,-2.2248058,1.1248145,-0.48782647,-1.7924876,-0.13927269,-2.0430233,-0.8198131,-0.56997234,-1.6882898,-0.26251212,0.8588606,0.26514247,0.3934753,0.84284914,-0.49822745,-0.5271714,1.0724484,0.85921437,-1.0868702,-0.0037269192,-0.047112,-1.3216095,-1.0124682,-1.2095236,1.1534458,1.2724338,0.48448193,-0.33835793,-0.5074716,-1.0795834,-0.5838525,-0.63183415,0.74206257,0.0698499,-0.05059303,1.4853368,-0.4740167,0.73196095,-0.5682398,-0.1520118,1.3057102,-0.8662082,-0.63557637,-1.8149121,2.8012488,-0.75563025,2.6581042,0.643441,0.86767805,-1.2018563,1.1877381,1.3669565,-1.0377822,0.9555314,0.33920076,-0.60789853,-0.102464706,-0.5008455,-1.3905288,-0.9740246,0.44576588,-0.2754069,-0.2926655,1.1226352,0.5940605,1.0030599,-0.555238,0.17447123,-1.5637765,1.4453992,0.21635237,0.20081034,-0.92315364,-0.5770634,1.4498515,1.3775712,0.90087676,0.81501114,2.0273323,-0.700998,0.40401074,-0.69216496,-1.3952506,0.8375177,0.040983006,-2.9404616,-0.25175688,0.1896466,-0.19752222,-0.7233218
http://www.benchmark.org/family#F10F186,0.09436739,-0.5731404,0.6003268,0.35837018,-0.13917953,-0.17017862,0.8434134,-1.0669272,-0.5372639,-0.73654187,1.0529343,-0.4461992,-0.053020723,0.2571182,-0.7897846,0.23801558,-0.015243598,-1.0582062,0.579559,-0.3276332,-0.033172,-0.62288094,1.7256874,0.4372764,1.2791829,0.026559032,-0.040692005,-1.0157696,-0.7533505,-0.79196024,-0.16040267,0.74983865,0.3803472,-1.5276252,0.7989086,0.9934991,0.23730735,0.53764534,1.1682155,0.97590834,-0.23506318,0.25194955,-0.50077504,-0.19522335,-0.43124458,0.25883436,-0.055111993,0.73008317,-1.0193852,-1.3877193,-0.28224096,-0.21126671,0.4208203,-0.0031408244,0.26166654,0.17961928,-0.6619985,-0.8301567,0.16288991,-0.09857911,-0.7530198,-0.8286492,0.977105,-0.05197084,1.2540199,-1.5683959,-1.1135364,-0.13650629,-0.28389958,0.14818422,1.2210014,-0.37731743,0.66299474,0.31811848,0.17554103,-0.154368,0.16740204,0.5357797,-0.070850484,1.1482743,0.12106531,0.35782662,-0.6140658,0.32891932,-0.7396784,-0.5494703,-0.19941738,-1.2703533,-0.29256362,-0.30951372,0.7740739,-0.16284698,-1.2069168,0.54078585,1.1931152,-1.6417091,1.0771357,1.3209832,-0.38248637,-0.8459579,-0.23600574,2.0865138,0.013419243,0.80525285,0.27563408,-0.060665883,1.505557,-0.9858459,-0.030871345,-0.09712768,-0.8732531,0.8516578,0.67547345,-1.0710641,1.7445463,-0.93760973,0.4431165,-0.3921911,0.09810815,0.05006999,-0.9412391,2.6831486,0.043722212,-0.2604795,0.28397572,0.20145784,0.5651664,-0.23466639,0.7153875,0.17329852,1.9169865,-0.5646307,1.9610642,0.75011617,-0.49879873,-1.0446212,-1.0353853,0.57364964,0.52773654,2.1585956,0.748695,-0.12745284,1.0225995,-1.0504502,2.8058188,-0.9894555,0.2897918,0.10132372,-1.5199015,0.71452934,1.0952212,1.1930193,1.59811,1.4889904,-1.0661554,-0.051986877,1.9321431,1.2993517,-0.17860523,1.1350744,0.17718966,-0.67678237,1.7215058,-0.9047585,-1.7610774,0.5409623,-0.42959437,0.07483037,1.2934916,-0.48870268,-0.54727954,0.047301847,-1.6275418,-0.5047878,0.6240208,0.53277147,1.1395001,1.3325562,2.0760753,-1.7039468,-1.5562347,-1.0805453,-0.41434735,-0.5539594,0.017267074,-0.5496935,0.43344054,-0.16132323,-1.935486,-1.4829093,0.7457499,0.32727,-0.7168451,-0.03549208,-0.25584427,-2.6282163,-0.48323733,1.4353869,1.5318165,-0.2322296,-0.035777554,1.5202827,0.13118108,-0.8782165,0.69272894,-0.691286,-1.6235539,0.28131798,-1.3862253,0.16929442,0.81346923,1.0011196,0.42165133,0.9762219,0.45845276,0.03155839,-0.3081144,0.50374323,-1.4947705,-0.19553843,-0.8691882,-2.4787946,1.1881034,-2.6209927,0.02007262,-0.3337657,0.72330767,0.5672161,-0.76751345,0.20322007,-1.0673559,1.1181717,-0.84181446,0.04170249,0.29619506,0.86430305,-1.5290444,-1.3458563,1.4351785,-0.49358273,1.0975848,0.110984035,1.5420958,0.03058937,-0.80071545,-0.5693469,0.5632243,1.1463244,1.6052957,1.3856199,-0.022175523,-2.0249598,1.3157138,1.0308243,1.8113332,-0.38927948
http://www.benchmark.org/family#F5F67,-0.25590616,1.1305828,0.47212133,0.37868637,-0.661664,0.19258264,0.42847684,-0.15572709,0.048766125,0.6717563,1.28394,-0.9540783,-0.75756663,0.031441294,-0.24765229,-0.36576733,0.6829794,0.72414976,0.48060033,-0.15321937,-0.09977668,-0.51760006,0.162418,-0.049690727,0.54831463,0.13679995,-0.18826999,-0.8434986,-0.29902843,0.33404773,-0.092230335,0.041938946,-0.53453773,-0.3432137,-2.0747154,-0.29161948,0.14535394,0.1711907,1.3611081,-0.26606387,0.5897366,-0.051850095,-0.48041925,-1.0174395,1.1950853,1.0660293,0.054369915,-0.62060845,-0.090169705,0.54191196,-0.49211174,-0.06430066,0.27276397,0.97808677,0.2266476,-1.0867721,-0.28102344,0.70001364,-1.1085792,0.87440455,0.2560096,0.33984876,-1.0572251,-0.66577995,-0.48342988,-0.98895204,-0.13561791,-0.8958022,0.8517567,0.059024192,-0.3459505,-0.043057173,-0.047876008,0.34318703,-0.336469,-0.37091118,-0.16390917,-0.10116847,0.18537489,0.17500134,1.8401201,0.69332683,0.3951243,-0.019879162,0.33210343,-1.3534456,0.23415469,-0.25804394,-0.5855457,0.24396248,-1.2011724,-0.690932,-0.14215364,-0.08708796,0.87814045,-1.0128744,0.19562769,-0.19723213,-0.024565851,0.48268977,0.18596487,-0.40737584,-1.3246595,0.6720269,0.14036697,-0.3499371,0.44430068,-0.72700727,-1.6007261,0.0915549,0.065794244,0.75621545,-1.6197468,0.5455848,0.22807421,-0.83117807,-0.2573737,0.12606132,0.00083023676,-0.4393969,-0.006088379,0.729325,0.9872545,0.1723783,0.22837494,-1.2502471,0.60035646,0.03323992,-0.8537955,-0.19258182,-2.2915285,0.16056524,-0.2224534,1.2996392,0.84950167,-0.569948,-0.22956146,-0.5351264,-0.62484026,1.3572152,1.1106408,0.7270445,-0.08812479,-1.338655,1.1430093,1.0396379,-0.29151785,0.83249986,0.28181046,-0.22528239,0.68489075,-1.9323164,0.32759446,-1.4338862,-2.3422477,0.35106358,0.8960404,0.7994981,-1.1853614,1.3677695,0.8671466,2.087055,-0.5941638,2.245003,0.3184982,-0.39375633,-0.3602497,-0.7918854,0.2147562,-0.80940574,-0.70180047,-1.4327359,-0.4979145,0.32749134,-0.092284136,-0.8501651,-0.59748214,0.9511384,0.1651656,0.31040695,0.2618753,-0.6438582,0.81347185,-0.29150882,0.5224284,0.7373485,0.7675671,-1.9640427,-2.099883,-0.5363888,1.0443443,0.5686541,-1.5543334,-0.7400814,-2.0571666,-0.87445974,0.023173258,-0.5198241,1.9166106,-0.45105985,-1.0523286,1.3461188,-0.9575514,0.32178378,-0.405112,0.61887926,0.9060244,0.39583597,-0.34769922,0.60032356,0.7168999,0.31019825,0.103692174,-1.6413656,-1.3523563,0.9671358,-1.2145667,0.15142293,-0.88766724,0.93875515,-0.36744472,-0.18556917,1.2846687,-1.2801389,-0.3559466,-0.5844815,-1.1735386,-1.9207345,-1.0145032,1.4126636,-0.35023743,0.13518664,-0.4977914,1.1252172,0.23911904,1.5132412,0.3026355,1.3596101,-0.8794057,-0.14613903,1.194559,-1.723788,1.4511267,0.1053534,1.2954355,0.58847743,0.89715654,0.25653,0.9317485,1.8528713,0.6012239,-0.5025717,0.78970337,0.4086539,0.6755588,0.3924039
http://www.benchmark.org/family#F2F30,0.4920882,1.6143509,-0.04304507,0.58817786,-1.0480554,-0.32182112,0.08261641,-0.18013564,-1.4961445,0.062940374,1.4472233,0.28353444,0.3406093,-0.49933118,0.34132037,0.7724625,-0.63595104,-0.89515996,0.58011943,0.6084135,0.48055586,0.2489623,-0.8331375,1.247712,1.7599651,-0.70845044,-0.107635535,-0.75782853,0.015256649,0.29996175,0.36968213,0.058151614,0.4449467,-1.3912281,0.4399257,-0.5576238,-1.1777778,0.69678855,1.3138151,0.06409687,-0.3874442,0.33014128,0.6167399,0.22462812,-1.0295184,-0.40449148,0.5046345,-0.04772718,0.84394807,-0.066345945,-0.010109611,-0.5302049,0.4443715,-0.097756565,-0.010071702,-1.2238473,-1.1266973,-0.12573962,-1.1929716,-0.75536764,-0.31311688,-0.18328717,-1.4380141,-0.42253554,0.4463448,-0.3908544,-0.59019667,0.25329944,-0.39408618,2.2116797,1.3183966,0.64067835,1.5682793,0.409637,0.3392382,-0.785589,0.41562778,-1.0900221,0.10718066,0.08696825,-2.4581988,-1.3996834,-0.81238246,-0.42052862,0.42459208,-0.5123011,0.8395657,0.7869962,0.17644054,0.22751433,-0.24685116,0.5200304,-2.0965524,0.16577321,0.08529391,-0.36250395,0.83179724,0.00040499086,0.22429734,-0.32375512,-0.220451,0.060211554,1.4416476,-0.20938747,0.40770605,-1.1343269,-0.7783366,0.48104018,1.3571094,-0.35319856,-1.2553605,1.1995327,-0.51303214,-0.31614354,-0.42770165,-0.26936415,-0.039054196,-0.031969145,0.2859242,-0.09250797,-0.9127322,0.9755382,0.19817898,0.30819938,0.55572045,-0.288758,-0.16884954,-0.5135627,-0.32443744,0.27891922,0.047954872,-0.27530235,0.6758787,-0.16384354,0.16615357,-0.7577526,-0.2336776,-0.08852429,0.5499757,-2.1505866,0.25924432,0.90989536,1.6801189,0.118024416,0.6400224,0.119539715,1.0552069,-0.17544937,2.5041687,-0.08345407,-1.3809054,-0.083150655,0.19356105,0.40967268,-0.4516791,-0.66247654,-0.71240705,0.33022505,-1.2155825,1.3342438,1.3099439,0.051294416,-0.37588775,-0.5896743,-0.81400824,-1.4477412,-1.2636226,-1.8496121,1.5365514,-2.2588737,0.6926969,0.50915504,-0.09811717,-2.3640108,-1.7322509,-0.5461074,-0.48379198,1.9349372,0.98584443,1.3990808,0.35046816,-0.6453517,-0.33394277,0.15208201,0.5601871,1.978139,1.4938208,0.16822018,0.71600044,-0.2633191,0.6182182,-0.60328573,0.47393614,-0.59147775,-0.65942127,-0.52064854,3.02603,0.94882166,2.29122,-0.218552,-0.92890364,1.718207,0.5316025,1.6306943,0.5011088,-1.9893426,-2.1196353,-0.8716726,-0.36021045,1.0406866,0.6790504,0.39297673,0.7524002,0.021874037,-0.5708609,-0.04688099,-1.228674,-1.1810893,-1.1001309,1.1208818,2.3679135,-1.5128152,0.65237916,-1.7225642,-0.8122276,1.8237406,-0.48920983,-1.806549,0.314898,2.0479286,-1.2067493,-0.59478706,-0.023207564,0.37305233,-0.17848697,0.15177849,-0.26480937,0.52881193,-0.29986206,0.3145411,-0.41355273,1.4063499,0.5888418,0.79382944,-0.083256856,0.34379658,1.7784015,0.6064257,-0.4976649,1.0442643,0.6880201,-0.41833106,-1.6117997,-0.016715504,1.1656083,0.8470329
http://www.benchmark.org/family#F6M75,0.19439901,0.15127026,-0.39877763,-0.6732816,-1.713027,0.26555294,0.28545967,0.13107373,0.39130867,0.16793244,0.65461826,-0.12105722,1.9029158,-1.197783,0.60446745,0.8100513,-0.27180374,0.30065203,0.009824778,-0.34507808,-0.57913446,0.44517902,0.37295982,0.51984966,0.15089008,0.35161006,1.0984358,-0.53212065,0.05632884,-0.259189,-0.01865231,0.5123677,0.41632906,-0.2164459,-0.40807447,-2.0511794,1.1213957,0.25584537,0.70706683,0.13706848,-0.1424846,-0.60907435,-0.7337529,1.6996849,1.880955,-0.6012068,1.8832654,0.6181233,-0.3207545,-0.46049505,0.30960137,0.6866365,-1.045888,0.14616567,-0.17812891,-0.7840429,0.25922036,-0.17028528,-1.0248752,0.38142863,0.8337799,-0.6476445,-1.5083427,-0.7699776,-1.0175434,-0.6456714,-0.40517023,-0.08362627,0.70937675,0.30643076,0.19260927,-0.45767987,-1.4302422,-0.49134445,0.7689969,0.18420522,-0.05011603,0.6202904,-0.86296666,-0.3328781,-0.26512083,-0.1140279,-0.22313698,1.3294739,1.4817655,-0.23049906,-0.13100505,0.32038543,2.0906637,-0.2919109,0.16107997,-0.018460859,-0.43612134,0.6623505,0.14134786,0.22591096,0.6905799,-0.029970473,0.49644193,-0.053206656,-0.26050383,0.24638969,0.16068275,-0.51583487,0.34239948,0.6612514,0.08016843,-0.13085634,0.11549713,0.32450846,-0.35118523,0.32210177,-0.5748241,0.47984058,0.47432008,0.19446492,0.2386012,0.24301662,-0.5233445,-1.5544428,-0.41999963,0.9747284,-0.9427031,-0.081893325,-0.089388795,-0.98094445,-0.49195772,-0.21220098,-0.7611082,-1.553643,-1.3207589,-0.784112,0.3201372,0.87423295,-0.8118361,2.7520823,0.32687598,-0.25581262,-0.64168906,-1.1911886,-0.21221699,0.22782284,1.2845023,2.2213762,2.7178304,-1.2000505,1.8734177,0.3195415,1.9649717,0.53599626,0.010861966,-1.3347187,1.043208,0.6711965,0.19431762,0.69224644,0.7308251,-0.92604214,-1.2825263,2.8083203,1.3753253,0.49065924,0.38138875,0.55745476,1.4825748,0.21556914,-0.49757,-1.0537612,0.22557975,-0.45305195,-0.16267462,-2.083709,0.06368484,1.2215679,-0.75894934,-0.91778135,-1.0115415,0.77482086,0.16770934,0.4505099,0.47385126,0.159401,-1.0036291,0.7752093,0.19338238,-1.5251987,-1.521248,0.4170528,-2.0722988,-2.593367,1.7679446,-0.9131698,-1.2710825,-1.5295366,-0.37878004,0.07348421,0.9083377,0.4584865,0.92090935,0.53565305,0.89092034,1.5196532,0.79497147,-0.16146393,0.91911644,0.40296218,-1.6770971,1.3329113,0.109111495,1.4045014,0.21715215,0.80958796,0.14203227,-0.53925914,0.16051458,0.6310964,-0.24831824,0.21553133,-2.09221,-0.23635183,1.0617054,0.6319283,-1.2985724,0.5573637,0.42122006,0.55585146,0.03274322,-1.6203823,1.2670039,0.76820505,1.3467621,1.8071072,0.20124649,0.73226285,-0.10297534,-1.0530342,-0.588133,-0.17481102,1.8557847,0.7189189,1.3462182,2.126045,-1.3443834,0.42420015,1.362558,0.23818405,-0.2556259,1.6434513,1.7201444,1.8579034,-0.625273,0.89539325,0.5242449,-1.72383,1.9151208,0.39122686
http://www.benchmark.org/family#F2M29,0.014556042,-1.2994155,0.35093516,0.27947277,-0.13703923,-0.15196306,-0.640958,0.52655476,-0.40038723,1.1730753,-0.22775449,-2.0258744,-0.8754781,-0.070117064,0.21044612,0.48206875,-0.48080438,0.3305608,0.23289578,-0.021772085,-1.046081,-0.046896946,-0.273419,0.69364285,0.6389705,-0.35501212,-0.0074670827,-1.7783307,0.724465,0.68493736,-0.6315894,-0.49038813,-1.9360697,-0.6999947,0.59128636,-0.3928323,1.1095979,-0.5287839,0.5176051,0.5183689,-0.76569265,-0.72837317,-1.1181659,0.19658467,0.8316083,0.18997084,-0.46081498,0.6953744,-0.6756915,-0.94572264,0.35619482,-1.0806903,0.8808332,0.6410374,-0.1552547,-0.48747224,-0.50291395,1.2273167,-0.5710813,0.15403365,1.4100387,2.0504956,0.40597263,-0.065616995,0.0766083,-1.2414236,0.046972126,0.9466942,0.24123855,-1.2324022,1.0845013,1.3180736,0.5328524,0.14745101,-1.3942736,0.28635818,0.35491866,1.4258097,0.06212241,-0.120865196,-0.23563865,1.0874614,-0.34273884,-0.27244288,-0.2623451,0.03707947,-0.36208695,-0.6601628,-0.65617615,-0.18005079,-0.55316263,0.037782513,0.46298704,0.4032694,-0.038168762,0.14718953,-0.21079853,0.1750589,-0.20135996,0.425064,0.08157419,-0.4555997,-0.88416696,0.0067419414,-1.146652,0.22097087,0.7290036,-0.54480386,-0.57186943,-1.3970164,-0.25455576,0.42045924,-0.29390538,-0.28664595,-0.24742444,0.18438561,1.8068497,1.0686066,0.17487597,-0.7496582,-1.3612714,0.88263106,-0.54515743,-0.1132726,-0.41491657,-0.23511185,-0.6595564,-1.0499724,2.341413,0.069181755,-2.3965123,-0.009599055,1.7870684,0.8458922,-0.61545926,0.8088444,-0.23318283,1.1102748,1.0162103,0.5654891,0.30888346,-0.59552866,-0.5169839,0.17114356,1.4899826,0.122605436,1.6456666,-0.66206545,0.15019909,0.6756446,0.006827225,1.0691141,0.73664486,0.9955204,-1.4073704,1.579703,-0.34235978,1.5230395,-0.9319762,-0.56315625,0.25497732,2.5192673,0.33300528,-0.9366043,-1.1121949,0.3998413,-1.4939679,-0.5917484,1.0883424,0.2980894,-1.5386305,-0.7167662,0.44551292,-0.59286267,0.1663031,-0.86508507,0.88836,-0.46271887,0.041888475,1.0343297,-1.3562155,0.005967806,2.1092443,-0.7166451,-1.4064441,-0.5905089,-1.4094069,-1.7285099,-1.2194756,-1.130996,1.7380599,1.6536604,-0.078277126,1.234332,1.1564186,-0.97320575,1.0542057,-0.7598069,-0.6655262,-0.9109966,-0.6238541,-0.9506416,0.15747319,0.15663803,0.015079403,0.057769295,2.1081991,-0.5667555,-1.9174198,-1.4337444,0.92239046,-0.3254003,-0.3440657,-0.43146276,0.6706289,-0.8235794,2.7151747,1.7248739,-0.7264496,-1.9480544,-0.47642437,-0.78327596,0.2253114,-0.8056456,-1.1121469,-0.17937806,1.2200512,-0.32012838,-0.8222708,0.076523736,1.6490753,0.22806057,0.8178348,0.24074265,-0.898634,0.23179701,0.10427591,0.3877868,-0.09652806,0.5005857,-0.41932052,0.17210421,-0.17465371,-0.05644404,0.6555587,0.89832735,0.4848006,0.68815374,1.7368264,0.79266655,1.2135099,0.84661585,-0.74822813,0.44131702,0.98574233,-0.2988778
http://www.benchmark.org/family#F6F72,0.50847167,-0.21586159,2.1703343,0.082808815,0.20760147,0.14949004,-0.36162785,0.90492165,0.32250836,-0.036316115,-0.0010508363,-0.7724808,-0.42190328,1.8528577,-0.71398413,-0.31121367,-0.44576782,0.57112867,0.8899781,0.79440093,-0.33554858,-0.7558271,-0.25469863,-0.8789578,1.9884452,-0.43611482,0.40294772,-0.52338576,-1.4566387,1.1007403,-0.009867931,0.10619749,-0.9003285,-1.139226,0.5860638,-0.21928656,-0.1677036,0.4857153,-0.009296691,0.05968648,0.24617045,0.26419914,-0.7122899,0.20536393,-1.3351094,0.87484425,0.377601,0.6361279,-0.45973703,-0.8621881,-0.66206974,-0.8356731,0.3688965,1.1370832,0.7581712,-0.4198206,-0.8997053,0.81410956,-0.5361389,1.617734,1.184139,-0.43484604,-0.5838183,-0.19329461,-0.6477821,0.41444483,-0.2899278,-0.1475896,0.32091933,-0.7500528,-0.51503825,0.6247319,-2.0046804,-0.10073183,0.29366225,1.3704515,0.69820297,-0.809022,0.13838588,-0.21017629,-0.6388504,0.13117139,-0.8084662,-0.041399565,-0.38807285,-0.48481542,0.00988837,-1.3469287,0.38692203,0.11504086,0.43738228,0.8445735,-0.39584693,-0.38551608,1.5589752,0.553564,-0.14184518,-0.017475907,0.47404245,-0.089114875,-1.2432622,-1.7647667,0.013141746,1.281588,-0.35078472,1.3347129,-0.0101286,0.06672457,1.611355,0.38408333,-1.2937435,0.7521505,-0.9865218,-1.2701998,-0.5736797,0.49800584,-0.027471213,0.02625492,-0.17329738,-1.1816462,-1.5447284,0.49018145,-0.41399342,0.21097727,-1.255243,0.6418955,-0.5077279,0.17960861,1.5850772,1.2806311,-0.8323511,0.13164718,2.695601,-0.92055666,0.11662136,0.45873386,0.40623152,-0.7174334,-0.77901393,-1.7973584,-0.023474906,-0.6741924,-0.9398312,-1.4694192,1.1696786,-1.0914626,0.6721922,-0.78767174,0.10719741,0.91678077,0.61528766,-0.55930483,-0.020974949,-2.6432436,-0.45657566,1.488191,-0.41647372,2.76968,-0.952375,-0.31909874,1.6901147,0.7991296,0.48344272,1.1107022,1.3584582,-0.63469166,-0.65531665,-0.97281176,0.5830706,-1.356711,-1.203421,-0.5918824,-1.3398275,0.029833434,0.52589595,-0.16748399,-0.27810934,1.7963808,-1.1161436,-2.577383,-1.2429712,1.3573668,0.89981055,-1.522512,1.0174428,0.4330763,0.1854457,1.3692937,1.0379285,1.0243527,1.5154785,0.6787689,-0.6277183,-1.2523447,-0.7923953,-1.9097252,0.9463228,-0.62478155,1.8300804,0.8770121,1.1096642,0.015180179,-1.7336035,-0.5444596,-0.43465942,-0.6693862,-0.15793246,0.09907364,-0.74119014,1.2998704,1.6603823,-1.0659207,0.85860044,-0.12786494,0.2163765,0.9645629,1.2597604,-0.51781416,-0.21240707,-0.11640133,0.89032876,0.93612593,-1.0501473,-3.115657,-0.7313048,0.21979974,0.56814003,-1.8699983,-1.5085787,0.12411919,-0.9062961,-0.20943221,-0.37400803,0.0753467,-0.8719633,1.5301179,0.7465831,0.8526708,0.16934524,0.80040824,1.5798416,-0.3100984,-1.5429573,-0.6380002,-0.8456036,0.26571843,0.9027847,0.3671327,1.6480386,1.020068,-0.48872322,-1.4250213,-0.95435166,1.1292422,1.7519586,-1.4945344
http://www.benchmark.org/family#F2M25,-0.09808631,-0.09071874,-0.3246305,0.1146645,-0.022914177,-0.19781975,-0.47360966,0.20618203,0.7042725,-0.21967562,-2.8614614,-0.9979626,-1.6557392,-0.041500576,0.7330803,0.28695518,-1.0236963,0.69569486,-0.15935458,-1.3770661,0.19752207,-0.42369238,0.4532711,0.72246444,0.7822197,-0.13330181,-0.25483236,-0.31029314,0.24609,-1.0643882,0.2935452,0.22749941,-0.5858941,0.5102442,-0.0960581,0.6000149,0.91668254,-0.1850814,0.96424997,-0.80538136,-0.64147246,-0.64188284,-0.6149038,1.2518979,0.44687986,1.5192809,0.16913246,-0.13312751,0.17338236,-0.7621148,1.5987564,-0.13877939,0.032863807,-0.94082844,0.009830396,0.16828115,0.22187263,-0.6431947,-0.39304996,-0.033816203,0.46255976,0.074350566,-0.89071774,0.15456942,0.11979804,-1.0968245,1.0921762,-0.9848407,0.61731505,0.19843525,1.0774117,-1.3817961,-0.42042604,0.10156146,-0.29157996,0.18993957,-0.14061248,1.7849785,0.009638241,0.20169166,1.1061512,0.7656382,1.0356768,-0.29441738,-0.74407536,-0.64888173,-0.45989773,0.44697785,-1.0476704,0.37506747,-0.021964276,-0.5191541,-0.77574927,0.40733516,-1.0311636,-0.6447982,0.3443882,-1.7786928,0.5985346,0.6496491,0.039731223,0.34530985,-0.9323019,-0.292254,0.07464152,1.3586793,-1.0633767,0.7666319,-0.12457885,1.7934242,0.51380956,-0.43737814,-1.2708933,0.06638725,-0.008522711,-0.6277776,-0.6748117,0.31713876,0.22110881,-0.8578539,-1.0774423,0.19811846,-0.09955064,-0.41204977,-0.55293703,0.21639349,0.033570375,0.38752016,1.3282243,-0.8000187,-0.10458241,-1.2166638,0.86830604,-0.38285774,0.6606359,1.2175698,0.5760942,0.36809117,-1.8694677,0.17148855,1.1386523,-0.7294881,1.259859,0.4364415,0.42904508,-0.54887086,-0.15826936,-0.87025434,0.79476136,1.1567092,-0.55857974,-0.56274253,0.10295944,0.46016422,1.2700403,2.1659195,-0.30869442,0.99771106,-0.069920145,-0.31031242,0.9222517,0.03515395,-0.49739984,-0.22863244,0.43484554,0.21061829,-1.2270367,-1.5615442,1.0020093,0.14168929,-1.1511943,-1.4741061,-0.5414501,1.0416386,-1.4510571,-1.1246597,0.29435417,0.7384391,1.2156469,-0.06763141,-1.0570654,-1.4879416,-1.3300576,0.8433942,-0.3628796,1.446728,1.852099,0.80472976,-1.1645901,-0.78715277,0.56200653,0.44360885,0.24309202,0.91987306,-0.33600965,-0.62485147,0.6595803,0.22090079,0.95124745,0.100217424,-0.6993147,0.27936673,-3.2836344,0.6156704,-1.3713982,0.7058499,0.539725,0.16880909,-1.139487,-1.097765,1.1085649,1.496207,1.046589,1.2422682,0.7417623,-0.5204916,-0.31283352,-0.11947659,-2.293989,-0.9386099,0.82888097,-0.27329051,-0.6894489,-1.2291403,0.4503864,1.3102564,-0.9805736,-1.7161083,0.73730254,0.9951866,-1.3139364,1.6040647,-0.95749044,-0.006838143,0.30985367,-1.3325075,-0.38890457,-0.57686245,-0.10207962,-0.46983293,0.6170701,1.7800882,1.0256158,0.7705541,1.1799712,-0.08607097,-0.6247546,1.9608254,0.5693305,0.9614265,0.8945721,-2.6428502,-1.2943721,-0.37234342,0.53040266,0.2540967
http://www.benchmark.org/family#F6M90,0.36751422,-0.46948493,-0.30197847,2.0153525,-0.38631156,0.5735072,-0.6455461,0.59503925,-0.42944133,-0.03571842,1.8689845,0.0127110565,-0.37074795,0.24937166,-0.102749765,0.24771747,-1.1499432,0.0125480015,1.1722751,-0.59356254,-0.032258857,-1.0126418,0.11504963,1.4758514,1.4844209,-0.02497352,-0.40141436,0.5059999,-1.6866012,1.5358622,-0.5065785,-0.1245443,-0.405856,-0.5455693,-0.18824224,-0.26140523,-0.92108834,0.997477,0.71366245,-0.6955091,-0.6043966,0.38006473,-0.27036053,-0.13807894,-0.72856295,0.016763005,0.1966508,-0.3892352,-0.07108889,0.015890768,0.89181244,0.4675833,-0.4960717,-0.36605424,1.0326617,0.43866366,0.06982337,0.037999913,0.25235164,0.25261423,1.4820678,-0.98434883,0.13435735,0.71587235,-0.23059504,-0.5032212,0.97207934,-1.0400457,-0.38043168,-0.25879872,-0.39727077,0.15684143,0.9848048,-0.3824454,-0.31390116,0.17182907,-0.73570365,0.3615902,-0.30073902,0.8782085,1.0067506,-0.33201405,-1.3293505,0.34396654,1.7318555,1.2040852,-0.31324035,-0.47626373,0.53733915,0.076501794,-1.0689417,-1.5664294,-0.21780664,-1.4625642,0.08578657,-1.61272,-0.30447763,-1.0873603,0.66031337,-0.14723162,0.32435685,-0.24177663,-1.3505273,0.386367,0.37274766,-1.5796472,0.028458973,-0.72024053,-0.36752263,-0.11968451,-0.74357337,0.81855166,1.2884421,-0.17852005,-1.6736223,0.37531495,0.06814437,-0.085217446,-0.21036537,-0.39011577,-0.74009,-0.70860755,0.91123784,-0.2134451,0.35360155,0.07348418,1.0235345,-1.4854195,2.2347376,-0.21918057,-1.1017408,-1.4475904,1.6296773,-0.040115654,0.4552703,-0.80996126,-0.31881884,-0.84656113,0.32310233,0.08018638,-0.36410215,-0.17400092,1.3081746,1.6855186,0.08417937,-0.2405089,0.47480172,0.9680526,0.34038025,-0.3037175,-1.3331318,-0.28329614,1.3852396,0.5475958,0.30899954,1.7502522,-0.076141864,0.619595,-2.1377013,-1.1494273,1.3523278,0.6466191,-0.98483694,0.9081937,0.6789311,-0.3795648,-0.17812422,-0.98472667,0.08048735,0.16740407,-2.413768,-0.92282325,-0.55648047,-0.8221193,-0.16916236,0.24142626,1.0793391,0.21772268,0.8155837,-0.94752806,-0.60052705,0.19883357,0.41042477,0.511365,1.1623902,-0.34683707,0.17594992,-0.44526023,-2.6449223,-0.6186057,0.05214331,2.128751,1.052338,-1.0876865,0.28511164,-1.410971,-0.4564112,-0.5329379,-0.18249074,-0.40072012,-0.25170964,0.89453113,-0.67494786,-0.49987838,-0.221679,0.87283176,0.75112617,0.8037144,0.9653422,1.5008595,1.1682522,-0.4860103,3.8311813,0.4853172,-1.6270705,-0.7434103,0.25727022,0.44791713,-0.1544557,-0.9989,-2.2478356,-0.8676795,-0.97350746,-0.18692988,1.1080151,-0.5360322,-1.6211946,-0.51969075,0.39445093,0.9026135,-0.19364934,0.43380386,0.21374239,-0.6069457,-1.2695404,0.37450823,-0.3972705,-0.068846226,-1.3526398,0.6394757,1.4992039,0.682018,1.2369478,0.46566775,0.9521235,0.50495625,0.81808186,1.2731794,1.6444095,1.7259002,1.0037204,-1.6199636,1.3900642,0.7003048,0.44313896,0.8160075
http://www.benchmark.org/family#F3M50,-0.8678068,-0.49134997,1.376791,1.2818851,0.6804334,0.5164867,0.3870854,-0.8187518,-1.1670953,-0.21337263,1.5923319,-0.35491744,0.6345812,-0.15184885,0.6838949,-0.28044513,-0.00501892,0.15622425,0.025405223,-0.27879065,-0.23793527,0.93225735,1.2924131,0.010754316,2.1486833,0.120509624,0.19664766,1.3143202,-0.6229561,1.0990422,0.4454157,-0.3435975,0.28083825,1.2564162,0.7088854,-0.12790014,-1.1907039,-0.71643245,1.5563662,-0.6282077,-0.42616546,0.32030156,-1.7624613,-0.93516713,0.04882689,-2.0651395,-0.4692773,1.0349991,0.0116842,-0.72286737,-1.4043589,-0.5481464,0.23084547,-0.2403441,1.0259598,-0.89380336,-0.46807593,-0.7813025,-0.8422163,1.3072373,0.9697378,0.022587014,-0.7228733,-0.20098732,0.59529746,0.28224242,0.34187883,0.1747703,-0.29902512,0.76667863,-0.81287324,-0.38498524,0.13384613,0.07462745,-0.11052164,-0.91764736,-0.13546833,0.71198356,0.3619322,0.31038344,-0.5147585,1.1631161,0.7345723,-1.4548322,0.17645307,1.2157227,-1.1854743,-0.50128055,-0.79606414,1.9009296,2.2818723,0.041698385,-0.38435528,1.1608167,0.057172023,-0.9677659,-0.10316147,0.2568972,0.09514382,1.221172,-0.58117145,-0.89273137,-0.33700654,-0.27558225,-0.6449782,1.198798,-0.46083236,0.82009023,0.22787435,0.6591387,-0.84182703,1.2053131,-1.2405846,-1.3618811,0.982644,-1.3333021,-1.0042734,1.3966701,-0.58168906,-0.08881531,-1.592893,1.0917562,-0.27095008,-0.8394534,-0.42464808,-0.25934184,1.5850638,0.74366874,0.4989081,1.1642473,-3.0211208,-0.40969625,-0.09843799,-0.65084904,2.2913227,-0.76427454,0.13232139,0.437733,-0.68004805,1.3845377,-0.6344156,0.36129478,-0.27729937,-1.3147689,2.7313952,-0.8904308,0.9877109,-0.24269095,1.662968,0.52104163,0.1880725,-1.6900617,2.049071,0.27589977,0.15747234,0.41714728,-0.022145294,0.8480679,-1.8535084,0.67672753,-0.38677275,0.62792057,0.30107477,-1.6357974,1.5190758,1.0939693,-2.6633594,1.3760952,-0.5251797,-0.65053797,-1.5570576,-0.018735627,1.5162088,-0.024341874,-0.8421284,1.7049006,-1.2166443,0.49970308,0.2408967,-0.66823757,0.81123286,1.8953114,-0.72333264,-0.62365526,-1.7121961,-0.88407886,2.2998428,-1.1969196,-0.62565494,0.50284296,1.7107791,2.489358,1.2589256,0.015427478,0.8035049,-1.3805233,-0.23860884,-0.7759627,2.4256618,-0.3833145,-0.49361914,0.5954613,-0.7465043,0.45006582,-0.31299135,0.6755415,1.2967463,0.79179925,-0.6567886,0.78421867,1.0473343,0.79351825,0.025613049,1.9688755,0.08694156,0.6907353,1.508015,0.39132687,-1.8140106,-0.79709405,-1.5805917,-0.8208155,1.1001996,-1.9916805,-0.6608531,1.984568,-0.26900318,-1.0815696,0.22195421,0.08582338,-2.1251361,1.4646631,0.10540687,-0.14951752,0.5125153,-0.27240953,-0.17364384,0.0050863014,-0.24242894,-0.65295357,1.2641611,0.1857168,0.57386446,-0.435667,-0.82085264,-1.4457002,0.011790377,1.9255803,0.6899336,-0.3203402,-0.29395556,-0.29922512,-1.3558611,0.73655623,0.069780774,-1.5178255
http://www.benchmark.org/family#F7M123,-0.07207566,0.20566714,-1.5891923,1.5797288,-0.3005589,-0.36783656,-0.83607984,-0.214405,-0.95343995,0.5630614,-0.12135221,0.42252985,0.60677165,0.32211593,-1.2549801,-0.23576178,-0.96920323,-0.67070776,0.24150592,0.31844112,-0.092391,-0.20923623,0.9919712,0.68517196,0.3363047,-0.1922852,-0.63911086,0.28956297,-0.76591074,0.1896799,0.33236322,-0.39197683,0.14583875,-0.74841815,0.24285318,-0.25551966,-1.0145284,0.64954984,0.72306424,-0.8691376,-0.44004345,0.13475461,-0.8665911,0.031671353,-0.6753928,-0.4269013,0.021329304,-0.9194445,0.041887127,-0.5587588,0.20490608,0.60858047,-0.020024948,-0.15902914,-0.46750557,0.6801189,-0.120214134,-0.7017545,1.5641977,-0.040542837,2.2347054,-0.8522699,-1.5213724,-0.3994326,-0.9670997,-0.0376196,0.17635256,-1.0449606,-1.8357774,-0.5039348,1.2670559,0.4416852,-0.68002677,-0.47163668,-0.045247275,-0.26722378,-0.49452668,0.34006998,-0.7915834,-0.022190368,0.0038742982,-0.8594773,0.13589212,-0.020183641,0.47225052,0.4482511,0.34512433,-0.029380905,-0.39944303,-0.8054985,1.6811116,-0.16360933,-0.52350086,-0.7397722,-0.5119133,-0.70910895,0.6225783,0.46043786,0.66994375,-1.1244425,0.08926926,0.16106673,0.13350771,0.21317975,0.69080114,0.16094275,-1.0194739,-0.024148924,-1.135287,0.21499498,0.18877946,1.186364,-0.54353046,1.281925,-0.15699072,0.60816306,0.6337553,-0.39539608,-0.46860346,-1.5597296,0.7233385,1.032368,-0.64658844,-0.20512937,-0.19837381,0.27554116,1.1352094,0.2678806,-0.6215127,-0.39501742,0.32252425,-1.7176279,0.399539,1.4112043,0.02582536,-1.0564923,0.9138432,-0.39440262,-0.44607344,-0.07009779,-0.20893772,-0.031069662,0.16161376,0.3057483,0.2880287,-1.8872072,0.50406957,0.26772648,1.2097732,0.5898356,-1.0018898,0.28995377,-0.38593203,-0.44441256,0.6822281,0.562123,0.95927995,0.79070777,-1.846864,0.081809826,0.48353678,0.6157923,-0.5696707,-0.3325311,0.38111213,0.23221579,-1.8245049,0.18297231,1.5856543,-1.5582225,-0.24954757,-0.28181672,-0.39323273,0.14987174,-0.8067902,0.20185733,-1.0924844,-1.0150257,-0.56827325,-0.26324913,0.5874468,0.895203,0.35351455,-0.5469906,0.67219216,-0.18809949,0.3793647,0.21759266,-1.0797186,-0.68333304,2.0466547,0.9810331,0.47472477,0.25033814,0.820001,-0.18678856,0.961758,-1.1437839,0.8867733,-1.2588825,0.58168954,0.9313168,0.40167853,-0.20717114,-0.8412205,-0.46834242,-1.1996603,0.23808643,0.78826135,-0.4329089,1.0503858,1.8176237,-0.34001544,-1.2294692,-0.27017695,0.92211497,-0.5577072,2.4999137,-3.0107987,0.37439516,-1.0740833,-1.2830651,-0.51473135,0.016364345,2.126188,1.1430292,0.93282336,-0.13860905,-1.5740217,1.834236,0.82182586,-0.4090713,-0.33834827,0.38825998,-0.3264838,-0.5823286,-0.09177908,-0.49644226,-0.40911156,-0.3533141,0.297886,-1.4890207,-1.8339102,0.7438332,1.0441504,-0.6617839,-1.6572425,-0.23174676,1.9816694,1.7072936,-0.68874407,-0.2533216,-1.5256199,0.28973234,2.3938057,-0.9040827
http://www.benchmark.org/family#F2F36,-1.6560491,-0.24683896,-0.73783296,-0.054285843,-0.16264288,-0.2772264,-0.41966644,-0.2928351,-0.120050944,0.17178167,0.12742257,-0.22390448,0.28187963,0.85954493,0.30732802,-0.22216642,-0.47933504,0.21138932,0.9370583,-0.07187691,-0.116807595,0.022490248,-0.19433609,1.8813564,-0.16156757,-0.3954352,0.379802,-1.8009582,0.2099847,0.76904523,-0.9363994,0.44547844,-0.54283184,0.26297027,0.7533307,-0.27461416,0.18103068,-1.3912634,0.51459295,-0.20666747,0.92991537,-0.38638073,1.2311149,-0.38769665,-0.0174181,2.1873424,0.3299087,0.17994747,-0.35437977,-0.4023139,0.81677413,1.0837322,-0.53678,0.6319402,-0.005220958,-1.0709425,-0.05907976,0.0051969723,-0.9808559,0.12547171,-0.47338876,-0.39305264,-1.1636072,0.30202633,-0.02782222,0.7909345,0.6089041,-0.7003254,0.48737893,0.725309,0.63268155,0.344551,0.6225643,0.5970562,0.20272711,0.067866534,0.86849946,0.04591063,0.98573446,0.2700559,-0.086890295,0.3382341,0.5554614,0.71432465,0.07830643,0.059247535,-0.022887658,-0.14429101,-0.056258228,-0.64275265,0.2083009,-1.1545764,1.4351287,-0.04782987,-0.20975323,-0.6549331,0.057671506,-0.14202787,-0.243151,0.5018917,0.06360098,-1.4785013,-0.7182655,-1.2019506,0.31777215,2.3223855,-0.3892665,-0.11389891,-0.37529856,-1.3638747,0.83979255,-0.5419624,-0.33869013,0.34067434,-2.793592,0.61119103,-1.6936194,-0.74111855,-2.4706283,-0.5704675,-0.85434926,1.8286873,0.11815776,-0.4622241,-0.37428033,-0.87582433,-0.6305455,1.1537486,0.36470217,-0.058858886,0.10487021,-0.9950878,1.3299296,1.0119131,-0.9275421,-0.6954211,-0.86739886,-1.6937929,0.6644241,1.1726222,1.3064419,-0.0040471177,-0.7585907,-1.2322032,0.6927725,-0.4202573,1.6040536,-0.044447586,-0.18627909,0.25056422,1.1288036,-0.085444644,2.0992887,1.425429,-1.2888567,0.25412408,1.4878324,-0.12007151,-1.7301687,0.3455595,1.4874829,0.1475134,1.9947412,-0.42898372,-0.10145208,-0.13061441,1.2164054,2.1630769,-0.11151456,-1.4620354,-2.4099872,-0.80856216,-0.59238183,1.8057857,-0.5234428,0.27936468,1.0832316,0.9099687,-0.5858339,0.073859796,1.1763201,-0.8821303,0.27710214,-1.7289959,-2.1216362,0.9194458,1.8436289,-1.3017546,-0.24899334,-2.4391882,1.3019717,0.7279818,2.6832266,-0.93819714,-1.1231946,0.20117551,-0.059417143,0.14504288,1.589221,0.2821841,0.5630827,0.4087508,0.053546127,0.64257854,0.636694,-0.68407273,-1.7204381,0.703889,-0.044636182,-0.993925,1.2145807,1.9534905,0.16817136,1.6724206,0.11826614,-0.37899572,1.4055232,-0.06191363,-2.3265586,-1.1007148,-0.20287459,1.9885285,1.4081844,-0.49654463,-1.3113629,-1.4656227,-1.817156,-1.6832517,-1.0849457,0.41321808,1.2211889,0.5609191,0.8223667,0.8170472,-3.1288393,1.4762868,0.34549594,0.39320078,-1.3156723,0.1443237,0.49922943,0.7742558,0.0020149602,-0.1492371,2.3014903,0.83219045,1.0123875,1.7269614,1.3619397,-0.49869365,0.47632888,-0.8890727,-0.76694727,-0.7165065,1.2572834,-0.567076
http://www.benchmark.org/family#F7M109,-0.38153917,1.6335084,0.2552389,0.9270542,1.504708,-1.1587428,0.313936,-0.12493498,-0.3178443,0.6727748,-0.023854453,-0.85148686,-1.0702251,0.410671,0.42696014,-0.5490878,-1.0112412,0.036186367,0.06756844,0.67566144,-0.3371255,2.2454653,-0.15626593,0.2428284,1.7219136,-1.2652452,1.0023286,-1.9971825,0.53291285,0.55006576,0.54355776,-0.7174938,-0.7533769,-0.48907942,0.32819638,-0.13577351,-0.5440984,0.63568556,0.87086755,-0.14811388,-1.6682842,0.088947,-2.4317052,-0.16727598,1.3492488,-0.11200321,-0.12246926,-0.1369638,0.6684218,-0.32162076,0.5932101,0.18407543,-1.091197,-0.678855,0.005802019,0.9681176,-0.13149482,-0.75518686,-0.08272341,1.0642035,2.686977,0.26385286,-1.467421,0.22291751,0.092481405,-0.521827,0.023485476,1.0079653,-0.19852552,-1.027001,0.7457592,0.26699683,-0.017994346,-0.818236,0.17206047,-0.38869104,1.259665,0.76425105,-0.44510105,-0.11561921,-0.108449,0.5357288,-1.1983126,0.07307634,-1.16049,0.34932283,-0.41900328,-1.2561733,0.260519,-0.14239109,-0.49201608,-0.6228324,0.1933117,0.63553566,-0.77919096,-0.72040135,-0.3607229,0.37164152,-0.0582448,-0.35596544,-0.5140423,-0.59013003,0.3524591,0.96866125,-0.7984034,-0.18044257,-0.98646647,-0.09698263,0.077273175,-0.37473294,-0.027573992,0.8446511,0.17008197,-1.6732085,0.06656648,-0.7260557,-0.28683326,-0.3299816,-0.0724518,0.64461863,-1.1709201,-0.0430222,-1.2697967,0.2162855,0.94469035,-1.3649505,-2.0713499,0.24156927,-0.19362922,-0.93421286,0.35434356,-3.6573925,-0.10083202,1.135271,1.3650458,-2.376189,-0.15834609,-0.16098379,1.0514137,0.50167555,0.88259685,0.101757914,-1.7585446,-1.5953155,0.44280112,-0.54643565,1.128886,0.38097033,0.25301892,-0.208536,0.32459816,1.0023066,1.0554231,-0.30675262,-0.8304725,0.5374427,-0.08970279,0.087272495,-1.2509688,0.8652705,1.9264208,-0.44145077,-1.1990855,-0.6649782,-0.45692003,0.16047455,0.11991008,0.47512966,1.0472949,-1.8200659,1.1771452,-0.24774608,-0.13584127,-0.39111492,-0.77948946,1.2968547,-0.13783652,-0.11880728,-0.69606394,1.7561326,-2.0473993,-0.14318113,0.82912755,1.4034913,0.88963443,-1.7019601,1.5168309,-0.89910805,-1.2626734,-0.91949916,1.3640523,0.861767,-0.27819186,-1.1876876,0.0051193703,-0.45950854,1.8851044,-0.59575856,-0.8821782,-0.016597945,1.0047721,1.9242934,0.18547349,-0.5711241,-1.4208976,0.13419892,0.2787137,0.802304,1.0706397,0.2658618,0.7446147,-2.3242893,0.6424853,0.4874687,-0.19484666,-0.66413707,0.67485815,1.128147,-0.77734846,0.76829433,-0.17447609,-1.3316522,-0.55317223,-1.2062843,-0.98380464,0.32851604,-1.4748466,-1.6393405,-0.99002373,0.0068512517,0.494841,0.93011004,-0.12948051,0.8112494,-0.09747289,0.47022933,0.680758,-0.73733985,-1.8532176,0.66673213,0.83767766,0.33236468,0.61179554,0.026489561,2.3806512,1.2104956,1.3197819,0.94038874,1.1718059,2.343633,0.59793013,1.2255611,-0.6116173,1.3784306,1.8265234,-1.6665367
http://www.benchmark.org/family#F2F38,0.33042306,-1.3434423,0.6450671,-0.69061744,-0.091501825,0.15687041,-0.69287497,0.23850794,1.0491192,0.24597764,0.22424766,-0.1852907,-0.46178105,-0.11052095,0.8055493,-0.18539646,-0.7625518,0.10293327,0.5401384,2.6340358,0.07567383,-0.573771,-0.032059945,-0.33297548,0.89519143,0.62792486,-0.78510016,-0.6831194,-0.7203095,0.60678715,0.6517057,0.8253027,-0.23172434,-0.4637033,-1.0333709,-0.35292614,-0.37701485,1.0374204,-0.39676648,-0.33513185,-0.35362747,0.32340562,-0.77327234,-0.6783602,-2.1702344,0.21145858,-1.4750701,0.04978174,-0.7358787,-0.7974248,-0.19649906,-0.40462667,0.9018862,0.37097153,-0.29700568,-0.14197706,-0.7435489,0.35789198,-0.07544262,-0.0528185,0.86586744,-0.34454018,-0.8773874,-0.4689014,0.93896526,-0.055088703,0.1064074,0.12854859,-0.55784,-0.05531021,0.6945528,-0.1623993,0.6004789,0.37316757,0.4532245,-0.21371365,0.39877728,0.20835717,0.56032073,-0.08225079,1.3909777,0.10756545,-0.4831463,-0.06097976,0.81274277,-0.15760593,-0.21169314,-1.7981412,-0.18318734,0.13227612,0.8409302,2.5833757,-0.28496408,-0.0667313,-0.22316965,0.004579444,1.210123,0.4208208,0.12795687,-1.0434313,-1.4758935,-2.0721235,0.06739654,0.07818562,-0.35055605,-1.0684463,-0.10522175,1.1359627,0.19181944,1.1652749,-1.7907492,1.0734276,-0.06594749,1.6030788,-0.07000729,1.3134068,-0.64436466,-0.26591077,-0.9077985,-0.8408124,0.6011987,1.5056105,-1.794326,-0.13918677,0.5455829,-1.4700308,1.3982608,-0.5175672,0.1318878,-0.08538564,-0.66459125,-1.4391025,1.5676651,-0.5581673,-1.7693362,0.44866258,1.6395042,0.090946265,1.4750023,-1.096898,0.0621729,-0.787453,1.4285135,-1.5461739,3.1741586,0.25006175,-0.6922633,0.8402382,0.7430728,0.9930052,-0.50666237,-1.1169657,2.0695105,-0.15590858,-0.2779094,1.5356125,0.73780453,0.7895266,-2.1246781,-1.0620767,0.9057285,-0.6466751,1.3070734,0.93915886,-1.4979855,-1.9402726,0.19012703,-0.68320864,0.6913492,-1.8562194,-1.0893745,-0.7970151,2.0260894,-1.67239,-0.4945993,-1.0010967,-1.7367575,2.6517253,0.63601774,-0.11699623,0.90099233,-0.049351368,1.7546129,-0.83414245,-0.3116753,-0.6990462,-0.18248905,-0.12102534,-0.8603424,0.07287715,1.4218794,1.8633795,0.23906979,-0.41165406,0.9969929,-0.09491583,-0.14442654,0.8861992,1.287317,1.3031862,-0.6648393,1.2790847,0.040038068,1.4863961,1.0144985,-0.8529267,-0.5938773,0.50906444,0.2549729,1.2613505,1.6557846,-1.0486859,2.0502002,0.18173528,-0.13532522,-0.83334976,0.08255093,-0.46423188,-1.1605086,0.43937826,-0.7405571,1.4280969,0.3081506,-0.22388807,-0.16319358,-0.36466554,-0.99821144,-3.0562568,-0.9565665,1.1011829,-0.34718522,0.749462,0.48191825,-0.014695941,-1.0018218,0.47535354,-0.65945935,-1.454323,-0.023263924,-0.18042552,0.9543094,0.064637154,-1.366857,0.09338972,-0.018644737,-0.14162095,-0.24579528,0.13859233,-0.4403429,1.7015665,-0.21431334,-1.3073454,0.7879898,1.8613838,-0.26491532,0.10603109
http://www.benchmark.org/family#F9M142,-0.040041924,-0.051494125,0.8771758,0.22714035,0.039124407,0.8267553,-0.4489066,-0.27319244,-0.17051591,-1.0349127,-0.99371994,-1.0889182,-0.43941915,-0.0732158,0.06331446,-0.17179547,-0.8252877,0.49250802,-1.860307,-0.29044145,-0.7659756,-0.027828436,-0.014828252,0.09396072,0.6386897,-0.16889505,0.7203776,-1.1183854,0.25483716,0.16542876,-0.7075506,1.2865287,0.4239194,-0.25845987,-0.2848551,-0.27449146,-1.825319,-0.14869834,0.9158889,-0.36381936,0.454638,-0.28747916,-0.60421443,0.0863878,0.01748548,1.1003164,0.1331196,1.7732142,0.5508964,-0.92452365,-0.6029604,1.4830716,-0.37650737,0.4015853,0.734812,-0.8470524,0.14156628,0.14240585,-1.3009232,-0.6418244,1.240634,-0.6467423,-1.4310555,-0.037889063,0.6461063,1.4459417,-0.5489992,-0.7161219,0.5340548,0.13359168,0.9788867,-0.7176276,-0.04772826,-0.15271765,0.6496367,0.26993743,-0.3562902,0.7225983,-0.023547696,-0.14473547,0.016164022,-0.43532273,-0.37696472,0.2631892,0.3403791,0.5596018,1.4144208,0.6197142,0.1876886,0.6327385,1.3279452,-0.021816872,0.849434,0.041975733,-2.7239697,-0.06286823,-1.5296679,-0.24466951,0.8749734,0.17711769,0.2646031,-1.7612998,0.72205245,-0.31246296,0.3002172,0.7579786,-0.81405133,-0.17571443,0.7741371,0.031554542,0.086921684,1.0039419,-0.94890755,0.11736389,0.16642271,-0.37139136,0.038895782,-1.1487453,0.1567915,-0.34634176,-1.6384721,-1.9483616,0.05642226,-0.37241837,-0.22711626,0.22130507,-0.01983665,-0.87244505,-0.026502075,0.31051043,-1.8050797,-1.8104545,0.87739044,0.3371023,-0.85008115,-0.35493112,-0.30213824,0.576243,-1.0437135,0.2619374,1.5322422,-0.3323861,-0.02663305,-0.14907482,2.5571597,0.16734438,-0.51398814,-0.05273166,1.1103717,0.92187876,-1.0226495,-1.5462687,0.67324716,0.27642307,0.6324051,0.7031797,-0.20694299,0.86511415,-1.37798,-1.788285,3.1464226,0.38576058,-0.43855456,0.34226063,1.2856673,-0.36044055,-1.5631361,-1.4975255,-0.91390806,0.7737272,0.9596691,-0.38804892,-1.7086209,0.039091315,0.23087946,1.48739,-1.8503256,0.3752942,0.6325732,-0.32111207,1.8997703,1.0080626,-1.3939317,0.04989595,-1.6055571,-0.19850741,0.1425186,-1.661312,0.7194028,0.08423966,0.28344622,1.1620833,-0.84813327,0.6666281,-0.2106636,-1.0374442,-1.1039083,-2.2632349,1.8762064,-0.52261955,-1.5459713,0.9086876,0.31098366,0.47904313,0.91462564,0.9907034,1.1458726,-1.2496434,-1.7780926,-0.98405164,0.8147845,1.3288459,-0.047571756,0.95279044,0.73971754,0.41455668,-1.596701,-1.327788,-0.5673981,-0.81259316,-0.8655883,-0.4477334,0.7550307,0.059285816,-0.59286886,0.8113297,-0.82124406,-0.16246243,-2.2252512,2.29595,-0.2826955,-0.166717,0.2426545,0.4942925,-0.072636,0.3488882,0.06535312,1.2688543,0.0616135,-0.7071938,0.44292527,-1.7126801,1.2143227,-0.9791259,-0.6572034,-0.06047433,0.4132236,0.62777627,2.8575313,1.8994324,-0.6187738,-0.18583049,0.8497917,-1.6121387,0.4328842,1.0677116
http://www.benchmark.org/family#F4M59,0.06741027,0.01775242,0.6570619,1.1610124,-1.2992133,0.4389114,0.13780154,1.5881424,0.8078241,0.29774424,-0.3935499,-0.28618702,-0.06586857,0.012181995,0.24292892,-0.071702234,-0.74568313,0.20424886,-1.4213203,0.03709556,0.22431733,-0.33376652,-0.11281086,-0.10016717,0.12797295,-0.16920494,-0.67759854,-0.89686525,0.27669084,1.0530734,-0.22453578,1.4504173,-1.202546,-0.5223669,0.8129223,0.7080959,0.22951373,0.7518398,1.5018029,0.09580319,-0.4578795,-0.40658322,0.06430954,-0.14289461,-0.6573946,-0.2326395,-1.2468184,0.180652,-0.82624763,0.5616441,0.53893447,0.76607823,-0.03998596,0.59541416,-0.41937897,-0.4873584,0.090468965,0.18016014,-0.037086625,-0.53976786,1.3797777,-0.8734286,-0.23386596,0.008089662,-0.032387603,0.22501661,0.6234269,-0.24086663,0.5380748,-0.74709046,1.5496292,2.513543,-0.113213904,0.5524841,-0.6885077,0.7002622,0.8033405,-0.049741905,0.9843913,0.026836706,0.8808496,1.0827323,-1.02463,-0.25793222,-0.36965728,-0.85728866,-0.9430814,1.7406874,0.39193472,-0.15303974,0.27217543,0.21289627,-0.3557334,0.19295293,0.16999175,-0.5264544,-0.859393,-1.5845939,0.49839348,0.53369296,0.055396613,-1.029271,-0.31525552,0.25823352,-0.21077645,0.29333627,0.25150976,0.6562315,0.494458,-0.1261963,-0.49249297,0.50062627,-0.09314949,-0.48682553,0.008015604,0.031039264,-0.03355383,-0.34288317,-0.32863247,-0.7294776,-1.1849622,1.5429521,0.45358753,-0.24766718,1.6583183,0.5071724,-1.1731632,0.07783728,-0.18493356,-0.028177707,-2.273936,-1.0934213,2.5096152,1.892017,1.1111704,-0.23590648,0.30723983,-0.112299114,-1.2313366,1.064059,0.9507737,-1.0060091,1.3836546,-0.5247032,0.020943772,0.27709365,-0.09977408,-0.34975147,0.7543602,1.9864451,1.471699,-0.9646096,0.86918044,1.0409379,-1.0852544,0.79338336,2.134457,0.28350446,-1.77309,0.05440942,-0.27861866,0.6451337,0.44154784,0.36930972,0.4279737,-0.6986694,-2.985287,2.2087986,0.21086909,-0.97899437,-0.7646089,-1.689268,-1.7780224,-0.26668555,-2.4193368,-1.4893445,0.2690488,1.1123855,0.70223904,-0.941556,1.2802007,0.2509162,1.1984316,-1.0075942,-1.7448381,-1.928795,0.019486194,-1.9501874,-1.2508138,-0.31948945,1.7645224,-0.13836156,-0.73242664,0.91247886,-1.8674918,-0.305872,0.66608244,0.12864943,0.644625,0.102724954,-0.5201269,0.31420043,0.58413994,0.8883845,0.25912157,-0.6311966,0.83478934,0.19065985,0.09738237,0.114684045,1.6808975,0.19698057,-1.1361666,0.11897935,-0.14423773,-0.5250469,-0.58943754,0.37158296,0.024955355,1.5713766,-0.44791275,-0.077747904,-0.55114007,-0.9970078,0.7743905,-0.50098133,-0.57955366,1.5480039,-0.57092184,0.78220564,-0.8888575,0.98250765,1.4151533,0.18257004,-1.2729822,0.044454616,-0.9641917,-0.14975469,-0.029190259,-0.24734838,1.3828868,1.8181312,0.06165008,0.18836096,-1.4080944,1.7536368,-0.86761063,0.85713214,1.248373,0.3120067,0.040789,-0.8051892,-0.15025313,-0.17201187,-0.30769944,0.69804716
http://www.benchmark.org/family#F10M171,0.44810882,0.08988541,0.6623975,0.7962465,-1.3518754,0.5781637,-0.6069504,0.5054692,0.40224558,0.0990847,0.016879667,0.85736513,-1.2591068,0.17341527,-0.14479795,-1.2546178,0.107622445,-0.83832127,-0.24229877,-0.083893366,0.8315508,-0.20077254,-0.60940665,-0.6238616,1.4950094,0.21146461,-0.10030687,-1.68697,-0.5201063,0.05887547,0.21621267,0.5495465,-0.79869896,-0.6034263,0.9688303,-0.20506762,0.14296934,0.94912755,0.8585209,-1.4910456,0.46050915,-0.30321705,-0.4905764,1.547237,-0.096104704,-0.02651689,0.6676108,0.31002116,-0.46957222,-0.41964337,-0.90546066,-1.716377,-0.41838568,-0.59664875,-0.3150391,-0.3234088,-0.3334787,0.3445187,-0.31352228,1.1059573,-0.07948101,1.1387932,-2.035672,-0.39282832,-0.9842843,0.12611553,-0.18534632,-0.023485733,-0.042461056,0.7913208,0.63553965,0.33206552,-0.37081587,-0.2350787,0.27729553,-0.36781225,0.41496179,0.2873724,0.73558146,0.6118175,-0.7729466,-0.3485205,-0.014404973,0.057864714,-0.52219117,-0.5512722,0.1693338,0.9169521,-0.6536041,0.30696785,-0.21745114,0.3567601,0.06864796,0.25375777,-0.14542556,0.35617292,-0.56954175,0.1639104,0.31152418,1.4414757,-0.6053707,-0.86568844,-0.18633828,0.04392546,-0.5563374,-0.050516106,0.34671786,0.13178118,-0.07306115,-0.16747215,-0.14968067,0.91285175,0.4595778,0.319623,-0.18948568,-1.0297935,-0.914019,-0.38998523,0.028598513,-0.356757,-0.68964225,1.7334924,-0.31949565,1.0735539,0.4318681,0.022162355,-0.06107639,1.1091707,1.4744419,0.70341176,-1.4137346,-0.85981405,2.6791282,0.7371532,1.6515133,-1.4055854,0.081194825,-0.020811185,-1.2529786,-1.1014081,-0.15957321,0.62725896,0.959051,0.1950002,0.02779776,-0.07094053,0.86132646,1.4874228,1.0763975,-0.19481435,0.6529676,-1.7654152,-0.021373827,0.3165638,-1.0291862,1.0418402,0.5389861,2.3607526,-0.98898333,0.22245207,-0.009270338,-0.19504584,0.3949012,0.02976285,1.4141271,-0.6839166,-0.25144532,1.4005021,0.62161374,-0.91125447,1.1321033,0.49195385,0.9752896,0.58354825,-0.6134799,0.6477282,0.9564483,0.25540057,1.9297161,-1.1125997,0.88223773,-0.5259601,2.0422742,-0.48757997,-0.14500378,0.58269596,1.1475831,-1.346624,-1.4091051,1.8989854,1.6942836,1.2772783,-2.9416702,1.7499903,0.8951677,-2.1753023,-0.6796705,0.62858135,2.3811634,1.2848907,-1.2565417,1.0703204,-0.36790997,-0.19116245,-1.088442,1.0212969,-0.65314215,0.27108648,-0.60298115,0.48382688,0.2997569,0.2178554,-0.873104,0.31729433,1.1675917,1.2486238,0.0016233444,-1.13596,-0.7088448,-0.39421585,0.79357415,-0.75529253,-1.5969144,-0.5733057,-0.12540606,-0.32714787,-0.7802001,-1.4639096,-1.7597831,-2.178986,-0.38030097,0.41654453,0.4045401,0.72537166,-1.4326526,0.10463104,0.33168375,0.61559397,-1.4050299,0.61681825,2.284698,2.4562335,-0.6145721,0.7541796,1.9932365,0.9920978,-0.56827694,-1.0377425,1.20424,-0.5187357,0.23344594,0.18371758,-0.5673639,0.2829669,-1.3560975,-0.7022678
http://www.benchmark.org/family#F7F103,-0.059341915,0.22422348,0.5525183,1.0527477,-0.13104403,0.10714452,0.47740254,0.005498241,-0.009038837,-0.716089,0.3474532,-0.05158303,1.0366611,-0.5969272,0.14153752,0.57986766,2.5251634,0.00070041907,0.2157884,0.30173048,-0.22144693,-0.18991196,-0.5103986,2.0775306,1.8849697,0.003084214,-1.947946,-0.5291435,-0.6956531,0.5167084,-0.026445845,-0.6868779,-0.8861074,0.2400772,0.710128,-0.44957727,-0.71664447,-1.1197988,1.359322,0.9366329,-0.08537919,0.96371764,-0.47907403,0.03749889,0.3956009,0.034121025,-2.056693,0.20958851,0.20019028,-1.034256,-0.53953147,-0.12458321,0.73654115,0.75318545,0.4469556,-0.45448807,0.26736736,-1.2776269,-0.5303334,0.44715983,0.5538198,-0.47514865,-1.5378045,0.32183847,-0.08829127,-0.09244865,0.37009752,-0.033616573,-1.3385484,-0.449897,0.75222564,0.46150917,0.57027906,-0.5034989,-0.6439118,-0.11553252,-0.68076503,1.1794658,0.42705888,-0.070270054,1.4869274,1.001018,-1.2074611,-0.0077562616,-0.9928138,0.19022317,0.026933663,0.44111705,1.9295839,-0.24701998,-1.0596048,0.011549672,-0.372069,0.43921956,0.31959286,0.35361096,-0.35723186,-0.67219424,0.44707814,1.1498169,0.21021153,-1.2772237,-0.17742483,0.7424422,-0.2307842,0.06471131,0.40975028,0.2738744,1.0682685,-0.47781923,-0.38473585,0.6360015,-0.37735802,-0.08816326,-0.8439642,0.2637288,-0.10688144,-0.31237984,0.3312138,0.508092,-1.6127515,0.17314295,-0.27489045,2.1649868,0.4704971,-1.0327964,1.3589612,1.2525973,-0.065881655,-0.7986241,-1.8621881,-2.3344045,2.0311584,0.5078093,0.27652326,1.0289744,0.27108243,-1.8136746,1.5812625,0.15711206,0.48071072,0.450042,0.49777013,-0.280457,1.8101428,-1.2750319,0.6367015,1.3028909,0.44034627,0.1044536,0.5119863,1.7773689,1.390394,1.437932,-1.370714,0.5957619,-0.1442245,-0.46813083,-0.24370736,0.9797244,0.87597007,-0.23564361,-0.128033,1.9859953,-1.2847112,0.863656,0.4109137,1.2976424,2.1101248,-0.9873187,-1.7335138,-0.35400555,-0.9388318,-1.1111498,0.39063218,0.4698759,-0.46309292,0.9883445,-0.7708548,0.285227,2.179719,0.23658073,1.2151127,0.03560898,-1.8670329,0.034465283,0.1398536,-0.3791571,-0.8589079,0.45549026,1.213238,1.4007796,-1.6365602,-0.677513,-1.4342012,-1.808669,0.31219727,0.63174635,3.3211322,-1.341254,-0.37846357,2.0726879,-0.061409105,1.3576332,1.5863886,0.08802613,0.024537995,0.45047066,0.96198493,1.0718387,0.58954054,-1.0150245,0.119502,-0.25269276,-0.20702045,-0.38568258,0.39825,0.5818405,-0.9231478,0.7004395,0.24216175,-0.012691285,-2.3404243,-1.879071,-0.59165674,-0.5544886,0.008281779,-0.59796065,-1.6863217,1.3927989,0.4457647,-0.087521255,-1.1936201,0.6977447,-1.1047426,1.3375266,0.5373865,-0.19002815,-0.4726436,-0.52632487,-1.3104674,1.219169,1.3610796,0.29359898,1.2623754,0.1466062,1.4766531,0.9751142,0.56414765,-0.14389458,-0.08156589,-0.055083297,-1.4424851,-0.6034998,-0.09813899,-0.123884305
http://www.benchmark.org/family#F7F105,0.34327456,-0.17893794,0.44064888,-0.44058973,1.0954077,-0.48190668,0.59101546,-0.61713827,0.24783944,-2.4778624,-0.66430587,0.34810296,-1.1244059,0.59749174,-0.5355677,-0.04127846,-0.25637603,0.19031763,1.2249804,0.5743103,0.13481498,0.8612819,0.5206735,0.39899346,1.1376438,-0.7861715,-0.87594104,-0.97101396,0.9077206,1.7115372,1.0015496,1.1010828,-0.038883768,-0.022282548,1.0752006,-0.55315685,-0.40223935,0.81272674,1.3686697,0.23391831,-0.0810664,-0.6467547,0.25687283,-0.13099344,-1.3615365,0.16852008,0.19310513,-1.1849682,-0.38642088,-0.61975473,1.3131428,-1.724861,-0.35883695,0.07838407,0.012088612,-0.2816324,-0.7041,0.8710405,0.4264137,-0.27828366,-0.23540433,-0.21736725,-1.8236487,0.2801342,0.57598746,0.022342004,0.5826382,0.8781299,0.2012885,1.1495922,0.54694146,-0.1772026,-0.059923656,0.7174169,0.26300386,-0.37251338,0.018059136,0.76855475,-0.06644687,-0.80253136,0.19256462,0.6127229,-0.99639183,0.23889072,-0.033650167,-0.65633833,-1.3082894,0.7484225,0.003522995,0.22012743,0.6847743,1.1837987,0.7311174,-0.4932056,-0.33612552,-0.8495603,-0.44592625,-0.90258694,-0.7093436,0.60706145,0.14682883,-1.6435561,0.3710288,-0.1381808,0.84955394,0.04264494,0.742802,-0.20226818,-0.35856193,0.955137,-0.52764493,1.5048542,-0.08992481,1.9530032,-0.22299126,-0.8226205,-0.38600534,0.16465499,1.7421436,0.5848285,0.58361685,0.06716343,-0.9088692,-0.7531031,-0.092650205,-0.048348796,0.19367072,-0.018817216,0.562043,1.2479265,-0.14190704,-3.230652,1.1436439,0.27730292,1.6932675,-1.6196212,0.16292445,0.811373,0.38421735,-0.48257673,-0.30918235,-0.5882943,-0.1260853,0.6975718,0.2617962,1.377601,0.7904563,1.2109393,-0.14863077,2.7162395,-1.127491,-1.503214,1.3879977,-1.0051903,-1.7826467,0.3641822,-0.49217844,1.3994377,-2.376948,0.5740977,-0.22065257,0.3942797,0.3251831,1.7978661,0.9614181,0.31062466,-0.5780816,1.0021286,-2.547184,0.812924,0.29004773,-0.21575026,0.3089207,0.22065777,-0.16127189,-0.6061817,-0.24836081,1.4075178,0.13069461,-0.6450678,-1.0473675,-0.27415076,-0.5301367,0.44188103,-0.37287608,0.7682364,0.4000861,-1.1403027,-1.3022997,-0.65487385,1.44482,1.1019095,-1.0470475,-0.88343716,-0.7623982,-2.2580872,0.81105196,-1.1138109,1.3276821,-0.08571105,0.32163447,1.5944966,-2.6840432,-1.0512632,-0.103845954,0.5322327,0.23946019,-0.06839318,-3.290031,-0.028446753,0.7710351,0.15577601,0.3858048,0.21445929,0.003095455,0.065152414,0.5636917,0.8674192,-0.819251,0.0001428487,-1.6838042,-1.1558429,1.7265049,-0.74272394,1.5722362,0.8682468,-0.542031,0.09102644,-1.1374665,1.4957162,-1.0115702,1.9874698,0.1460237,0.8535864,-0.40475398,0.30179322,0.774291,-0.98235905,-0.60289645,2.1712677,0.60434365,0.7688852,1.1739247,-0.6336528,-0.21866563,-0.5797798,-0.2990598,2.839609,0.9184828,-0.045949392,-1.3075211,-1.1129234,0.7739608,0.35755345,-1.1079477,-0.25225198
http://www.benchmark.org/family#F9M166,-0.21748827,0.076383136,0.29943147,1.4367507,-0.22389616,0.8096225,-0.6417643,-1.0065894,-0.06749985,0.28048497,0.11032911,0.3159187,0.39919463,0.19616905,-0.36559018,-0.41205898,0.5130879,0.7816811,0.9835415,0.8201233,-0.7918495,-0.21709962,0.7453322,-1.1115277,2.0104434,1.7646656,-0.6161681,-1.5945469,-0.29258662,1.0082562,0.4395186,-0.33204365,0.48000506,0.3763459,-0.15888491,-0.6098056,-0.23411924,-0.24228999,0.70298094,-0.4407997,0.41622478,-0.37837148,-0.41492662,0.8895712,0.7959904,-0.553312,1.0477817,-1.6478908,-0.03588899,-0.8814268,1.2599939,-0.3471922,-0.6032618,-0.81800234,0.3042005,1.2128468,-0.30229533,0.57361215,0.046709616,0.25464678,0.74926704,-0.28127873,-0.6362876,-0.13141493,1.8685501,0.6275656,0.15807869,-0.41699505,0.77866423,0.94672716,0.4410062,-0.6567218,-0.20228799,0.32241607,-1.4067968,0.045422096,-0.2753338,1.0306177,-0.44899607,-0.013767038,-0.049308434,-0.09137715,-0.4419212,-0.39921921,0.4548731,1.3831801,-0.6235126,-0.3284828,-0.07702748,-0.030486915,0.4863413,0.05053484,-0.4614179,0.5415649,-0.34241864,-0.14553373,-0.40165502,0.3690261,0.18590643,0.6626408,0.8481117,-0.41356945,1.4227355,-0.16617206,-0.628285,-0.74432015,-0.45540103,-0.69323146,0.6985846,-0.042031467,0.61663175,-0.4204092,0.9087156,0.058999293,-0.799956,-1.2769294,-0.2456544,0.23239298,-0.015133692,-0.96578705,-0.79816836,0.6353617,1.1667409,-1.2831479,2.3238287,-0.3267259,0.51664585,-0.33904493,1.4133638,-0.93470997,-0.053473175,0.43842462,0.40772977,1.349776,-0.352129,-0.27586195,0.4161848,-0.22753999,0.7753816,-0.46131968,0.48973402,1.2350727,2.4223473,1.1333414,1.3907752,-0.11912133,0.1307018,-0.97020155,-3.5044193,0.5678779,-1.0255092,-1.5180434,0.75736564,-1.0349972,0.49235812,-0.5449901,0.33858827,-0.35406402,-1.1838251,-1.687093,1.1647129,2.9342842,-0.6762773,0.8920206,0.6816773,-0.24427031,-0.19602107,0.40248072,-1.2373194,0.22103743,0.58883494,-1.7616621,-1.2461038,-0.64344794,-0.6520666,-1.835995,-0.11910623,1.3736478,-1.5617199,-0.45218095,-0.30041394,-1.7317901,0.537001,0.33006918,0.21672368,-2.316451,-1.3383139,-0.10376821,-2.0052805,-0.8214441,1.867737,-1.2139888,0.0034538764,1.6836108,-0.39116874,0.28637818,0.5786543,-0.4344413,0.77167666,-0.75985503,-0.13205843,1.8258266,-0.26540563,-1.0143484,-1.103427,-0.5784625,-0.59150755,0.33035123,-0.45957568,-0.74176335,0.96604383,0.5970679,-0.45561126,0.7240401,0.17762724,0.26952764,-0.7766951,0.056547403,-0.838792,1.5030385,0.21597882,0.5369106,-0.07980822,-1.4202868,0.11980254,1.2395601,-1.3327384,0.47468874,0.29264048,1.5590105,0.14137591,-0.22119868,-1.6448275,0.4019141,-1.9835223,-1.7539595,0.888085,0.010874832,0.64203876,-1.3133887,1.3882616,1.5544313,0.18387926,0.864224,-0.03503767,-1.5660025,-0.09299397,1.585056,0.14099732,1.264615,0.56726485,-1.5645055,-0.35162064,-0.18792938,1.2048118,0.42753637
http://www.benchmark.org/family#F7F121,0.18677859,0.03063109,-0.89453745,0.39133337,0.7364793,0.23374026,1.0563687,-0.19460289,-0.6693226,0.5646955,-0.2651948,-0.88787377,-0.22885248,-0.9158135,0.5514534,0.36800712,-0.08160387,0.045572314,0.27596533,0.15450631,0.4823813,0.29775783,0.3298467,0.11957473,1.5192931,0.0516213,0.51171917,-0.50602895,0.15241846,0.3072654,-0.75049627,0.10091932,-0.4700372,-0.08290098,-0.21005198,-0.08935054,0.09880423,-0.92789406,0.67219836,0.073064364,-0.8958617,-0.060776196,-0.3988248,-0.33051908,-0.63949805,1.3410901,-0.79347163,-0.8021024,-0.52268624,-1.1197907,-0.2565577,0.46344313,-0.6406797,0.15737033,-0.4243105,0.2704962,0.33489558,0.6639093,0.057696354,0.2488238,-0.42734516,-1.0740179,0.13167371,-0.526869,0.9168805,0.046955228,-0.46170923,0.2283065,0.12986217,0.69658136,1.015508,-0.04027923,-0.016044946,0.38606057,0.5845131,0.39848498,0.56844354,0.8610003,-0.37564847,-0.19146892,-0.32483485,-0.7590047,-0.6779008,-1.3505745,-0.4565629,-0.4983886,0.5332576,0.34906936,-0.37698334,-0.22637644,-0.17331341,0.01154263,0.7257902,-0.5107391,0.0012885986,-1.441591,-1.833196,-0.33386213,-0.36556864,-0.7025399,0.2027057,-0.4213395,-0.17081363,-0.2570112,1.203607,0.25919956,-0.5691498,1.1026294,-0.37848932,-0.44937995,0.24069156,0.35861272,0.5148992,-0.056515366,0.027462725,-0.37541986,-0.7245056,-0.3753424,-0.32259148,-0.06880665,0.08435272,1.7287409,0.3922183,0.37792292,-0.54713076,-0.2688849,0.054905213,-0.3285988,-0.07847472,-0.095259786,0.8964077,0.27302006,1.4291269,0.22504477,2.5326645,0.7472742,-1.3133663,0.29463014,0.9275939,0.3668401,-1.1772901,0.30729687,2.0317192,-0.59396344,1.2425823,-1.4677926,1.0341576,-1.5385995,-0.5773049,-1.8567572,-0.9185052,0.20089564,-0.16000997,-0.019821646,-1.2021053,0.5587276,1.0484263,-0.77565914,-2.07689,1.0478858,0.7479393,2.2800121,-0.9821627,1.1578356,-0.88446677,-0.44046882,-0.8890726,-1.6323104,0.3136822,-0.64387006,0.070859306,-0.5912473,-1.2385614,0.5670539,-0.07239812,-0.9457524,-0.5351234,-0.497284,-0.43320584,0.772503,-0.82203424,-1.1708809,-0.37369475,-0.33721447,-0.87322795,1.4372107,-0.7307094,-1.0671377,-1.5320933,-0.93778014,-1.1432117,0.63942105,-1.636143,0.7117413,0.8297398,-0.5030245,1.0385393,0.8012435,0.6610505,-0.40440226,1.2005271,-0.013028422,-0.84323084,1.2641647,-0.7505861,-0.12848994,-1.1285384,-0.6150588,0.7222424,0.9348431,0.49594846,0.8667667,0.6735248,-0.90603226,0.04917345,-0.5539738,0.60327184,-1.2300192,-1.584083,0.4611103,1.3246154,-0.82830566,0.942164,-1.3847332,1.6004522,-0.44074517,0.6912279,-0.95173746,-0.50162995,0.2772963,0.91645265,0.19854623,-2.1567175,-0.21248849,-0.18078342,1.1407319,0.43182346,-1.2472968,0.63272846,-0.26611733,0.8017162,0.8793323,1.1847029,-1.1020045,1.4814421,-0.7925169,-0.20873988,-0.42432094,2.3046443,1.4506795,0.57381827,-0.40738323,-0.55024713,0.93624777,0.8506215,1.3570868
http://www.benchmark.org/family#F6F79,-0.21461402,0.40153193,0.9158228,0.36109132,0.14076899,-0.7663449,0.716648,0.7082121,0.58452195,-0.20114887,-0.9150316,-1.3847051,0.5685644,0.22398314,-1.4457895,-0.18460783,-0.047524896,0.22845164,1.0335221,0.72848594,-0.18440656,1.2360144,0.65342385,-0.023341134,2.0785482,0.62760866,0.890411,-1.315075,2.0136516,0.36534584,0.42018497,-0.09221372,0.09865224,-0.26360488,-0.9498051,-0.268611,0.45023564,0.15560721,1.4825819,0.6227428,0.8815373,0.6623487,0.07245795,-0.14531069,-0.9104291,0.6791346,0.7981926,0.37079656,1.2552674,0.5792525,-1.1344718,0.55738354,-0.42963478,0.33817115,0.9491009,-0.7650171,-0.28525653,0.52629036,-0.1236846,-1.0959519,-0.39997897,1.5536134,-0.6120533,0.1828189,0.82233995,0.28605083,-0.1920066,-0.8625233,0.80140924,-0.56215847,0.3207949,0.23193091,-0.18619426,-0.13132791,-0.09855716,-0.45230916,-0.24280474,1.6701053,-0.42334232,-0.61563,-0.14805366,-0.32151756,0.1180176,-0.27619714,-0.10767682,-0.48675084,0.5306552,-0.18117933,-0.22608481,-0.13007526,0.09741328,0.0939142,1.6493756,-1.3089494,-0.47401598,-0.2877069,-0.03228013,-0.28642568,-0.16222201,-1.0419081,0.11816587,-1.6474898,-0.1516183,0.020148022,0.1732736,1.2795922,-0.31143087,0.5108756,0.36413893,0.05799053,0.605291,0.01810242,-0.2804514,0.5764826,1.2748542,0.2040204,-2.5927374,-0.8639518,-0.79426557,-0.9941196,-2.1402268,0.99017066,-0.045679495,-0.53913575,-0.71750754,-0.7315683,0.32522607,-0.11711188,0.3581987,-1.6998498,-0.0346186,1.1191275,0.46285632,1.5954127,0.9122119,-1.8836762,0.9531041,-1.6234922,-0.7651372,-0.05657779,-0.118859656,1.43805,-0.3817128,-2.8544147,2.3253434,0.1816607,-1.005073,-1.525586,1.2357415,1.493789,1.2929827,-1.6964213,0.049686164,-0.87030077,0.7949703,1.5046448,0.90293634,-0.052500572,-0.6343918,0.7313015,2.2231317,0.667605,0.097888164,-0.08559846,0.47985736,0.822825,-1.8757125,-0.04081843,-2.5393472,-2.5580451,-0.6847162,-0.7597106,-0.7730684,1.4766141,1.5698045,-0.18215594,0.005015966,-0.90131557,1.6600999,0.96317446,-1.4084842,-0.51389825,1.4087933,0.8778594,-0.4694036,-2.1562598,-0.9878071,-1.1843076,-0.18577941,-1.1420665,-0.13384098,2.05465,0.29880923,0.683034,-1.2221009,1.2037698,-1.2476183,0.36521366,-0.08419033,0.5721899,0.33530635,0.22347213,0.079926,0.4886494,1.0438666,0.10741391,-0.22455154,0.89208007,-0.79430616,-1.2631371,0.70439523,0.809846,-0.052199394,0.41464442,0.9696563,1.2179759,0.518371,1.4137546,-0.20341747,0.8993452,-1.2330774,-0.5535297,-1.60903,-1.9519153,0.58485883,-0.46044,-0.7906451,-1.1844383,-0.26342788,1.2195462,0.7794612,-0.48060787,-0.63408774,-0.07740141,-0.36162674,0.39698464,-1.1989481,-0.7762333,-0.1723504,0.8905885,1.2119713,0.06291684,0.5666418,-0.7263652,0.35235927,1.3666807,-0.454419,1.312652,-1.268337,1.3604194,-1.7495848,0.46922028,1.3822349,-0.089713834,2.5669942,0.50844413
http://www.benchmark.org/family#F2F24,-0.30019003,0.65939075,0.6231586,1.8003676,-1.127148,0.90966094,0.23460764,-0.21668738,0.58586174,0.49159086,-1.474943,0.5089389,-0.36275417,-0.3799228,0.61415154,-0.071760155,0.07654309,-1.2788647,-0.30568394,-0.5724603,-0.89870054,-0.85660577,0.7051133,-0.13229164,1.333938,0.17389692,-1.1015328,-1.0256228,0.037704535,0.8696128,0.10011267,0.2414408,-0.8571348,0.050879125,-0.33065355,-0.90451723,0.34402102,-0.3418999,0.8598673,0.037376784,-0.6550287,-0.7064021,0.053331405,-0.96594834,-0.8178279,-0.4003422,-0.5825285,-0.41466805,0.7033518,-1.1168638,-0.39161962,-1.859458,0.27558503,1.1191419,1.1271007,-0.11696327,-0.3156463,0.20738791,0.5696128,0.78134763,0.07273641,-0.44592986,-0.75970745,-0.75597036,0.073718145,-0.8286903,-0.13611543,-0.32265016,-0.34027788,0.57825977,1.0259807,-0.048699826,-1.0076066,0.43420133,-0.32242537,-1.9440838,-0.46658346,0.7388572,-0.22554734,-0.2213804,-0.143479,1.4862832,1.1533957,-0.525909,-0.3600233,-0.4379583,0.047785785,-0.06621446,-0.35420328,-0.9866472,-0.26218835,0.44967735,-0.1893669,-0.013719518,1.0905291,-0.6195632,1.2496814,-0.47760507,0.3580109,0.5669502,-0.35114896,1.3195992,0.31401166,0.9839687,-0.37818795,0.51105654,-0.062010046,-0.6720649,-0.6645688,-0.02015019,0.4266506,1.3263336,-0.4181851,1.7933506,0.12651859,1.0105512,-0.42480415,-0.91449094,0.107264794,-0.8743486,-2.7143795,-0.8467473,0.8191552,0.2882078,-0.4089877,1.0494965,1.0975603,0.26900342,1.1563201,1.2256871,0.20299815,-1.4104421,-0.09390872,0.8523018,0.44007528,-0.9090721,2.8111799,-2.168113,-1.0147789,0.4607493,-0.31183222,-0.19806606,-0.29504582,1.0160233,0.04633648,0.028187394,2.6839437,0.2341916,0.72152555,1.050882,-0.20377883,-0.86253345,2.1715815,-0.13663717,0.13053204,2.1645813,-0.75680345,-0.31560713,-1.0489213,-1.0117383,1.512609,2.8206146,1.2632868,-0.22246557,1.0377616,-1.392774,0.4849112,-0.5446882,-0.44830346,-2.1727257,0.5794068,0.28778872,0.10796061,0.14858986,-1.2173578,0.5171558,1.0251789,0.8249963,-1.2176826,-2.2744627,0.94288695,0.22889973,-0.19726506,-0.966502,-0.1659953,-0.08627299,-1.2767438,-0.02604762,-1.3325156,-1.4236534,1.5045727,1.8764114,-1.0451033,-0.25538495,0.7320045,-0.6646068,-0.5065677,0.6025126,1.0981334,-0.08686329,-0.4104004,-1.115475,-0.3343597,0.39807788,1.473739,0.97853464,-0.14189273,-0.4591071,-2.2471156,0.2260815,1.898234,-0.98766303,-0.13617133,0.45617974,-0.4368243,0.32028276,-0.17628352,1.6651422,-1.4452636,1.0091382,-0.79910177,0.3387347,-0.6223809,-1.2121205,-0.40485746,2.6468897,-0.3739007,-0.8182736,0.56687516,3.12196,-1.3389236,0.23746213,1.1535938,2.2540884,0.98307604,0.3106662,0.2466485,-0.75397843,0.3689302,-0.036736306,0.5720434,0.798375,1.824054,0.6734006,-1.495229,0.52829874,-0.41826752,0.41728398,1.1243062,0.4611836,1.5541275,1.1530545,0.3301502,-0.6412841,0.7160615,-0.04251236
http://www.benchmark.org/family#F9M144,0.526564,0.21204172,-0.34380725,0.18891425,-0.65111864,0.3969247,0.37128237,-0.62604105,0.2983608,-1.343284,-0.3523733,0.06939041,-0.888407,-0.13994376,-0.0433346,-0.21375354,-0.5300129,0.27802292,0.61092883,-0.70897794,-1.375812,0.7825269,-0.37973523,0.23866598,-0.72710174,0.28725362,-0.8444228,-1.3401052,-1.0877663,0.31691146,0.19558339,0.48588255,-0.47389233,-1.049433,-0.34475496,-0.16943586,0.26257044,-0.46187606,1.7277019,-0.053961746,-1.5313871,-0.36129907,0.16521668,0.51605546,-0.0034673156,-2.0036578,-0.24976535,-0.080358155,-0.19188288,-0.38978028,0.4902496,0.530974,0.24722011,-0.93808717,0.39809278,-1.0249943,-0.021513525,-0.30658638,-1.5654911,-0.53923255,-1.8155017,-1.3318102,-0.019116,0.39975914,-0.3197598,0.5253429,-0.36137408,0.5992968,0.090709694,-0.3419769,1.1316171,-0.021546077,2.0047553,-0.985891,0.5273774,-0.20726971,0.10375045,-1.1502075,-0.019138278,-0.6612233,-0.5220927,-0.069311395,-0.20447055,-0.3397851,0.98631006,-0.24441959,-2.2304502,0.20997748,-0.14536604,-0.2572366,-0.60249233,-1.2341522,-0.24998868,-0.92719585,-0.2882334,-0.40643317,-0.85943323,1.9165382,0.6582796,1.0395515,0.13710307,-2.4413993,-0.20770633,1.367293,-0.12011596,-1.2995381,0.16650268,-0.65129495,0.69743913,-0.9755409,0.2926289,0.3806467,-1.3934315,0.42261732,0.002501936,0.35223716,0.37790167,-0.09375996,-0.20164646,-0.5308911,-0.17089395,1.0158523,-0.27312407,-0.09074606,-0.22921288,-0.3219174,-0.59679675,0.6517672,-1.4176269,-0.014442141,-1.0268503,-0.23797767,0.41469038,0.83001983,0.20179664,-0.4313048,-0.7916743,1.0146698,0.5777853,-1.433607,0.13582183,-0.09602629,0.52700514,-1.1721619,1.66063,0.9835492,2.2650156,1.2687427,1.4321223,0.53054994,1.4132521,-1.7188923,2.3849554,0.85065097,-1.1086919,0.75827223,1.8344004,0.2975689,-1.0188407,-0.13981411,0.067286156,-0.2556937,-0.46732914,1.3726436,0.72048557,0.28051603,-1.2433325,-0.1592467,-0.108771704,0.7401909,-0.66818345,-2.6255527,0.445553,0.9283084,-0.48097527,-0.9028893,-0.13025263,1.9284261,0.74196255,0.278573,1.69369,0.5552204,0.12643191,-0.3233574,-1.6495546,0.81798345,0.47624278,0.549726,-1.1369679,-0.8078554,0.8820899,0.82439804,-0.010243506,0.6046359,-1.0046818,2.3088713,0.77363497,0.17910373,1.4596673,-0.81294674,0.042056583,1.5299298,0.24967016,0.98592126,0.033046126,0.39750195,-3.1277761,0.6141932,-1.5777968,0.69638854,-0.27556708,-0.49075094,-0.44740278,1.7637961,-1.2040458,0.23001735,-2.2599282,0.24492367,-0.8810379,0.93845206,0.04847004,-0.07281907,-1.1811347,-0.3331979,-1.3449155,0.02996056,-0.01286729,0.6670348,0.28359854,-0.41503003,2.0279992,-0.23887923,0.9663722,-0.41447726,-1.9113517,-0.9179483,1.0680097,-0.8503241,-0.31279558,0.45492157,1.4734019,-0.78862286,-1.218727,-0.063649826,0.098755844,0.27043223,0.26130435,2.361039,1.4184675,0.8051825,-0.11355793,-0.495264,-0.7654089,1.1748434,-0.20426339,-1.8593355
http://www.benchmark.org/family#F10F201,0.047414664,0.17865956,0.5105648,0.9258496,-0.72377896,-0.23540124,0.1027198,0.09436471,-0.031176805,-0.19802308,-0.56098664,-0.25783333,-0.045331266,-0.14863446,0.013158463,-0.77007186,-0.24812248,-1.4906151,-0.691092,1.5019532,0.38661763,0.16004296,0.16805747,0.90487105,0.67378235,0.95288825,-0.21228978,-0.8175423,1.0007834,0.33331957,0.23074758,1.846362,0.24266441,-1.328832,0.9617317,-0.32175407,0.92147785,-0.017453281,0.28449726,0.054847676,0.20679368,0.5002751,-0.39813578,-0.17590432,-0.64032704,-0.20239691,-0.55515414,0.92685676,1.1718264,-0.7978325,-0.04075069,0.5489681,0.9356488,-0.21728739,0.11560453,-1.2152088,-0.399298,0.09736547,1.1769488,-0.14354512,-0.09608663,0.035523243,-0.5232073,-0.31616265,-0.6399571,-0.31364623,-0.42185688,-0.89882773,0.36417368,0.10309352,1.0689704,-0.71914905,1.1237977,0.23503433,0.14371523,-0.9063433,0.048079036,1.8065333,-0.04203664,-0.5606654,-0.021042889,-0.13314019,-0.43655303,0.57688344,-1.5689814,-0.38348958,-0.3823604,0.49791324,-0.16204293,-0.8975449,-0.21030056,0.061348658,-0.37549475,0.4177584,-1.649797,1.3014414,-0.18893722,0.07326175,0.3082725,0.45434847,-0.275138,-0.61459476,-0.27869612,-0.31413528,0.19562554,0.28269026,-0.5664738,-0.50068575,-0.6895141,0.026511798,0.34342283,0.676621,-1.2525089,0.021267058,0.07214912,0.26919547,-0.56751716,-0.90200883,-0.7506827,-0.7666728,-0.9488075,-1.2349514,-0.030842377,-0.29085758,0.09749327,0.4717885,-0.022014,1.0141612,0.042103793,1.156528,0.20128754,0.60954255,0.6568417,1.3314058,0.9263981,0.07756212,0.10854597,0.0015706616,-0.36101958,-1.3886822,-1.4829128,0.4188678,2.307073,0.11053175,0.7704664,1.4306226,2.106679,-0.92507935,-0.022597045,1.7769022,0.4114861,-1.4872583,2.6395917,0.7177035,0.6751871,1.9337558,1.3054041,1.3403143,-1.1119893,-2.1292288,-0.515991,1.0274103,1.1651598,0.7958726,0.24010946,0.33224788,-0.61581486,-1.041966,-0.594837,-0.6365793,-0.8596909,-0.43716988,-0.032952312,-1.2093177,-1.2536955,-0.14337446,-0.5542192,0.38074368,-0.6118545,0.72228163,-0.3826948,-0.5593064,-0.07356569,-0.15216081,0.8388978,-0.7900005,-0.78725827,-1.1293505,-0.6377045,-1.7329204,0.11422805,0.19204375,-0.23045416,0.8182398,-1.6709657,0.5907629,0.34059283,-0.2745229,-1.2465371,1.2152632,0.8376868,0.9501963,-1.171256,-0.7469881,2.9686239,0.34525642,-0.4378295,-0.68082416,2.122398,1.7611067,1.5797887,-0.8854909,1.8894097,0.7366714,0.98606604,0.5491975,-0.5350438,-0.20318192,-1.8168938,-0.10288391,-0.84479606,0.10052842,-0.5775578,-0.46271405,0.13693735,-0.76645166,-1.9428091,0.6225825,-0.10327341,0.32254338,-1.2738645,0.8857062,0.8036662,-0.22474872,-2.1359158,1.1168995,0.96551156,-1.0421224,1.2605333,0.18726309,1.9471287,-0.066858366,-0.17515321,-0.33258906,1.2270156,0.8924771,-1.119322,2.400801,-0.2294709,2.7023532,-0.8482579,-1.6475186,0.3570674,-0.93931675,2.0100484,0.0795341
http://www.benchmark.org/family#F10M178,0.7659944,0.6355346,0.094897896,0.47193098,-0.002256691,-0.5337005,-0.5534598,1.1759257,-0.116623096,0.21746014,-0.5633642,-0.41298306,-0.4509732,-1.3781351,-1.2447007,-0.3352257,-1.041617,0.5777476,-1.2116263,0.37173435,-0.34841183,-0.24572977,-0.17262492,1.533636,2.1395824,-0.68671995,-0.7656167,-0.10255335,-1.3744344,0.19901146,1.8321704,-0.4589496,0.5871043,-1.1587093,-0.35043174,0.57433796,0.96643543,-0.6894021,1.8271976,1.6339638,0.6580582,-0.22047359,-0.29113185,0.1423579,-0.23351522,0.32269213,-0.27615786,0.27975303,-0.3301849,-0.7611945,1.0785991,-0.10903146,-1.3963897,-0.3162559,-0.09912527,-1.6337312,-0.42807642,0.5669637,0.15167806,0.79231346,1.5344055,0.16078024,-1.2885519,0.44171312,0.69805944,-0.90711844,0.20228775,0.71737343,1.1234992,0.1409416,1.4044495,-0.30449632,-0.531051,-1.2040246,0.70904875,1.9471859,0.15598807,0.32018924,1.0320283,-0.21235879,0.17648956,-0.7550874,-0.49013588,0.5980088,-0.5965878,0.017837673,-0.2939933,0.75478584,0.7462567,-0.23650342,-0.048840307,-0.14631917,0.042996727,-0.8517078,0.6404506,-0.7474773,0.47123322,-1.3289211,-1.574497,0.75776154,0.6273783,-0.5097236,-0.6453268,0.5780449,0.27097738,-0.21456645,-1.3734187,-0.38913348,0.61009437,-0.9174659,-0.13597675,1.2632451,0.25404966,0.16215068,0.06202797,0.4929892,0.39047512,0.83484817,-0.2709054,-0.95470625,0.37284252,1.3530595,-0.10276196,-0.49207947,-0.49578124,-0.86471975,0.046188585,1.4738637,0.35052294,0.16008207,-0.8917671,-1.6931174,1.5248532,0.4173366,0.14698948,-0.13598612,0.1145369,-0.9067481,1.4913774,0.8051378,0.061008982,1.7426231,-0.40071464,-0.75511646,1.0962847,-1.2095367,0.54484147,0.25769642,-0.064694084,0.52575076,0.39828134,-0.49952105,0.44440717,0.7433612,-0.83324146,-0.6792869,0.4475743,2.2612557,-1.3998631,-1.3519713,1.4914141,-0.2005719,-2.0679066,-0.64699465,2.236165,-0.99124306,-0.48808303,-1.1683617,1.2139726,0.25265855,-1.8583124,-0.72251624,-1.9796872,-0.30612057,-0.97662055,-0.49504977,-1.3569303,-0.19564575,0.9897899,-1.169982,0.0394677,0.39519802,0.23137401,-0.07827226,-0.12302728,0.7213941,-0.48974684,-0.279137,-0.09749598,-0.7663024,1.5863202,0.6178909,-0.5092469,-0.108337246,-0.5428388,0.58074325,-0.7542272,0.725238,1.7339656,-1.2284524,1.0075793,0.54530936,-2.214167,0.14937602,-0.0813622,0.8446646,0.5064686,0.6375005,-0.54666775,0.12237379,0.75743383,0.3355545,1.579549,-0.15888731,-0.060117286,-0.3959118,-1.0596379,1.0617362,-1.9682629,0.98155165,0.067970976,0.905214,-1.0983075,0.45016128,-1.1438265,1.0211414,-0.53921425,0.72519225,-0.080583595,0.8600856,0.27871585,1.0035983,-2.2149124,0.19509663,1.7984289,0.75471956,-1.5882981,-0.993684,0.084613584,0.9601476,0.9886049,1.1836267,0.63739854,-1.619101,0.3335794,-0.73659956,0.7814585,0.52984124,1.53232,-0.21005996,0.6937574,0.15958364,0.027905982,-1.010096,0.77789026,-0.39552194
http://www.benchmark.org/family#F7M115,-0.68324596,-0.06074501,-1.053335,-0.63378406,0.98040986,0.34984443,-1.4415216,0.13448708,-0.16819397,0.4532168,-0.76477724,0.8795757,0.7704606,0.27510777,-0.1909449,-0.26984507,-1.3954275,0.26973847,0.61400485,-1.4265065,0.2941917,0.6789253,0.2755775,1.2606006,0.7963507,-0.14402708,0.0072283866,0.07268308,0.047806695,0.06212804,0.07436331,0.02392609,1.1367791,-1.4448111,-0.38884798,-0.64516723,0.08840404,0.32936224,0.121836245,0.5108316,-0.661761,-0.6041055,-1.0788453,-0.2390542,-0.15553717,-0.5568513,0.8998576,-0.6191015,0.33965886,-1.2033646,0.98840165,0.4762157,-0.21196482,-0.012713493,0.8642823,1.2488455,-0.5336222,0.60783005,-0.95410293,0.14649971,0.980605,-1.3222044,-0.40037572,-2.0125887,-0.13977632,-0.07558094,0.64402026,-0.47683397,-0.29621977,0.32561132,1.3844447,-0.3513427,0.7895106,-0.23893549,-0.41310328,-0.001763436,-0.083417706,0.5646776,-0.3671635,0.6063875,0.093107045,-0.45681724,-0.1329961,0.49351406,-1.1571262,0.3405224,0.14774923,-0.016249122,-0.19575988,-0.03977413,-0.34604737,0.7509374,0.63047636,0.53431475,-0.30540842,-0.3038252,-0.41517317,-0.43035546,-0.46666574,0.5333995,-0.94262695,-1.1206771,0.21645343,0.80593824,-0.2846766,0.650613,0.20157617,-0.672224,-0.5025231,0.5815288,-0.08681776,-1.3071718,-0.78230405,1.3707024,0.114483416,-0.2330646,-0.7737252,0.042044092,-0.57794297,-1.6902761,-1.646002,-1.842762,-0.06461207,0.27644935,0.13722026,0.051415578,1.1482872,0.30171806,0.39640886,0.8456758,0.06661887,-1.6290607,2.5543272,-0.13425395,-0.21542564,-0.040523294,2.0067048,-1.0369419,0.36263236,0.86640894,-0.5323234,0.5025647,-0.31833348,-1.3527311,0.31852174,-0.19430587,-0.100730136,-0.96846205,-0.065541685,-0.06744942,-0.8151473,-2.0187018,0.49615034,0.6525009,0.65746033,0.0747011,1.4728045,1.1504257,-0.60989755,-0.19465528,-0.16661727,1.3143231,-1.3315052,1.592817,-0.35521758,0.31696895,-1.4271923,-1.0488813,-0.08687773,0.21394643,-0.71876067,-0.9903322,0.81940216,0.52615833,0.391651,-0.1968196,0.97578835,0.51779723,-0.36138868,-1.8420913,-2.1126978,-0.5951905,-0.21896504,1.2084864,-0.3121458,-0.124907136,0.90860987,-0.86883074,-1.2001784,-0.761151,1.5790474,0.49506202,-1.0789615,-0.8311904,-0.7531519,-1.3547581,0.9851438,-0.24657929,-0.13418944,0.08821957,-1.0985626,0.5889328,-1.022996,-0.38535285,0.7328851,2.1142669,-0.055505514,2.098404,0.5463623,-1.0652786,0.28681964,-0.35441092,0.5843648,-0.5491824,0.48502275,0.13074802,0.2996926,0.108051546,-0.1276623,0.44936597,0.32223156,0.034789223,0.2434435,-2.0648558,2.6644301,0.6695331,0.6081242,-1.5736144,-0.87404644,0.07560627,0.25133163,0.3697287,-0.64894813,0.12664738,-0.719514,-0.117434494,-0.8159526,-1.2755017,0.27963483,-0.8045859,0.836959,0.022809519,0.018117074,-0.58379525,-0.87583417,-0.7955044,-1.1265826,0.2314361,0.66102993,1.0242949,1.5949285,-1.3434957,0.801751,-1.3734292,1.4013959,0.5927219
http://www.benchmark.org/family#F1M8,0.085084096,0.96484756,-0.7711347,-0.4689424,-0.13220467,0.25933492,0.9110739,0.2314302,0.014879367,0.39605507,0.043290067,0.08690454,1.1015004,-0.19409671,-0.44091624,-0.10533781,1.01539,-0.59828526,0.9604843,1.0825288,-0.56989473,0.32306328,0.28802714,0.40141228,0.024680203,0.4861459,-1.2428739,-0.3157475,-0.09674477,0.4917419,0.16590148,0.49025297,-1.0474834,-0.30332,0.06121607,-0.41498378,-1.4765874,-0.14593653,1.1199712,-0.1566034,0.5660985,0.37218118,-1.0619346,-1.1300737,0.7818412,-1.4829056,-0.32862294,-0.65274906,0.016735084,0.042747818,0.10746247,0.43770707,-1.0138524,1.0248845,-0.39643398,-0.66507655,-0.17284147,-0.08623373,-0.37556544,-0.042747125,0.55294865,-0.17095485,-0.09281077,-0.98581916,-0.68331385,-0.5359599,-0.6985503,0.11981228,0.5705671,0.034513038,0.71628916,-1.2742468,-0.13436222,0.5604576,0.008066255,0.48662302,0.75526255,1.0377516,-0.28417733,-0.13071726,0.59082574,-1.1258975,-0.5276484,-0.6754316,-0.26414827,0.43420547,0.27316242,0.32269523,-0.7055016,1.1387256,-0.5833907,0.09378419,0.7149609,-0.102660306,-0.23095977,-0.71168756,0.62774175,0.36826882,0.031818572,1.1535708,-0.54335815,0.6301851,0.22379822,0.73392755,-0.052090548,-0.015122808,0.047600016,-0.6504197,0.42102128,-1.2173923,0.90333515,0.8581491,-0.6317133,0.5982776,-0.17904846,-0.882817,0.8849539,0.18294002,0.15983717,-1.0278708,-0.3849443,0.5797005,0.6660411,0.035858348,-0.14303753,0.251992,0.29685897,-0.17832991,-0.8204317,-1.0298682,-1.0420762,-3.497828,1.8372393,-0.108370215,-1.3387997,2.9186566,-0.5177301,-0.26844934,-0.5182309,0.17595631,0.45804292,0.04630684,0.34139195,0.24629359,0.8805774,-1.1917794,-0.16434349,1.5366914,-0.045641303,1.1852549,0.7914526,0.8031194,2.5942645,0.49261674,-0.28115115,1.5061423,-1.540515,0.11507308,-0.20674996,1.0499367,2.2113392,1.5107857,-0.7648591,0.90122867,0.77991635,-0.024934046,-0.2178528,0.08096046,0.29090494,-0.7137422,-0.0040902137,-0.19226395,0.39681983,0.58146125,-0.00074460695,0.4692719,-0.66157675,0.82309127,-0.29294616,0.35767978,0.6026228,0.27468315,1.2271767,-0.306871,-0.9219364,-0.28311703,-1.8430417,-0.19549637,-2.4959078,-1.5643437,0.6375542,2.0583744,-0.15138486,-0.48934177,0.70861685,-0.48151788,-1.1594294,-1.0061328,-0.26054686,-1.0831624,-0.8422428,0.11464001,-1.0004382,-0.32069165,0.421591,2.5986853,1.3549331,0.24138173,-2.5092535,2.4389584,0.66772765,-0.42948183,1.0813323,1.20081,-0.81555706,-1.3391823,-0.8472095,-0.05940621,-1.927258,-0.27783602,0.7081924,0.6559243,-0.053207617,-0.31463116,-0.40120834,-0.55764526,-0.49195668,-1.4970204,-1.700884,1.2835009,1.015834,0.6554981,-0.97011274,0.73561025,0.09173893,-0.98671186,-0.469509,-0.67444503,0.1783084,0.28975904,1.0505949,1.6370893,0.5173172,0.065956585,0.6873353,0.89091736,-0.49483278,1.1041355,0.9119085,-0.07475088,0.22020316,0.28370714,0.67773306,-1.4446629,0.73105526,0.30057177
http://www.benchmark.org/family#F8M138,-0.83319765,0.4942856,-0.115551025,0.22664487,0.5627105,0.591591,-1.0443314,-0.30983213,-0.48892152,0.1442251,0.3694604,-0.8498191,-0.094799645,-0.7297977,0.34292048,-0.3035674,-1.4415523,-0.029043889,0.48119807,0.4655718,-0.1390574,0.19977768,-1.8056383,-1.1711555,1.070636,0.07631664,-0.7924776,-1.825155,1.649937,0.059397556,-0.12443177,-0.055874567,-0.6562149,-0.99722916,-0.59121567,-0.62287045,-1.1501051,0.03396734,1.0844254,0.040710077,-0.6180224,0.21457313,-0.14024656,-0.95225024,-0.20326501,-0.031480744,-0.8598916,0.0859029,-0.38758788,-0.96692127,0.29973906,0.19594593,-0.40798128,0.1306396,-0.38149375,-0.32325366,1.5794582,-0.2709811,-0.18091081,-0.57080203,-0.2029907,-0.0886981,0.10271675,0.03877714,1.6001618,-0.36607155,-0.3265294,2.0334628,-0.7421086,0.534233,-0.018579734,0.31231466,-0.2781766,-0.06539608,0.11119183,-0.61985207,0.32304054,0.58744675,0.30691037,-0.58136505,0.15027413,0.23655815,-1.349347,0.081203364,-0.11035485,-0.34772238,0.031499892,1.6469349,-0.85066277,-0.12363502,0.32965133,0.09613572,-0.043800913,-0.1714415,0.62990165,-0.06376907,0.4791644,1.5214307,-1.1819158,0.7746148,0.0057731117,-1.7040001,-0.2183963,0.5817163,0.82171863,-0.02720169,-1.6496763,0.8171874,-0.8540179,-0.6191713,0.34863704,0.9673409,-0.3712496,-0.22632205,0.6395933,-0.3671654,-0.8007863,0.78066957,-1.1675692,-0.15324016,-0.08371209,0.6923067,-0.45259959,-0.45113328,-0.27091482,-0.5465778,0.34366685,-0.044915654,0.9055365,-0.7673334,0.48243693,-2.1521585,0.43212026,0.60649294,1.006258,-0.15300578,-0.945266,-0.74923456,0.2865746,-0.3282904,-0.44007206,-1.0646732,1.3507969,0.38477919,-0.63748133,1.5392084,-0.94367903,0.10885148,0.143654,0.7608602,0.6688724,-0.2763363,0.36232546,-0.19496624,0.82980514,0.4370513,-0.22170572,-0.060821168,-2.3088236,-0.13301253,0.6809107,1.7236897,-0.102469645,1.7189832,-0.8695582,1.2187304,-0.79460347,-1.2935975,-0.7262492,1.8365905,-1.4560436,-0.025053011,0.7300606,0.6306331,-0.9897517,0.7216327,-0.65307987,1.46328,0.60000247,-1.6602458,-1.6087791,-0.5330412,-0.23912738,-0.13783315,0.5731888,0.20414272,-0.8281611,0.20954117,-0.94935375,0.49079663,-0.6855775,1.2170929,0.45880613,0.7025031,-0.2277272,0.4442563,0.43300214,-0.2078805,1.7002474,-1.5340637,-1.0858707,0.21429,0.26485994,1.1062568,-1.60288,1.5047413,-0.09976659,-0.22004879,1.0743171,-0.36617243,-0.88712144,0.48477685,1.5677432,-0.98903227,-0.91140175,0.14554723,-0.41327813,1.3805352,-1.0955127,1.5162046,-0.90551347,0.55775696,-1.2944727,-1.917806,1.0695665,-0.50095177,1.2031456,-0.583874,-0.25572252,0.21593961,-1.0698899,1.6871943,-0.7155364,1.1861968,-1.9619823,-0.04770937,0.81886727,-1.1432669,1.4549724,0.45085087,0.82220393,1.2718067,0.5607885,1.413405,1.0336131,1.3165469,0.5659075,1.5838596,3.1475549,0.20531984,1.73949,-0.12030389,-1.1127868,-0.805274,-0.12683502,0.22332549
http://www.benchmark.org/family#F7F127,-0.70458883,-0.03941484,0.12978585,0.96032655,-0.29542157,-0.19521423,-1.9142464,0.04305612,0.35729104,-0.1200778,0.2255331,0.27730724,1.8706524,0.9401227,-0.011367187,0.13624638,-0.3246358,-1.0703214,0.94461256,-1.4192239,-1.0096836,-0.9734713,2.1406538,0.3934499,-0.09711936,-0.13730086,1.2350336,-1.3985173,0.1684002,-0.20351963,-0.7025486,-0.09618942,-1.3737096,-1.1798162,0.39758942,1.1302576,0.13558263,-0.18479179,-1.0197413,0.033962607,1.3122001,0.46207806,-0.97450167,-0.5792249,-0.3615457,0.17614208,-0.23403046,0.3420233,0.03178001,1.2309376,-0.18510981,-0.7630305,0.9418476,-0.5511558,-0.57368004,-0.15407655,-0.68460625,0.25293753,1.4444317,0.24839897,0.69146425,-0.0793823,-0.84490395,0.06792,0.14191993,-0.17152187,-0.2635015,0.5757157,0.6813485,0.6648619,0.14452475,-0.10640006,-0.5164634,0.31259462,0.3773194,0.95633674,-0.32270247,0.91128474,0.07713054,0.3475841,-0.7274106,0.47327325,-1.1399194,0.63715655,0.5432357,-0.9815946,2.1986656,-0.38630292,0.6770097,0.11186015,-0.30399564,0.6352493,0.030406037,-0.068538286,-1.2458687,-1.1289594,-0.10301748,0.15192232,0.081932865,0.19653548,-0.20132504,0.10166923,1.1299251,-0.5337565,-0.23138128,0.17359273,-0.52091384,0.13313465,-1.3014505,-0.011394802,-0.18190424,1.0256011,-0.15305492,0.41932222,0.18163612,-0.9701713,0.1137816,-0.2543817,0.021914393,-0.9073856,-1.2809069,2.0505078,0.83906597,-0.55085564,-0.29081804,-0.047804642,0.56215346,0.4415311,-1.6019614,0.867195,0.423634,-1.4107921,-0.11350262,1.819436,1.131934,-1.1046451,0.1953852,-0.7613233,-0.8828013,0.7019953,0.8061704,0.12664525,-0.44823056,-0.6983399,1.3521999,-1.6722486,0.97605056,-1.9084783,0.6004385,1.4675888,-2.2765632,-2.1624975,1.2329063,0.21757057,0.10715509,0.45569298,-0.017508756,-0.6000977,-0.76245093,0.23119375,-0.57780087,2.2079408,-1.0735973,1.1061709,-0.6861142,0.68243724,-0.027850267,-0.34153813,-0.23212244,-1.2909479,-0.79489326,-1.6648465,0.4539549,1.0550576,1.0447935,1.4745588,0.38338053,1.5705049,-0.042074453,2.1818826,-0.6205404,-0.027231662,0.62149805,0.0913986,0.4343569,-0.37369487,0.77752215,0.53411555,-0.6807976,-1.4913585,-0.5690121,0.6065045,-0.4715944,0.9661579,-0.37399295,-0.26200554,0.17737554,-0.93635076,0.998721,0.42306665,0.79795253,-1.8396575,-0.79237753,0.5488766,-0.47626352,1.1393449,0.0043485346,-0.7202231,-1.172674,0.5938322,1.9178369,-0.28219768,-0.48343292,0.19415317,-0.68566716,0.17563899,0.67529863,-0.43542328,1.1084636,2.505933,0.73279786,0.032998405,-0.32991782,-0.35750756,-1.4134841,-0.16285612,-0.55234885,-0.86532104,-1.0063324,0.23909947,0.23302846,1.2272776,-0.22484605,-0.24593881,-1.7107626,0.3252482,1.3612692,0.07786613,-0.17424245,-1.1536504,2.058243,0.65620655,1.1617796,1.364662,-0.35770398,0.8476455,-1.3689133,0.8259333,1.9070846,0.7036753,0.15065895,-0.07425964,1.0830625,0.9484546,1.0918537,-1.3531332
http://www.benchmark.org/family#F2F22,0.23233235,0.12183199,0.91094846,1.4198253,-0.14616361,-0.26941738,0.78023684,0.022815607,0.19731483,0.58145434,-1.552994,-0.44213402,-0.32542562,0.37119204,0.086129114,-0.15417847,0.42369932,0.06301672,1.6253785,0.13773206,-2.0003061,-0.85793686,0.35386217,0.6721831,1.0018132,0.7962834,0.4562744,-0.5640992,-0.17623994,1.0804077,0.027709182,0.29563826,0.717739,-1.9137236,0.016721364,-0.05621895,-0.124621905,-0.31844282,1.2530359,-0.20092772,0.29713506,0.5541885,-0.5808978,0.55562973,0.6083915,-0.55712754,-0.06715706,0.7773726,0.04783948,-0.99597275,0.45652634,-0.9185773,1.4590291,-0.8516573,0.15793134,0.80060685,-0.3765311,0.60692585,-0.44420382,-0.15030879,-0.41650158,-0.10220209,-1.4390068,0.43167058,-0.98948556,0.38385564,0.10952806,-0.73114544,0.37795112,0.104509436,0.70065945,0.16213638,0.022279209,-0.1566921,0.7151907,0.3617416,-0.49877995,0.8050624,1.245809,-0.2302181,0.5265114,0.13915363,0.40167752,0.056566145,1.3118103,0.10891595,-0.31548402,-0.81085926,-0.84278387,-1.2870243,-0.017815774,-0.5218032,1.6470041,1.3700018,0.9638852,-1.0653754,-0.44828126,-0.2927792,-0.3165065,-0.33107018,-0.50890416,-1.2239354,-0.36427692,-0.09606726,1.1175662,-0.3308926,-1.9729527,-0.44599643,-1.798248,-0.10760498,0.3593466,0.74840367,-0.4381099,-0.070556805,-0.4640838,-0.028557278,-1.1543127,0.118098944,-0.34855065,-1.5823282,-0.797101,-0.79964775,-0.7392955,0.24561088,0.5206056,0.64293313,1.1969405,0.43800533,0.043840636,0.7957026,-0.1262903,0.0072442684,-0.82091904,1.2219802,1.292653,-1.1812369,0.104623236,0.117315084,-1.2456915,0.3013974,0.32453364,0.64932203,0.9972605,-0.4432498,1.1567216,1.4304125,2.0557008,0.23947115,1.5197508,-0.12917943,0.9662955,0.06273227,0.50020075,-0.09946645,1.2878217,0.783401,0.8217567,1.149117,0.27498224,-0.3068268,2.3985863,0.75417084,-0.20013738,2.2399673,0.27011567,-1.159055,-0.22860985,-0.1622598,0.8259938,0.2571819,-1.6560228,-1.1236213,-0.05996904,-0.24764612,-0.36948553,0.7651127,0.53272283,1.5222355,-0.0097969975,0.024064016,0.3330055,-0.19655803,1.479493,-0.12691088,-0.86785954,2.1983924,0.51711696,-2.3104956,-0.95388913,0.33001715,-0.52966857,0.85352075,1.0075519,-0.08494837,-0.5684389,-0.35891595,0.96392334,-0.2215048,0.5614829,0.25573748,0.32773086,0.17999089,0.04237203,-0.29340562,-0.84741247,0.34031323,-0.23970832,-1.0484174,-0.10031862,-0.16098076,0.33856648,0.6639333,1.0888658,0.48163655,-0.46513462,-0.42718968,-0.22065783,0.044754907,0.49499857,1.265224,-0.23706505,-0.8164533,0.57996273,-0.8861531,0.12886411,-0.18420443,0.3491888,-0.5982432,0.62200123,-0.6948361,0.059892103,1.3581935,-0.04413239,0.40903053,-1.289031,0.22717911,0.31479314,-0.76089287,0.98540723,1.2962241,2.281659,-1.0366627,-0.59962606,1.2511823,0.6695862,-0.5465367,0.09889789,1.2673081,1.5983028,0.8590288,0.6522487,-1.3600489,1.2416482,-1.0040151,0.6442678,0.6201568
http://www.benchmark.org/family#F6F77,0.4660548,-0.27004725,0.47980475,0.33072814,0.5388661,-0.4413962,-0.06937893,-0.35301587,0.20612773,1.7502327,0.23599328,0.28006142,-1.1674309,1.1020951,0.14861129,0.47240213,-0.5692037,0.09864206,0.8066783,-0.076411866,0.8251551,0.36712044,1.2267156,0.43991372,0.40612894,-0.37908024,0.0088268835,-0.98959774,0.122547,0.6109116,0.32167584,-0.30962467,-1.2140335,-0.18530416,-0.6507108,1.2774988,-0.292727,-0.16713941,1.0711125,-0.35713205,-0.09473194,0.37124938,0.23728551,-0.56282747,-0.07601023,-0.91405994,-0.32518098,-0.06816744,-0.05712439,-0.5051162,-0.20023239,-0.2887165,-1.0329404,0.4642533,-0.07572044,-0.44177037,0.47885036,0.35690534,-0.59700847,1.0311403,-0.031143116,-0.7618933,-0.85400105,0.26192293,0.16357675,-1.1551754,-0.4890811,-1.3569076,0.13256656,-0.23587911,1.0483583,-1.0547512,-0.7370168,-1.0674688,0.55106366,-0.3722105,0.92835075,0.3303183,-1.2732437,0.22618632,0.21352877,0.29642528,0.19276978,-0.22149616,0.6815672,0.083974145,0.54175836,0.027505644,0.37845466,-0.068282224,-1.8555537,0.01417691,-0.79096276,-1.8281014,0.28212404,0.33581308,-1.8702447,0.22815755,0.11196021,-0.3563931,-0.19880047,-0.28575706,-0.026328795,-0.4023521,-0.54432106,-1.2046499,0.16039093,-0.60660857,-0.21276252,-2.004466,1.0391911,-0.25193077,-0.5477748,1.5809712,0.2565907,0.08094949,-0.6715433,-2.201401,-0.14555538,0.10873555,-1.1565166,1.7894652,0.14464898,-0.24962257,0.37383956,0.071260884,0.93674403,-1.8816633,-1.6086481,2.207606,0.9421303,0.29347917,0.5938707,1.7547085,2.4287589,1.4644736,-2.018574,-0.267567,-0.42935503,0.34904364,0.7385382,-2.2507312,-2.347233,-0.36848995,0.38541636,0.40111443,1.1681222,0.8903147,-0.487645,-0.51784116,1.2605654,0.41897857,1.7534176,0.35091072,1.9672507,-0.7869255,0.6466425,-0.2753892,-1.1942418,-1.3134452,0.49334073,1.3884827,-0.35480604,0.18204333,-0.6622329,-0.14753802,0.5705872,-0.49629012,0.39164293,-0.83900505,-0.73132676,-1.2692374,-0.3724381,-1.7224905,-0.50244194,-0.053265046,1.0216436,0.28900763,-0.42066494,-1.6362283,-0.8461134,0.6613514,0.92050874,-0.24421631,0.8272076,-1.8500438,0.52953273,0.615037,-1.8452518,-0.341545,1.0095812,-1.3028932,-0.283951,0.19301775,0.5174843,-1.288164,-0.37244284,1.7184863,1.9578222,-1.3077804,2.2434762,1.1542201,-0.13865647,1.0483007,-0.83342606,-0.025492074,-0.74423355,1.3826206,-1.3638206,0.76001346,-0.29309148,0.11289284,1.264933,1.4430788,0.8529375,-0.06935972,0.8172709,0.38540378,0.24748649,0.9307387,0.8121212,-0.16652071,-1.3144408,0.21397735,-0.1405206,0.5650414,0.8705946,-2.1480103,-0.9863282,0.83238775,0.61171645,0.77404034,0.3796102,1.3850135,1.0286024,0.49420416,-0.061111886,1.469989,-1.7352796,0.26310393,1.2077638,0.26922122,0.7177697,0.05270832,0.09249821,0.5776963,-0.30639148,1.5083268,1.7337873,1.0916579,0.7763598,0.10425119,0.30102214,1.5932634,0.4961531,-1.3483309
http://www.benchmark.org/family#F2M31,0.47084597,-0.30334267,-0.97579104,0.58459467,0.5399744,-0.03425564,0.61756635,-0.36746657,-1.7373921,0.2671756,0.3812563,0.1592751,-0.04289922,-0.006377239,-0.28692868,-0.06568908,0.31245163,0.8127266,-0.36445537,-0.25850752,-0.69254994,-0.83565664,0.41556546,1.0406016,0.15158546,-0.41247728,-0.9278448,-1.6414453,-0.40953755,1.0753382,0.6816276,-0.9651499,-0.8464409,-0.5068336,1.0361863,-0.8543648,0.48336372,-0.916864,-0.6133584,0.11765224,0.6015323,-0.31616172,-0.66927016,-1.1568013,-0.061243016,-0.33073568,0.62999433,1.5472009,1.0917877,-0.3326248,0.7846611,-1.269435,0.69410324,-2.1322343e-05,1.0637399,0.2006797,0.29003558,-0.24116024,-0.4351185,0.4680996,-0.32814917,-0.6620252,-1.4982196,-0.46354508,0.6948133,-0.075572416,0.06642248,-2.0974712,0.68213147,2.4190865,0.8574674,-0.07172403,1.0543456,1.9412646,-0.6314612,0.3186054,0.15870622,0.38486382,-0.36489126,0.021511905,0.293202,0.38972706,0.7248673,-1.193806,0.99664545,0.8264977,1.2307475,0.013331426,-0.37101108,-1.4655224,-0.42080313,-0.23810278,1.7768104,-0.14605917,-0.6592904,-1.1252136,-1.0504793,-0.43945602,-0.54642725,0.50253487,0.5061509,-0.63383836,0.24509963,0.3940352,1.1646541,-0.75088626,-0.67237276,-0.62216663,1.6115311,0.51319367,-0.65676916,0.5181054,0.77967906,-0.3362631,0.08010848,-0.6022561,1.041505,0.047057014,0.80669767,0.47842377,-1.5840486,1.2898045,0.56401557,-0.36147955,0.5360705,1.6004015,1.1664631,-0.23172295,-0.5983274,-0.65048176,0.25685763,0.5152775,-0.5313274,-0.124344796,-0.075307176,0.7013883,0.12392566,0.9239621,-0.08676243,1.8393157,-1.1322845,-0.25032786,-0.09826612,0.20206957,1.4495126,0.6631712,-0.16838717,0.23787646,0.48368225,0.025357295,-1.1250536,-2.141589,0.77604175,1.452109,-0.10461046,-0.14314285,-1.1330502,1.453981,-2.049601,0.7822759,0.74994576,-0.4467805,-0.58888215,1.6870302,1.305726,-0.29137984,-0.4661552,-2.684099,0.89446914,-0.32662064,-1.7611393,1.0956602,1.7281338,-1.6969733,1.5832794,-2.14419,-2.15908,0.43440208,0.024943989,-0.6316207,-1.0455971,0.09602589,-0.08947675,-0.5220826,-1.0391995,1.1504651,0.026941765,-3.0495117,-2.6088364,-1.8863878,3.264872,-0.10411569,-0.30795804,0.76882154,0.74073094,-3.2766366,-0.235707,0.6227478,2.3258543,0.03531251,-0.35767117,-0.6644698,-0.6143366,0.6550108,-1.1287299,1.3788643,-1.5217735,0.24585484,-1.5163893,-0.48879385,1.3900986,-0.84080964,-0.8542715,-0.24475665,0.99004495,0.036529668,-1.6980124,-0.6332672,-1.0157269,0.61071664,0.32276696,0.35869607,0.1880223,-1.7518775,-0.5458761,1.9971644,-0.14027621,-0.8815081,-1.035425,3.329587,-0.9515312,-0.36748087,0.05137331,-0.35096294,-0.1767659,-0.25761715,1.6882515,-1.3707744,0.20908073,1.0797678,0.94093543,1.4487264,1.5083247,-0.06376493,0.6433192,0.18411559,-1.5612489,1.392379,0.75134706,1.5672742,0.10284825,-0.06868179,-1.5027353,-0.6839041,2.6480148,-0.3514956
http://www.benchmark.org/family#F1F7,2.1726582,0.10422222,0.8609531,0.970363,-1.1952623,-0.38468695,0.57336676,0.31483173,0.30873823,-0.13307075,-0.4108656,0.2078171,-0.3517713,-0.43086013,0.14046437,-0.15844382,-0.986043,-1.211743,-0.8877759,0.31537038,-0.05275826,-1.180497,0.5002787,1.0908533,-0.05949227,0.996986,-0.39070043,-1.0824374,0.67119306,0.71134025,2.020031,0.35848337,-2.005675,-0.024214037,0.6211731,-0.66988814,-0.2171927,-0.019052425,1.4086657,0.019466655,0.63148427,-0.2713462,0.65982753,-0.60455847,-0.15116094,-0.48343977,0.00358657,0.83121586,0.85908127,-0.51803696,0.19325137,0.76957095,0.31308916,-0.16368657,0.7679385,-0.085505724,-0.025288742,-0.0377191,-1.0566531,-0.44547218,-0.3669562,-0.8767904,-1.1490858,-0.069124416,1.3956685,-0.940179,0.5885903,-0.43033957,-0.2447577,-0.31926495,0.7502266,0.0825996,0.089756384,0.9800464,-0.4025926,-0.5148461,-0.9282163,0.71340656,-0.43725502,0.08831136,1.38167,-0.48237014,-0.8519899,0.060404323,0.1212879,0.80390084,0.39952448,0.28486925,0.0031965203,0.2959484,-1.9775456,0.08831211,0.19622612,2.2799134,0.110817775,-1.0269132,0.69782305,-0.02379211,-1.1777613,-0.71270716,0.03889969,-1.2365412,0.47648346,0.7134254,0.66504663,0.09968781,-0.3261217,-0.2082041,-0.8493475,0.2563884,-1.753156,-0.49016866,-0.5709542,-0.06561397,0.2879679,-0.24688557,-1.4559666,1.205764,0.9498152,0.116946116,-0.8127819,1.0386422,0.66741806,-0.4183143,-0.4589175,0.9742114,0.08865974,0.4635876,-0.3426916,0.86792,0.9023092,-0.3877275,1.7183238,1.003506,-0.92800266,1.517342,-1.335626,-1.3486041,-0.4916544,1.7692707,-0.36114866,-0.7774594,0.13933657,1.4080317,0.553979,1.298561,1.066374,-0.96984,-0.4488933,-1.2285463,-0.6816129,-2.5912344,0.559355,0.69203186,0.21149473,1.1156961,-0.019133953,0.91002995,-1.1914082,-0.89252996,0.70665175,2.1344159,-0.025707444,0.78595316,-1.8029294,0.28410396,-1.3755517,0.30079582,-0.25735968,-0.46737093,0.37226143,-0.31747958,0.22690581,0.009511607,0.4468599,-0.60577655,0.38300312,2.0077274,0.23149702,-1.717556,-0.23978062,-0.69921464,-0.32440898,-0.025589013,1.0104797,-0.7196692,0.86715823,-0.21341914,-0.55755806,0.27572826,0.25901914,1.9499303,-0.43949968,0.2059106,-1.7367569,-1.448792,0.1300318,0.55814445,-0.16704033,-0.25020918,-1.5965575,0.9220948,-0.26880878,-0.118324846,1.1784433,-1.6905681,1.1354487,-1.0013244,0.0797241,-0.05277026,1.2032346,0.5534758,1.136348,0.3398566,0.44029844,-0.6824338,-1.7554178,1.2167927,0.7780256,0.7770748,0.27414298,0.023845587,-0.7881437,-1.2526634,0.27339804,-0.19580913,-0.9603749,-0.3056176,-0.6687343,-0.026994515,-0.26715842,-0.4892061,-0.92413116,-0.7171558,0.7839454,-0.29338005,-2.265626,-1.4890336,-0.623547,0.031802848,1.4268339,0.5093379,0.95509595,-0.1539499,-0.19455649,0.49221206,1.2545223,1.2748033,1.2585801,0.85643905,-0.5409827,-0.47620362,0.05982692,0.425639,-0.62574476,-0.5701978
http://www.benchmark.org/family#F2M18,0.18118666,0.29488307,-0.96893406,0.8759164,0.5988285,0.16872525,0.55621326,1.6358554,-0.48935866,0.5345955,-0.16709816,-0.27702358,-1.0220087,0.5158228,-0.110841565,0.0026733805,0.5245342,-0.5345581,0.34954724,0.39117187,0.23401248,-0.7296548,1.053384,0.031372268,1.2735211,-0.34297758,-1.5041536,-1.0631678,-0.36227039,-0.32810393,-0.279106,-0.13118629,1.6280466,-0.23577765,0.47884896,0.040240847,-0.94720125,0.7000514,0.6650524,0.8420677,-1.0387597,-1.0752655,-0.41800702,-0.7410539,0.24908052,0.33169678,-0.12249569,1.3947506,0.5734612,0.13328113,-0.44728416,0.21860883,-0.7956128,0.35997346,-0.15000966,0.005334985,0.82671756,-0.6165238,-0.4113681,-0.62974775,0.7350636,-0.8561621,-1.1111825,-0.22059086,0.060839664,0.2648881,1.4334297,0.4964786,-0.088114835,-0.6180848,-1.3347349,1.0241774,0.4594315,0.49369225,-1.2314186,0.011781535,-0.27214667,0.1749428,0.7561143,-0.8250752,-0.05165503,0.20735821,-0.6641505,-0.8240445,-0.13010547,0.47565806,0.3899752,-1.1741124,-0.6261226,-0.18293221,-0.40080577,-0.10896704,-0.690326,-0.4405676,0.12982288,-1.171514,0.54200166,0.59353644,0.95553285,-0.86673826,-1.2530866,0.70709914,-0.46583265,-0.1239688,-0.78934866,0.37337124,0.032002095,1.6000462,0.062273294,-0.32469964,0.54952115,0.77097744,-0.01308651,-0.07404622,0.5649417,1.1169544,0.29950055,-1.0423176,0.13940531,-0.8379827,-0.9859975,1.5743139,-0.8785062,-0.46250504,0.47896123,0.06234644,0.06930404,0.00013673428,1.5637981,-0.5668407,-0.26764205,-1.0328405,1.6399318,0.9117527,-1.2432814,-0.69464666,1.3111074,1.3398952,1.5073261,-0.62961185,-0.04436637,-2.2906168,0.03680877,1.8852454,2.0619032,-0.041359365,-0.26214144,0.055959117,-0.0529041,-1.117448,-0.81235474,-2.868019,0.76657414,-0.25128043,0.09908865,1.4917734,2.4621937,1.0860813,-0.40408036,1.6187394,0.8079142,1.3858746,0.74951166,0.8242387,-0.86136734,0.43753865,-1.2946408,0.21805209,-0.832737,0.94843894,-1.8870635,-0.9004816,-0.883115,0.4425231,-1.8306671,-0.0020080411,1.6440015,0.9394428,-0.07433531,-0.88883674,-0.21751623,-0.4867981,1.5736761,-0.14732765,0.74534416,-1.7187927,1.1600382,0.20812486,-1.33379,1.2490171,1.8528918,2.1097038,2.0230865,0.13509315,-0.6587195,1.9909031,1.2798984,-1.9460117,-0.74437463,1.4746002,-1.7510681,1.9741843,-0.9390285,-0.07767771,0.05088629,-1.110835,0.5494073,-1.0932585,-0.28094086,-0.51227814,0.3350173,0.6962237,0.74601465,-0.02806779,-1.4482621,-0.75557464,0.6388276,-1.2137552,-0.6266122,-1.1423191,-0.53391755,-1.0258566,-0.6801229,-1.7341856,-0.50749743,0.052215066,-1.737468,-2.6898582,0.8780256,1.0541877,-1.5588502,-0.5051738,-0.86013097,1.7809851,-1.1511524,-1.3896909,-1.2012889,-1.9479727,-1.2361389,0.14167047,0.33425432,2.6010196,-0.11459555,1.0255753,0.023953723,-1.1673307,1.0478289,-0.017188976,-0.12667662,1.2572291,-1.2475755,-0.2449163,-0.46072376,-0.105029725,1.0090256,0.42465755
http://www.benchmark.org/family#F9M165,-0.49196985,0.35629058,-0.39260393,-0.1344618,-0.5881317,0.21614805,1.1818123,-0.23486091,0.010598509,-0.4991206,0.43786314,-0.24940526,0.39520577,0.74114245,-0.15308818,0.16352418,-0.28370783,0.20379555,0.53462845,-0.5814051,-1.1038443,0.08880104,-0.16409576,-0.5438319,-0.4524392,1.3069099,-0.71859384,-1.6702002,0.38397077,0.33136418,0.5075376,0.14056487,0.6871524,-0.3562069,-1.6544422,-0.71813715,-0.16522442,-0.33561558,1.8293023,-0.19763494,-0.34184188,0.005630185,-0.4203063,-0.39591774,1.1671922,0.21701232,1.1856818,0.68381697,1.2081801,-0.3916125,0.9825465,-0.8589941,0.6147345,0.23357204,-0.3035626,-0.21739931,-0.15853998,-0.3085035,-0.12079571,-0.06606791,0.26978675,-0.5390683,-0.0957122,0.6867645,-0.48820767,0.14768367,-1.7887917,0.8024125,0.043330237,0.109489545,1.3595734,-0.11156213,-0.14776799,0.11072687,-0.17959605,-0.022008603,0.11850025,2.3329039,0.108404264,-0.16398247,-0.21843162,0.47766238,0.42766497,-0.8852715,-0.31185302,-0.28289887,0.79912215,0.106301725,-0.35199162,0.5200597,0.5461215,-0.30546135,1.2839236,0.18095951,-0.40948012,-0.33356062,0.0861524,0.35641754,-0.088189326,0.22641887,0.16590449,-1.5791556,0.26229876,-0.6172078,0.27461958,-0.22857752,-0.5098274,0.9707043,0.21427052,-0.30283493,-0.9221782,0.873248,-0.82644266,-0.36848855,-0.13463616,0.5104794,0.55048245,-0.38720775,0.043060567,0.11163825,-1.5625879,1.08196,-0.23797296,-0.2939117,0.963447,0.25847864,1.440447,-0.24198972,0.6640174,-0.20862192,-0.12171611,-0.7377517,0.62108874,0.18667853,0.5789214,-0.5719201,-0.55498344,0.79490036,0.4164988,-0.04541689,-1.3806685,0.056630142,0.37386018,-0.29716793,0.5412764,-1.4129641,-0.027068628,-0.08439953,0.187764,1.9242724,-0.91457534,-1.6939303,2.988571,-1.4915422,0.38184813,0.24918355,0.45730624,-0.1391024,-3.126869,-1.0822773,1.5324826,0.9490967,-0.85518545,0.74456346,0.42625794,-0.48733008,0.072990656,0.9475587,0.39139596,-1.022428,-1.1069815,-1.7994096,-0.73756146,-0.26812103,-0.5865419,0.27274284,1.2906255,-0.31688806,-0.38282955,0.2736099,-0.3307787,0.01493843,0.79223216,0.6461065,1.4773147,-0.4079715,-1.3408289,-0.56955874,-1.0685536,-1.1472664,1.8517681,1.0128189,0.77120227,0.6994881,-0.15585132,-0.4626309,0.593643,1.085869,0.43031132,-0.6283116,1.0660727,0.89844394,-1.8411705,-1.1457635,-0.40651453,-0.035683583,-1.976182,-1.0316845,-1.7125397,0.87044173,2.531424,0.35036382,0.37233198,3.528264,1.1113764,0.38457462,-0.7059036,1.9046296,1.4599068,-0.71623147,-1.4409075,1.4926459,-0.577085,0.05238389,-0.30394086,-0.7608346,0.06357864,-0.46067873,-1.5258846,0.76115835,0.4648629,-0.23624423,0.03232512,0.4595607,-1.3123347,-0.0573501,-0.6562721,-1.1407441,-1.5235451,1.2839862,0.27665108,1.1275816,0.15727012,0.073109254,1.1304837,0.4636802,-0.6769775,-0.26623282,-0.46381655,0.2886945,-0.2942922,-0.841123,-0.62830365,0.10104409,0.09019821,-0.9392541
http://www.benchmark.org/family#F7F108,0.21854977,-0.13223198,0.88742447,-0.111206464,-0.5225568,0.22422786,0.14548215,1.2601115,0.2314861,0.08754417,1.0940646,1.8375497,-1.0480425,-0.060190275,-0.29846665,-0.16159551,-0.70622134,-0.9085061,1.1815088,-0.56310356,0.07360735,0.73197293,0.095936544,0.3469443,1.380339,-0.51057124,0.9881979,-0.489389,1.2587013,-0.22918664,-0.56016105,-0.42052424,0.4928984,-0.58631015,1.4904242,-0.609667,0.57152694,1.6128457,1.0183438,1.1003896,-0.26432163,-0.1518601,1.1160257,-0.3435529,-0.46372664,-0.04337112,-0.06378586,0.3726175,0.8193057,-0.42108,-0.007107479,-0.13180336,-0.66605365,1.2281085,-0.37184408,0.09116979,0.35292354,0.45811042,-0.8340858,0.4905729,0.5747134,-0.1089067,-1.084106,0.5826046,0.91939604,0.45893374,-0.6410867,-0.28722546,-0.0773032,0.23341303,-0.7267952,0.2711732,-0.03369186,1.32087,-0.3083028,-0.41383675,-0.14199744,0.36568025,-0.6468304,1.1306921,-0.024678841,-0.89680725,-0.8787485,-1.2780317,-0.16465546,0.23073524,0.19360986,0.073737524,1.2711649,-0.5247629,-0.119027324,0.20859942,1.1196189,-0.19831192,-0.34840882,0.27362263,-2.0597394,-0.4728426,-0.70352757,0.25823763,1.0275279,-1.3130847,0.82403964,0.9480936,1.6625828,-1.349395,0.6912462,0.16127779,-0.15725507,-0.6123187,0.1512509,-0.6372577,0.4312151,-0.42508858,-0.1625468,-0.9710116,-1.1751674,0.56990135,-0.006239399,0.029978028,-1.4927428,1.3238895,-0.5275646,-0.23689032,0.5886572,0.44192785,0.682183,-0.22953138,-0.02253914,1.387995,-0.47310397,-0.62138766,1.6521617,0.81087863,-0.922092,-0.1880723,-0.50344443,0.84590805,1.1329479,-0.30309138,0.76951736,0.004636927,1.2610403,-2.4575858,1.0663706,-1.6364578,1.3044713,1.3224087,-1.5638726,0.02462861,-0.58878124,-2.4088974,0.19282411,-0.3947235,-0.6256881,0.9709621,0.68537647,1.1616051,-1.5508006,-0.39874545,0.2293443,2.0914052,-1.3117658,0.7015218,-1.648732,-0.5475724,-0.055251196,-0.76668864,-0.15746401,0.8038958,0.10722229,-0.86369234,-1.9069933,-0.96637636,0.74247855,0.88707507,-0.6176232,0.17478183,1.6840248,0.6544632,-1.0676707,-0.40281546,-1.4308589,-1.334182,-0.77944094,-0.15288278,-0.31247014,-2.8951175,-2.6286461,-0.6298554,0.18556806,-0.43163455,-1.2315382,-0.5274679,-0.41312099,-0.8865895,-0.23556662,-0.15414612,-0.4917808,0.37078166,1.3157051,1.9208688,-0.1410998,1.059748,-0.14152193,1.2702683,-0.47842473,0.6805367,-0.5454027,0.08676341,1.6575108,-0.16349684,-0.0059011783,0.13429224,1.3595688,0.01661291,0.13339475,0.15293849,-0.3394854,1.0907222,-0.94040143,-1.205145,-1.8852017,-2.5458603,-0.5080946,-1.563426,0.09779533,-1.7818443,-1.2660604,1.6929004,0.91966486,0.53842056,-1.2700974,0.804553,-0.61232525,1.9194521,1.5351653,0.4805945,-0.35919106,-0.8354576,2.2327504,-0.4925768,0.17252406,-0.5406185,-1.6802706,1.2699606,-0.6330963,1.8653145,0.97409564,0.74872524,0.47392097,-0.74326533,-0.6909199,0.63684165,0.8945319,1.7861204
http://www.benchmark.org/family#F2M32,-0.33320513,0.25429955,0.36325842,-0.57554376,-0.37370956,-0.17307854,0.03283287,-0.11634828,-0.028256875,0.39431125,0.059269946,0.07435832,-0.61319685,-0.1476022,0.93592167,-0.50627416,-0.52121484,-0.19039394,0.45530117,-0.69124264,-0.17124395,0.10366868,0.48251185,0.47654238,0.07619368,0.31298104,-1.9172667,-1.5014138,-1.612021,-0.5396254,-0.4146822,0.8180775,-0.16506298,0.54995626,0.73711526,0.97958064,0.2941358,-0.4692539,1.5755008,0.02495063,0.021226145,0.30371177,-0.18533206,-0.13566568,-0.6621509,-0.088508576,-0.5073244,0.36443695,0.010132873,-0.9269882,-0.5465024,-0.2752747,0.43368304,-0.25177568,0.034949034,-0.64863235,-0.28198308,-0.011878117,0.25974205,0.31714213,0.32800412,-0.5100606,-0.75407654,0.13769911,1.42163,-2.498459,-0.525228,-0.66851753,-1.3613987,-0.51408625,1.4685693,-0.24887472,0.5705599,-0.17773224,0.023129782,0.16444509,-0.046851058,-0.19573307,1.9242078,0.27383563,0.07547708,-0.11297455,-0.8202581,-0.7719664,0.8505358,0.7280319,1.8890421,0.099495456,-0.46285936,0.07822416,0.46871838,0.58890027,-1.6648722,0.07578912,0.40529832,-0.43640178,0.23514125,-1.2869062,0.961162,0.3565418,0.77725935,-0.7706459,-0.050240863,-0.12046467,0.061591703,-0.26303595,0.06282222,-1.6070902,0.57257026,0.22550733,1.6488833,-0.18246163,-0.28914624,0.0027076548,-0.13149284,0.12217941,-0.23766616,0.7437032,0.2894191,-1.05768,-1.9855506,0.8531985,-1.1104618,-0.41655475,0.16677773,-1.3368138,-0.8570214,0.00906449,-0.22806619,-0.70976305,-0.45050344,-2.014634,0.5981781,0.22007692,0.041735493,1.7187469,2.3761847,-2.3985388,-0.4884451,0.6274844,-0.56568533,-0.5969191,0.059674602,-1.284915,1.8268689,-0.606433,-0.16126318,-0.2550166,-1.352119,1.4548477,-0.14124002,-1.5668292,0.7376095,-0.016758148,0.709835,1.462983,0.8565489,1.5166891,-0.74763936,0.43003866,0.4485947,0.55110496,0.86237764,1.8299203,0.23347753,1.5291129,-1.875679,1.0935036,-1.2541069,-0.60042065,-0.2843973,-2.0532486,-0.9891236,-0.615486,0.22590207,0.08893607,-1.5786295,-0.89985526,-0.70601964,-1.1988095,-2.1414902,-0.6140725,0.89006937,0.76456434,-1.1055603,-2.1703813,-0.017809123,0.054904956,-1.2019594,0.07782662,1.2043128,-0.28978568,-0.3650577,0.0031617607,-0.0969603,-1.8508512,0.010796806,-1.0139737,-1.6759623,1.2677925,-0.41671872,1.0244192,-1.794343,0.7430928,1.076209,1.8405924,-0.6782994,1.5386502,-0.33523047,-0.55930686,0.15885067,-1.0163715,1.2446388,-0.027274214,-1.7201031,-0.46034628,-1.254864,2.4339302,0.47989675,1.5253143,-0.9271382,-0.20694757,-0.5418569,-2.1380541,0.28468668,1.0490974,-0.8777086,-0.40791038,-0.4596383,-0.13111599,1.0298821,-0.4642415,-0.423223,1.0388418,-1.3136606,-0.33651194,-1.3448151,0.30338258,0.101683535,0.6547664,0.91041726,-0.45795998,-0.1714525,-0.39804587,0.7125257,0.23895404,0.7477659,0.87801576,0.5642951,0.7783894,-0.9254592,1.4435811,1.5949924,0.94334483,-0.2819901,0.92420894
http://www.benchmark.org/family#F2F10,1.177185,0.34370333,0.23283292,1.8360784,-0.03887626,0.102152534,-0.62337357,-0.6551055,0.7004856,0.4683724,-0.5305264,-0.5221452,-0.24466972,-0.29581016,0.15288223,0.8493579,-0.8306677,1.3791542,-0.3158984,0.5098222,-0.7242196,0.37683928,0.16595463,0.87006307,1.2927854,-1.541641,0.086421154,1.4460306,-0.9245328,0.072756305,-0.29108047,0.25502282,-0.53118247,0.15468429,0.6491643,1.9886836,-0.28331926,-0.584854,0.6535927,0.14416866,0.26193234,-1.1452199,-0.057204373,-0.47851503,-0.5815838,0.2645358,-0.6606737,-0.90626645,0.99852604,-0.3865323,0.05576058,-0.32160297,0.1264245,0.6311063,1.6827816,-0.50530547,-0.2601052,-0.06288554,-0.10519275,0.054902405,1.8825483,1.4518198,-1.3894862,0.13661394,0.8535675,1.0586598,0.36512336,1.2036492,-0.24205124,-0.6351078,1.0925168,-0.2313011,-1.7411603,0.3048973,0.7597363,0.8712487,-0.09377091,1.0607371,-0.14109622,0.08302931,1.4164546,0.2543409,-0.2895054,-0.90970635,0.52877307,0.67020667,1.1222827,2.07433,0.13249585,-0.23313102,-1.1685864,-0.60798705,-1.6783379,-0.17015181,0.65751976,-1.3420798,0.32273823,-0.6451088,0.43190596,0.27072957,0.7472382,-1.5002626,-0.57068044,0.34281966,-0.7318351,0.59749764,0.38488263,1.3279133,-0.41923103,-0.45539767,0.7603618,1.1050949,0.28723255,0.89768314,0.60858107,0.1414405,0.08879347,2.363258,-0.23561838,-0.33951542,0.07742656,0.55557287,-1.1878875,0.5692325,-0.28343135,0.3736835,0.7120042,0.2189768,0.057750426,-0.31630465,-2.0482428,-0.16663481,0.27963746,1.1046262,-1.587238,-0.32480463,0.14084624,-0.4905253,0.026086291,-0.02683113,1.2543988,0.30090263,1.0634023,-1.7567468,1.8150413,-0.21617346,-0.5179393,-0.4569685,0.7743208,0.16982125,0.45649287,-2.2383318,1.342388,-0.24030164,-1.1986383,0.40367642,-0.007866269,1.9981102,-0.40025946,-1.5076498,1.6562158,-0.65306145,0.2701159,-0.8129685,1.1927209,-2.373993,-0.18410067,-1.520375,-0.65716475,-0.7531319,-0.9937737,-1.9002498,-0.9346471,-1.6381266,-0.1481722,0.7093955,-0.54589474,1.5526148,0.011496874,-2.2178712,0.792828,0.7546106,0.96921915,2.2849422,-0.04223507,0.6244428,0.8815425,-0.042429082,-0.06338106,0.41656741,0.4420208,0.9058634,-0.34173918,-1.6579354,0.41400596,0.7874281,1.2059474,1.3145007,0.8684301,0.070238896,0.8849151,-0.007975651,0.098320305,-0.85569173,-1.0281186,1.0809106,0.38806987,0.4213069,-1.04576,1.2028475,3.0073297,0.5376405,-0.5052104,-0.6048674,0.46149534,0.30569062,0.44086623,-0.8151965,-2.1966076,1.0259194,-0.30360305,1.5893306,2.3745515,-0.31184334,0.108750366,-0.056107804,-1.3804611,-1.1311891,-2.2564108,2.5486546,-0.36711603,0.281108,-0.20981783,1.0529099,-0.5505952,1.1639001,-0.34067255,-0.9913953,-1.7390771,1.1007318,0.8375181,0.23236594,1.0788643,0.18968725,2.0626109,-0.1571824,0.7558114,2.381234,0.14456807,3.1877615,0.3582657,-0.30644786,-0.7889814,0.22021765,-0.5518304,-0.69090873
http://www.benchmark.org/family#F2F33,0.2267018,0.75747526,0.3163242,0.8664057,-0.48091105,0.6650186,-0.53649396,-0.34674978,2.520806,0.2804032,-0.21392858,-0.007262661,-0.47810972,-0.54310817,0.17075586,0.4057628,0.19803418,-0.4061313,0.57339185,-0.32593966,-0.62471205,-0.99312997,0.30928445,-1.8294446,0.71065885,0.8216917,0.42970684,-1.4028447,-0.22832651,0.52858186,0.25869182,-0.7247574,-0.28018692,0.566021,-0.10261127,-1.1628786,-0.42886972,0.1350057,-0.01712801,-0.055325728,-0.5757864,0.23034313,1.4071286,-0.21129486,0.53777605,0.37947345,0.024890061,0.6341144,-0.2536392,-0.843703,1.5979148,0.77364147,0.5355076,-0.9765608,0.40539482,-0.635604,0.4671688,0.7117148,0.40490347,-0.13420397,1.1456139,-1.5429265,0.2441252,-0.874084,1.106565,-0.410095,-0.88800514,0.74409336,-0.24665721,0.2661505,0.2700854,0.639949,0.29648444,0.4920428,0.08459236,-1.6681241,0.19640635,0.55625916,-0.49883533,0.041973747,-0.118489556,0.92143124,-0.5396082,-0.20040548,-0.43035972,-0.12650464,-0.47026554,-0.2704503,0.17970741,0.24995914,-0.51273596,0.38053408,-0.77534693,0.13190575,-0.058592916,-0.5338884,1.0748355,1.4148455,1.1613173,0.23934445,0.028277908,-1.3339053,0.54293716,-0.6368064,-0.38021752,-0.91925144,0.22281556,1.0147855,0.2688731,0.1785494,0.48421454,0.9336967,-0.9408762,-0.66313195,0.77324367,-0.40088597,0.27570555,-1.2886783,-0.56434226,-0.56720537,-1.2299398,0.81871647,-1.3137549,0.060487624,0.3075081,-0.29911315,0.8113177,0.85100037,-0.23948142,-0.2452835,-0.9543198,-1.0176129,0.2546916,2.3630805,-0.369137,-0.95680726,-0.9510058,-0.6631932,1.0527653,-0.0318184,-0.43057454,-0.6454672,-0.7658248,0.08901166,2.4809525,-0.38787636,0.18066883,0.40566534,-2.8790743,-0.11267911,-0.2930322,-0.6109849,0.700932,-0.77298653,-0.63045174,1.4390358,-0.2696142,-0.43966505,-0.32264513,1.3258666,-0.10363521,1.8111584,0.57237655,1.0473338,0.5803441,0.9653018,-1.2555012,1.6355425,-2.1283956,0.43531957,-0.21948487,-0.05833311,0.21684524,-0.3169189,-0.34393817,-1.6029627,-1.5289209,0.8883952,-0.9955606,1.2909883,0.41897032,0.04246426,-1.3368748,1.4841359,0.18556163,-0.52526903,0.56705594,-0.3477005,-2.6926558,0.4887926,0.4599902,-0.29529262,-0.36852187,-0.02947215,1.1397935,0.42390326,2.1654189,-1.0676578,0.59808224,0.9434688,1.0334411,0.5365455,0.45805603,-0.727829,0.2726016,0.010551959,-0.77073985,-0.8965857,0.014467211,0.3177717,0.88914007,0.5350525,0.19172423,-0.045292355,-0.41409197,0.6908837,-1.3200814,-0.15470895,-2.531468,1.6434563,-0.3705586,-1.5862708,-0.47244582,-0.09488998,0.30283394,1.7089564,-0.12611185,-1.1869336,-0.7854268,-1.4738308,-0.87895024,1.3107182,-1.0356004,1.7006694,0.27598262,0.6393037,-0.5067828,-0.4737267,1.2141784,-0.28597873,2.555818,2.3734987,-0.51111984,0.36594668,0.13031463,0.27387846,-0.119685404,1.1970233,0.84137434,1.3898783,0.22825019,-0.48378056,-0.5012683,0.83754736,-0.46647444,-1.09383
http://www.benchmark.org/family#Daughter,-0.33550996,-1.1739472,-2.2358484,0.5358411,0.23892112,0.0007820479,-0.648263,0.3687419,-0.46161747,0.29419056,-0.4809605,-0.9891779,0.2677896,-0.8889027,-0.4409361,-1.6680323,-0.039792314,-1.3261743,0.1762288,-0.9176006,0.5875768,-1.2585052,-0.64325476,-0.6739023,1.2851737,0.424198,-0.79935503,-0.9528784,0.19075535,-0.3241631,0.31401533,0.3526197,-0.87462485,-0.8220244,0.9187876,-0.2129697,0.1406042,-0.28798366,0.02386246,-1.1693224,0.7602665,-0.35248917,0.3549559,0.18040182,0.7995083,-1.5155776,-0.92425054,1.0253795,-0.063491054,-0.8173565,1.0060201,-0.51944387,0.28159833,-0.6820588,0.8184002,-1.3612001,-0.39674118,0.18064855,0.48541448,0.39655876,0.72359365,-0.93173975,-0.4951043,0.12577178,0.2715723,-0.16037698,-0.30481526,1.6117167,0.98473287,0.45948914,0.517233,0.14982265,-0.31448996,0.07867962,0.12889633,-0.13672797,1.2811332,-0.75199926,0.06728099,-1.0094717,0.70492643,-0.0784215,-0.73209906,-0.47218832,-0.113451,-0.99837005,-0.33774835,0.56111205,-0.3136766,0.3617725,0.16460359,0.90094006,-0.157598,-0.6320427,-0.96408,-0.85951465,-0.0748956,-0.38968623,-0.3390058,0.64671236,-0.18197414,-1.363695,0.30514413,-1.1059896,0.1612989,-0.15859704,1.7972753,-0.06379062,0.2510435,-0.6454201,0.55486184,-0.04650699,-0.85622525,-0.7291697,-0.5072504,1.206038,0.9669139,0.3196482,-0.90187466,-0.4442393,-1.2436451,0.46583125,0.76791644,0.42501235,0.3385731,-0.13107236,0.42831594,-0.117635,1.3895433,1.204036,-1.1752408,0.60460615,-0.3582679,1.0042056,-0.1284697,-0.05135004,-1.3187652,-1.7801428,0.14198895,1.5878463,-0.19042131,-0.65590054,0.6494944,-0.1109983,-0.38910767,0.6888793,0.34226206,0.059406664,1.5882308,1.2086939,-1.1445456,1.0417509,-0.5034717,0.6017089,0.4589965,1.4105954,2.075655,-0.4282388,-1.1063975,-0.63614666,0.6210234,2.0873756,0.17631623,0.98139006,-0.27099815,1.0208212,-0.03807032,-0.050163515,1.2842233,-0.38960427,-1.5125684,-0.92774963,0.17093542,-1.3264415,-0.5909512,0.47112074,-1.9457434,2.6011379,0.26140252,-1.0700485,-0.7182723,-0.50087506,-0.4630349,-0.52596295,0.21572119,0.16605161,1.4798961,0.16959867,0.8613058,-0.36047116,1.5979797,1.4283626,2.0608237,2.514219,0.05114957,-0.0098781865,-0.55887276,1.8425205,0.58058065,-0.8252294,-2.3223295,-0.45692214,0.8272481,1.0964224,1.7266289,0.3936186,-1.0377011,0.5268548,-1.06432,1.5224046,0.16980639,0.24705267,-1.0288174,-1.179009,0.43353114,0.12513424,0.18528584,0.42437178,0.21801859,-1.375422,-1.022976,0.10773182,-1.024959,-0.9027815,-0.7484126,2.9837852,1.3173479,0.18103385,1.1937675,1.3416193,-1.1228446,-0.03989056,-0.21877153,-0.46606487,-1.8344053,-0.23997653,0.35325864,-0.2871716,0.053942885,1.8674097,0.50355065,-1.0992846,0.88332987,-0.28333333,-0.27150172,0.73848915,-1.1669314,1.0930548,0.24414346,2.703319,1.1713786,-0.04352442,0.17744425,1.568153,-0.99520904,-0.1350247
http://www.benchmark.org/family#F1F5,-1.1178871,-0.43177575,0.9467275,0.85016483,-0.95017046,0.97930187,-0.7175195,0.62271535,0.11690164,-0.20809099,-0.61963195,1.0399905,0.54389226,0.016375825,-1.5029008,-1.6615257,-1.5561919,-0.5866043,0.6480484,0.052164134,0.16572021,0.51738304,1.0512238,0.07136684,0.27198267,-0.33832872,0.09030349,-0.75624204,0.25543976,0.041696593,0.028871674,-0.29035154,0.6087523,0.28713855,1.5091662,0.19780801,0.13699158,0.56093544,0.45928395,0.20248644,0.25601992,0.5436283,-0.43823692,-0.6943952,0.33574587,-0.25392294,1.5512795,0.86191237,-0.22083706,-0.7911243,-0.8958417,0.24165384,0.47456166,-0.10113519,0.0652268,0.20662227,0.37317976,1.569043,-0.7862972,0.20462127,-0.05464935,-1.3977536,-1.6570455,-0.9319917,-0.09183324,-0.82306325,-0.681825,-0.28397587,0.05599128,-0.55952287,0.027859941,-0.18950798,-0.6595286,-1.4998635,1.8672684,-0.21032102,-0.31934842,-0.0077757016,0.13749877,-0.08618177,0.23330684,0.1169503,-0.5444882,-0.16259079,0.024770766,-0.59485453,0.24754113,0.021132682,0.44360003,0.52945113,0.21628763,0.09981039,0.3472108,0.3082047,-0.8827254,-0.7978544,0.61012083,-0.6926159,-0.07353891,0.22699948,-0.28617087,0.39255437,0.7867814,-0.048280302,0.5956616,0.6878994,0.28584614,-1.0132289,0.91551274,-0.62473404,0.24613485,0.038510665,-2.7754765,-0.12865026,-0.011639473,0.18523991,1.1026859,0.36700237,0.6931888,-0.59719115,-2.0127585,-0.061764818,-0.78395754,-0.28458214,-0.49684364,1.8246233,0.4915883,0.96910936,0.55831045,0.34892693,-0.61401117,-0.83803076,0.383659,2.1708825,0.12980281,-0.93864566,-0.29688057,-0.5672859,-1.6177348,-1.6000434,-1.0953326,0.5679626,0.48400915,-0.65615666,1.8993018,0.31532827,0.9935918,-0.63766193,-1.3038213,1.5648489,0.5521818,0.39962503,0.95520216,0.8249926,-0.1897647,-1.3819898,0.9572519,0.32094657,-1.9227885,-1.1211665,0.870044,0.19489431,1.1551918,0.067587435,-0.2758982,-0.20844047,-0.36261672,0.035499275,-0.5943523,-2.5947392,0.6330075,0.14185677,-3.0162818,-1.4475478,-0.72288895,0.34592173,0.7153272,2.419674,-0.43072078,-2.7722833,-1.6036044,-1.6176959,0.78860694,-0.7880038,-1.3752121,0.3470113,0.19085287,-1.8546433,-1.1701663,0.0186453,0.8637299,0.2690529,0.19246086,0.1751807,-0.62110054,0.18620192,0.24177006,-0.4866772,-0.046143703,0.2971621,-0.64360315,0.19842713,1.1476697,0.7049839,2.2501802,1.6152439,-0.25643256,0.6605414,-0.6620331,1.2300557,2.309048,-0.50229776,0.14573407,1.0666312,0.49559987,0.03135749,-0.44437635,0.7861026,-1.8176886,0.21317495,0.09496338,0.11783322,-0.58552563,-0.9531337,0.72317773,0.518197,-1.5725365,-1.6841788,0.7890964,1.8193958,-1.2996582,0.9654773,-0.35959548,-0.59754735,-0.86393774,0.16691917,-1.1998119,0.4442493,-0.5901316,1.2853444,-1.427446,0.34723285,0.36228105,-0.49977893,2.0707564,-0.38707086,-0.44945017,1.6998013,0.58004415,1.4318584,0.49570334,0.55212134,0.6172753,0.94750595,0.82687277,0.5980021
http://www.benchmark.org/family#F6M99,0.27509043,0.49024644,0.37406194,0.8366241,-0.06912341,0.10100783,0.23767292,1.6255776,-0.28691995,-1.3771011,-0.32135034,-0.8690806,0.087939665,0.3708999,-0.3087692,-0.23588242,-0.7944239,-0.017076934,-0.18825103,-0.9400144,-0.2362729,-0.40882355,0.18728232,0.5932854,2.3764346,0.62550944,-1.3374172,-0.36988187,0.8512109,-0.89344287,-0.5005674,0.056047566,-0.032432567,-1.4546303,-1.0231231,0.34388033,0.90567267,-0.04739388,-0.7089853,-0.19721124,1.2291247,0.19543578,-0.35330397,-0.45117253,0.14209773,1.8774335,-0.33630022,-0.8014279,-0.09602344,-0.77144384,-1.1322639,0.30965847,-0.30547535,0.10973659,0.27330658,0.5221558,-0.020890376,0.30169004,-0.19516832,-0.17227758,-0.87500376,0.98962617,-1.0257974,1.6155347,0.5219479,0.22714974,-0.218745,-0.88830715,0.5514577,-0.30855858,1.5147653,-0.31320354,-0.33365223,-0.044153128,-0.22363985,0.6734273,-0.037402157,-0.77727175,0.2851667,0.60482395,-0.076507136,-0.4283109,-0.940579,0.09661511,-0.8010677,0.023414722,0.22516434,-0.7771793,-0.15059939,0.13430849,-1.3489745,-0.27996722,-1.0466058,0.2137398,-0.64357233,-1.7410609,-1.5105953,0.6561471,0.22936518,-0.2648363,-0.05846038,0.005083084,0.5320186,-0.69315606,1.2571206,-0.47651213,-0.5835283,0.56312233,-0.9231286,-0.7986322,1.0332322,1.2008088,-0.9259829,-0.51064444,1.703109,0.13803561,-1.6893486,-0.22640131,-1.6082574,-1.1212323,-1.9549562,-0.79067254,0.029864566,0.7144001,0.8468094,-0.7827752,-1.0600363,-0.38754344,1.4168708,-0.9820419,0.3073432,-2.0452094,0.9850038,0.95444757,0.34158728,0.21656443,-1.1864718,1.2674717,-0.49701408,0.32188645,1.3950701,1.3239204,0.06178,-1.498069,-0.8859078,0.44645682,0.47263265,-0.4566182,-0.92680895,-0.7703425,-1.5013885,0.0798882,0.5483997,0.11061554,-0.055207953,0.44164333,0.0025591073,-0.24615942,-1.2217838,0.7470789,0.77620924,2.0398674,-1.5905477,0.4911064,0.8341587,-1.2376516,-1.2945974,1.2210534,2.1977382,0.9605917,-1.9766659,-1.861803,-0.872822,0.34768516,0.31714737,-0.13979256,-1.0481404,0.33446085,1.1333379,-0.80488133,-0.11137118,-0.9115257,-0.63895136,0.56282085,-1.6389096,0.6021936,0.6911722,0.6149003,-0.3959498,-2.5712678,2.2631092,0.829222,0.69707525,2.439576,0.36493325,-1.7627251,-1.1235855,-1.7760588,-0.1757852,0.41596043,-0.10083043,0.63897413,-0.67537206,-0.5423293,-0.9696691,0.85136163,0.0009268571,-0.17479695,0.0553741,1.4012445,0.77510583,-0.30095464,0.043931674,-0.46759516,-0.40039197,0.15815084,1.8896408,1.5104978,-0.6611502,-0.10478361,-0.39449984,0.9116778,-0.41654673,0.19742528,2.3217502,-0.27491152,-0.6206504,-0.7016493,0.5333048,0.17190021,0.68418,1.5292547,-0.26040837,1.3019677,0.8161016,-0.64533097,-0.60880053,0.027190447,0.7200666,-0.28399318,0.44814393,1.5037383,-0.5941224,-0.46703532,-0.4854027,-1.4640459,-0.4014701,1.3486507,2.995759,1.4209709,-0.22201337,-0.93202376,0.19350852,-0.72485757,0.64847,0.3464473
http://www.benchmark.org/family#F6F91,-0.20486277,-0.74649686,0.2755262,0.23646781,-0.31742436,-0.95399934,-0.5846452,-0.46998802,-0.88372904,0.6074038,0.7455596,-1.0715874,0.22444904,0.67904097,0.09794189,-0.59462535,-0.7032959,0.17383264,-0.46632674,0.5820865,-0.17320448,-0.26384825,0.19857953,1.027133,2.193183,0.6185464,0.0064918543,1.6929448,1.6901536,0.8061534,-0.12066225,0.49715856,0.6551725,0.4199018,0.34144467,0.33803517,0.09090322,-0.3882696,-0.30820477,0.7902164,-1.707779,-1.2801187,-1.2296457,-0.46131155,0.9482533,0.35602707,-0.61261266,-0.5811382,-0.37746784,-0.033870704,-0.9444079,0.014151275,0.03785839,0.90677166,-1.8223805,0.38921964,-0.21128023,0.2883071,0.10773106,1.4721862,1.1441151,-0.53967243,-1.5662749,1.7740517,-0.5314926,0.24571611,0.036320426,1.1372038,-0.021763645,-0.035513718,0.26920056,-0.2454017,0.9059274,-0.35235232,0.5869433,-0.09749067,-0.21985866,0.7945166,0.16994481,-0.03187751,-0.6623521,1.7690195,0.14039354,-0.17621478,-0.8508189,-0.7382168,-0.01669081,-0.024827842,-0.7033366,0.16022374,0.26934505,-0.16636258,0.01613772,0.18812771,-0.06953424,-0.9739557,-0.6368879,-0.81641567,1.0279034,0.39761028,-0.62909514,-1.8122724,-1.1747439,-0.06822425,0.03346368,-0.44991556,-0.7815809,1.8576363,-0.07535742,-0.5288711,0.70565236,1.7475928,-1.4719555,0.037201658,-0.06311762,-0.058526035,-0.6620298,-0.32018948,0.64831054,-0.40983832,-0.5927232,1.1720277,0.11179324,-0.048093896,0.1444761,0.72151804,0.61498356,0.23756006,0.13909177,0.9550011,2.302225,-1.7622466,-1.2788825,1.377914,0.01097374,0.3388262,0.39352342,0.7812555,-0.2575175,-2.2666054,-2.2050834,-0.20166667,1.8348669,0.75646144,0.86905384,1.138798,0.93774194,1.2663478,0.41244444,0.11566422,-0.55549264,-2.2858875,1.6635444,-0.6855575,1.0857666,0.16418226,0.74325514,-0.7587971,-0.9959938,-0.08157108,2.8262248,1.8545064,0.28592598,1.2530035,-0.51801604,1.2802671,-1.7702339,1.1927245,-0.32083637,-1.4320182,0.058806647,-0.4895707,-0.1408511,-0.60726994,-0.32845378,-0.17356336,1.2487283,1.7599541,0.9362866,-0.56364614,1.2917246,-0.0130799,0.025125941,-0.5710832,0.4808317,-0.77085316,0.45001873,0.18616046,0.5886476,-2.051766,2.2229488,1.3599275,-0.4641563,0.3453329,0.14047037,0.04528239,0.6554176,-0.88004285,0.73567027,-0.8408394,-1.1483825,0.20688862,0.37027758,1.0996187,-0.30963904,1.4677885,1.6434219,0.16673268,-1.3416755,0.17825979,1.0776826,-0.8607533,0.65411043,-2.479022,0.22472729,-1.5597886,-0.14731756,-0.043982957,-2.6587672,-0.8364156,-0.5597547,-0.028199345,0.17852558,-0.5875099,2.3419852,0.8731626,-0.7733649,-1.348185,-0.0777633,1.2087917,-0.82393664,1.2191684,1.7018304,0.32280383,-0.12579519,-1.0263888,0.42849815,-1.7619451,-1.8287495,-0.66976255,0.12785694,0.56751674,0.26825216,1.590067,-0.32041332,-1.212445,-0.84261936,0.9277229,-0.33535224,0.718012,-0.19675308,-1.2171896,1.3732121,-0.60019255,1.2716888,-2.1995757
http://www.benchmark.org/family#F2F17,-2.3296645,0.29104444,0.7894735,0.50661284,-0.55791885,0.33059883,0.22427075,-0.07525394,0.9237832,1.1375839,-0.7803652,0.5390299,0.5039009,-0.23906718,0.08772048,0.35776532,-1.2702994,-0.064815715,1.2417568,-0.6323628,0.9773429,-0.7605847,0.9617208,-0.3703189,1.7191263,-0.6565377,0.46660152,0.83083,0.14530921,1.0706466,0.41183415,-0.72306824,0.10651066,-0.026612332,1.617987,-0.78007543,-0.4271286,0.3840824,1.2008762,0.04258652,-0.3436578,0.6303283,-0.7247978,-0.5266887,-0.100858904,0.07998089,-0.2403112,0.57825327,0.9229198,-0.796976,-0.6245777,-0.76482785,-0.88262814,-0.54881567,0.70548147,-0.06446409,0.35813564,-0.17467442,-0.3115861,0.05287908,0.5387774,-0.48345307,0.61417747,0.2821991,0.67327243,-0.7861782,-0.33001882,-0.4442879,-0.20433617,0.9309396,1.1172593,-0.13131839,0.3609954,-0.8803854,0.17004175,-0.19473168,-1.2219183,-0.30186665,-0.043661155,1.0488724,-1.5147455,0.04976755,-0.5158064,0.48609072,0.31807673,-3.3799891,0.3222446,-0.81566966,-0.19453713,0.57298225,-1.4068298,0.5585488,-0.2753593,2.4603348,-0.8803983,-0.11189115,0.49086797,0.051051147,-0.04973525,0.022536382,-0.015492621,1.2487316,0.052281268,0.029425107,0.24971521,0.4345991,-0.09821932,0.29038778,0.053402226,1.5069071,-0.84853554,1.1313576,-0.10099716,1.2297114,0.889927,0.024538891,-0.14475724,-1.0748016,0.18984343,-0.6200936,-2.1525118,-0.10834705,-0.04680081,-0.15754609,-0.22127432,0.36327136,0.5804417,-0.32982078,-1.5771887,0.060234528,2.0826278,-0.08368479,-0.8115652,1.9911785,0.10728221,-0.20743147,1.0208372,-0.6047203,0.13056171,-0.44026342,-1.8471884,-0.5980632,0.30008864,-0.3766611,0.77897453,1.2057352,0.38774693,0.19480449,-0.6030513,0.23979603,-0.78430146,1.4108963,3.303987,-0.2769301,0.8157724,0.5054637,0.19423155,0.68425965,-2.4104097,-0.6225641,0.09420484,2.2123086,0.063070625,0.09913085,-0.31748414,-1.2107898,-1.6002741,0.61773056,0.17455162,-0.7283804,-1.9791667,-0.32498857,0.6216848,-0.117461756,0.1524389,-0.10912733,0.39151007,1.008579,1.6476038,-0.13331917,1.1060295,-1.0237471,0.88927287,-1.3437872,1.0308849,0.5901849,1.4404752,0.031872857,-1.5877421,-0.34780875,0.45552626,0.80037874,-0.37673095,-0.18608594,-0.12669513,0.9250002,0.3002899,0.60793597,0.59724456,-0.9189073,-1.8317052,1.4321693,0.18916234,-0.91365236,1.4845357,1.6567334,1.4553559,0.6138708,0.81439036,0.12616754,1.1616564,-0.45825627,1.4499416,-1.5879256,0.51198584,0.4625745,0.016283814,-0.8177556,-0.94281363,0.8452937,-0.24470623,0.07300785,0.75538516,-0.7544095,3.3642817,0.23354107,0.7249868,-1.6192226,-0.69387054,-0.36973605,-1.7822341,2.0311377,-1.5121139,1.2625993,-0.0032787987,1.8264714,-2.413596,2.0104346,0.63061774,-0.0476989,0.6294729,1.589746,-0.02337067,0.20133357,0.7235997,1.5481592,0.5120318,0.21528323,0.3100971,0.82318586,0.94362104,-0.33679795,-1.4245162,1.6356697,1.7346464,-1.3358611
http://www.benchmark.org/family#F4F55,-0.025934128,0.991067,0.19306774,0.6413736,-0.41098335,-0.78205895,0.2765453,-0.18657355,0.40272444,-0.0402186,0.76376086,-0.13854638,0.17816007,0.27755004,-0.42535967,-0.23532946,-0.9803046,-0.0398593,0.68991095,0.9933157,-0.6294418,0.4633138,-0.16751534,1.0794556,0.4537538,-0.13814235,-0.037135895,-0.2271684,-0.04444549,-0.6289001,-0.501058,0.0009217613,-0.75658303,-0.31577137,-0.3550101,-0.99395466,0.055588093,-0.59426564,-0.16901726,-0.21443732,0.26968548,-0.09970409,-0.2782776,1.4879366,-0.382545,-0.4489896,-0.48569724,0.17859899,0.21235594,-1.0919342,-0.22136934,0.6103362,0.67355764,-2.1066258,0.07064343,-0.3728888,-0.8475514,-0.24683337,-0.32941863,-2.1988382,-0.59984356,-0.72598535,-0.8842736,0.20122126,-0.34974363,0.5008852,-0.18014969,-0.34501106,-0.07802734,0.83757395,0.3234529,0.08225579,0.19864538,0.5495441,-0.5150961,-0.8721866,-0.050231073,0.94715995,-0.86963737,-0.14130293,-0.3354486,-0.69082403,-0.26574337,-0.0044546067,-0.03214747,0.6241192,0.18790561,1.177393,0.79142773,0.29168344,-0.4969189,0.11018896,-0.3017443,-1.0974498,-0.7993168,-1.0293019,-0.5643958,-0.7638056,-0.5142389,-0.7365479,0.095452204,0.04358524,0.3730445,0.35065344,0.22245637,-0.10245146,-0.6165884,0.031673666,-0.08016946,0.006015985,0.59937245,1.3134527,-0.85592085,0.22298117,-0.13292353,1.6660198,0.6610689,-0.696806,0.42613253,-1.1744316,0.36578527,0.59266233,-0.7625243,0.18562695,-0.8221378,0.6602089,-0.2270265,0.057611648,1.1230828,-0.9618067,1.1583065,-2.039222,-1.1966722,0.9495593,-0.054915108,0.14647318,0.441289,0.10228221,0.027634213,-0.52680236,0.44870004,-0.07018359,0.8793777,1.3016489,1.7477118,0.02686736,1.6699569,0.61355764,2.4929488,-0.11831317,0.24741809,-1.5365953,3.0372858,0.5356637,0.24810666,1.133304,-0.42039165,1.6353104,-1.3903931,-0.20818083,2.5433266,0.049104962,0.20598425,1.1750308,-1.1069173,-1.0679708,-0.8911749,1.2710432,2.3048701,-0.44478205,-1.2621291,-1.2228104,1.4796747,-0.956469,-1.8812075,0.11348417,0.33375004,-0.6931862,0.93471885,0.9926478,-0.120662265,0.35930726,-0.730199,-0.6673144,-1.0685062,1.0384294,-0.20062087,-0.7168065,0.14803821,-1.5960414,0.5943554,-0.090967186,0.85050863,-0.2819642,1.8135117,-1.3423468,-0.39149973,-0.34255862,1.6387924,1.065206,-0.75275373,0.39188316,-2.35921,0.5008164,-0.05924875,1.2852931,0.13160639,1.0025144,0.38410762,0.67568374,2.1484628,0.9899685,-0.5124467,0.7220882,1.0562829,0.5243517,0.5739256,-0.007153154,-0.4288768,1.3120208,0.29663667,-0.07210911,0.2807506,-0.14287233,1.1654717,0.20460057,-0.6409838,-2.0763607,-1.1246792,3.058056,0.47799343,0.56150895,1.1754986,0.008115468,-1.2866181,1.4884229,-0.26530498,0.7745167,-1.486151,0.14917746,1.4472615,0.7063157,-1.8308774,0.15449543,0.7002174,-0.9961724,0.08554517,1.3454424,2.3717058,1.9150182,0.76355296,-0.927075,-0.024399402,0.7718598,0.26564968,-0.23414981
http://www.benchmark.org/family#F10F179,-1.4092152,0.08384175,-0.9329445,0.9021551,-0.34835398,0.6219045,0.17718115,-0.12208149,2.0515628,1.8591524,0.5075626,-1.2216215,-1.2015722,-0.038318854,2.1495228,0.7940972,-1.5917351,-0.390337,0.6505763,0.18771896,-0.45829344,0.043129724,1.3931696,-0.1997758,0.7628116,-1.6713059,-0.9701584,0.4042164,-0.5307424,1.0179317,-0.04999696,0.81440026,-0.3273725,-0.57178515,0.49016297,0.271864,0.776358,0.03309533,-0.4907021,0.5324373,-0.8572789,-0.3042751,-0.29255408,-0.6457546,-1.7357274,-1.6639405,0.17079492,0.40882632,0.48723802,-1.0107349,0.5586223,0.13772835,0.95191485,-0.3366991,0.16870025,-1.8954849,-0.46654832,0.5972606,-0.40661722,-0.43411174,0.46070945,-0.2366883,-0.26567188,-0.14844814,0.8585211,-0.16460384,-0.03480314,0.4374441,0.36632836,0.3311555,1.8592695,0.11308665,0.1710669,0.8296947,-0.0014898382,-0.51036733,-0.87170243,0.6619385,-0.90172285,0.023574555,0.11194812,-0.34005633,-0.5323904,-0.5070657,0.24524932,0.57939285,0.25881067,-0.10049789,-1.4809699,-0.345438,-0.47260582,0.23546821,0.3070313,0.52809143,-0.38740912,0.372556,1.6748747,1.9846947,-0.17507708,-0.6351963,-0.092685685,-0.8080547,0.1614927,-0.13723016,-0.23191325,1.0423383,0.7888434,-0.0908154,-0.2363884,-0.25207853,0.62533045,0.94305193,-0.26006258,0.56372446,1.2942481,-0.9487711,-0.07534494,-0.63385165,-0.08708745,-0.5575003,-1.4548295,0.16366108,-1.1274918,1.1996703,-0.6053889,-0.8145359,0.6834413,0.28786528,1.150998,-1.4894929,-0.12668638,-0.26233605,2.3528028,0.8052811,-2.0387435,0.24687944,-1.8721522,0.49840856,0.4895721,-0.3471112,0.8750746,-0.8186625,-2.1026816,0.075115375,1.3383275,-0.40158355,0.12690023,-0.774498,-0.13447584,-0.12026265,1.9557097,0.13218254,2.482629,0.7552075,-0.3261105,0.4709459,-0.87765384,0.29523784,-0.2927185,-0.9160721,-1.3540387,0.05569055,1.5863479,0.999316,-2.2682621,0.08884071,-2.040263,-0.99004954,0.41172767,-2.3934684,-1.4727744,0.5750075,0.90151113,-0.22177054,-0.012724132,-0.6208403,0.73487043,0.44107965,0.5529474,-2.5298615,-0.81010616,0.014728693,0.6198615,0.120529406,0.8369738,-0.4036559,-0.33953932,2.3577526,-0.6095106,-0.84692836,2.3534117,0.26650468,-1.0164949,2.5348127,0.5396102,-0.6697535,1.3267553,-0.17885141,0.5124241,0.59961224,-1.3097094,-0.37689114,0.2763077,0.81762946,1.5050819,-0.088909276,1.4033635,-0.5053348,-0.60109097,1.3897996,1.253049,-0.2924754,0.77555263,0.2629181,-0.9280832,0.45491987,0.4477981,0.04114643,-0.31803462,-0.43087894,-1.2554594,0.69187784,-1.2920089,0.028031899,1.4801228,-1.2436959,0.7635829,-2.2043848,-0.19060184,0.67363954,-1.0862256,-0.31265885,1.5942764,0.7897026,-0.2773994,1.8025224,-1.2598436,0.25107008,1.825608,-1.4826716,1.0795391,0.64513266,0.40664074,-1.2924594,0.4257536,0.8184135,0.3781321,0.79693866,1.1819108,0.23017392,1.3700625,-0.21089713,0.6069872,1.4084343,1.5751656,0.19692792
http://www.benchmark.org/family#F10M187,0.12042569,-0.1162579,-0.88562673,-0.2416341,-0.45385876,-0.0100831,0.95654523,0.13687469,0.6802844,0.43535674,0.68334883,-0.42443326,0.23212878,1.2898258,-0.4997789,0.53436846,-0.6983567,-0.21959618,-0.04749975,-0.6054281,-1.0681161,-0.52473086,-2.2329817,0.20524941,-0.47207323,0.20223394,-0.26758528,-1.2152196,0.3854533,-0.59051394,0.6063574,0.3548362,-0.44067866,-1.2081074,-0.673601,-0.64390486,0.9934346,0.20449933,-0.957905,-0.3198953,-1.1037725,-2.5045226,-0.43376192,0.43660694,-0.093881175,-0.3716663,-2.5864003,0.60095817,-0.54548246,-0.21073505,0.15704209,0.09910981,-0.6187433,-0.05848255,0.59768236,-0.056159534,0.20281716,0.3256471,-0.22961502,1.0530221,0.27151373,0.32672274,-0.8311641,0.28234497,-0.13090365,0.100448065,-0.08674582,-0.19462287,0.14438772,0.32430023,1.037882,0.26261792,0.1812578,1.6098689,0.7887525,-0.08381315,-0.08247114,0.5432709,0.23613961,1.2792667,0.14783551,-0.06956915,-0.56745315,0.33601627,0.6754646,1.1209148,-0.3210552,0.3716561,0.7026176,-0.27593166,-0.4209137,1.3866975,-0.4072845,0.1944574,0.12175725,-0.9475552,0.034151874,0.12662835,0.4996894,-0.49135804,-0.088455506,-2.2520187,0.13389166,-0.18814473,0.030907987,-0.555547,-0.8755993,-0.44778016,-1.8678237,0.17666359,0.025055435,0.58711714,-0.3971328,-0.8131821,0.5178198,0.695338,-0.57643074,0.76442164,-0.20808807,-1.337132,-0.17080198,2.3836808,-0.48193148,0.13696371,0.16882148,-0.6973186,-0.75543076,0.073692575,-0.40993926,0.013833734,-1.83529,-0.26911885,1.0642153,0.0755755,0.4252136,0.7264761,0.063063614,0.38124266,0.18298063,0.6573341,2.3468149,-1.97418,-1.1874954,-1.103858,0.9123243,-0.011130164,1.228511,-0.3303786,2.1294837,-0.6290928,0.09442411,0.69129646,1.5207856,-0.57255226,-2.8960066,0.82099664,0.5394365,1.7745461,0.6762598,0.5511327,-0.98680997,0.94010484,-0.33695847,0.6884312,0.64655286,0.8794606,-0.5076,0.08992718,-0.9335864,-0.048429027,-0.71301526,-0.059864398,0.5840073,-0.77968043,-1.286376,-0.05197272,0.12663135,0.22160201,2.408155,-1.0151024,-0.57169974,0.42096102,0.810129,1.061507,1.1392964,-0.84011495,0.28292897,-0.8547226,-2.1223347,-1.0626485,1.5362351,0.5812022,-0.60045373,0.1079619,-0.47390965,-0.3131898,-0.029680716,0.30800724,2.071964,0.41889793,-1.23377,0.54283154,-0.7432092,1.2234981,0.50249344,0.70395225,-1.6694384,-0.44484833,-0.8326165,0.18828006,-0.68897325,0.5713483,-0.70933145,1.6380837,-0.49678108,-0.37201023,0.48514134,0.9432665,-1.7291757,-0.12555118,-1.2401166,0.46056357,-0.04121337,-0.009587607,-0.8853477,-1.0045478,-0.5553149,-1.0627947,-1.1391805,2.2467499,-0.5778836,1.0874732,1.5908742,0.45007342,-0.7564976,0.80697787,-0.002333978,-0.76628715,0.09337542,0.8453911,1.5419779,0.074547105,-1.4219686,-0.3856435,0.92321676,-0.6976957,0.8014639,0.4018606,0.9068105,1.3452085,-1.4461952,-0.7948829,2.0261047,0.22059233,1.5874233,-0.9614425
http://www.benchmark.org/family#F8M136,-0.54272825,1.017943,0.59635806,1.0031223,-0.25920373,0.1270941,0.76827157,0.75859505,-0.082051486,0.32719415,-0.25455916,0.74828386,0.60360056,-0.07289071,-0.7728556,0.0034698118,-0.079263814,0.4515541,-0.1542379,0.23311532,0.6594197,-0.42292476,-0.76678365,1.3121113,0.7992582,0.9349917,0.15873776,-0.4984673,-0.5986469,0.9440428,0.27516365,-0.7627026,-0.2631568,-0.31660718,-0.26427633,0.6162489,-0.07516061,0.046606816,1.2790213,0.85930586,-0.53628695,0.64055353,-0.73974943,0.1328207,1.6116306,-0.15426688,-0.12841159,0.17793162,-0.7203932,-0.8361383,-0.14221816,-1.0863373,0.8440206,1.4175419,1.1051197,0.023155458,1.7765224,-0.2966064,0.54898214,-1.1833385,-0.5356947,0.45364717,0.3904209,-0.56679666,1.055903,-0.74942726,-0.2353159,-0.947166,2.1219745,0.2107974,0.8722495,0.17011824,-0.30510914,0.76484907,0.32231846,-0.16697149,0.13361923,0.27545708,-0.6733294,-0.5855185,0.23748508,1.4287533,-0.506542,-1.0344062,0.073816836,-0.68134534,-0.24941227,0.29904467,-0.8593197,0.43545553,-0.62573195,-0.5904335,0.23176572,0.14917675,-0.15398,0.46956822,0.9452068,0.16857259,0.18616417,-0.07870195,-0.17975023,-2.0764396,-0.53533643,-0.052288767,0.13368149,0.47337618,0.6937286,-0.93625385,0.066182554,-0.08899616,0.01956521,-0.00040217268,-0.34288833,-0.23872875,1.3609258,0.13747264,-0.40273005,-0.1732257,0.11443302,0.28793958,-0.97551495,0.27178606,-0.8528934,-0.07908365,-0.29058886,0.35615188,1.0126715,1.3538051,1.0099472,-2.6569734,-0.74655926,-0.012822507,0.92045987,2.4160159,0.45018023,0.2317283,0.80584437,0.71119905,1.4581101,0.46573302,0.25439832,0.89806634,-0.45006776,-2.1333017,0.57342416,0.3117844,0.038703293,-0.4663573,0.47923908,-0.095595546,1.7303693,-0.57109296,0.7495935,-0.38262922,-0.5716786,2.0466297,0.32050002,0.41243058,-0.33417726,0.30762285,-0.5496864,1.719095,-0.25883994,-0.37004113,1.2522131,-0.26374963,-1.6357739,0.49324605,-1.2060142,0.37891737,-0.72797835,0.07645802,0.99319345,0.16043983,-1.5975059,-0.92640567,-0.4018367,-1.0013264,-0.5702775,-2.3282187,-1.1704913,-0.50047106,0.9687074,-0.93921256,0.80219984,0.6449734,-1.2104183,-1.0447664,-2.293754,-1.6899412,0.570699,1.6100436,-0.8055866,-0.46860304,-0.41494772,-1.0108325,-0.5838752,-0.5518033,0.6821494,-0.42342028,-0.5526946,-0.048965152,-1.3478622,0.48101872,0.74595624,1.0850831,0.1349088,-0.36622572,0.35575238,0.1356599,1.1624632,1.2558017,-0.18354252,-0.47061878,-0.290194,0.78039825,-1.9804791,-0.065198824,-1.1957002,-1.3320324,1.9249482,-0.12886754,1.3493017,-1.4519752,0.643739,1.6236827,-0.6786888,-0.95312506,0.3371348,1.0267848,-1.5494177,1.9772998,-0.32981387,1.1363933,-0.3596294,-0.49923423,-0.05616445,-0.7460665,-1.4488302,-0.09633427,1.3070613,-0.77777773,1.1429733,0.6275542,-1.3144947,-1.7250147,-0.79065317,0.5615257,0.35638043,-0.72774863,0.29412842,0.6766493,-0.5335624,-0.88156533,0.3219217,-0.38694742
http://www.benchmark.org/family#Grandparent,-0.12267929,0.49297893,0.05090448,0.94384253,-0.6161555,0.30851924,1.4160943,-0.57375914,-0.046192393,0.80525815,-0.09039896,0.32613173,-0.10752013,0.20814778,-0.57855314,-0.7828574,-0.10790924,-0.21889411,0.671023,0.57555664,-0.2928809,0.06349791,-0.74428076,-0.24569643,0.75725096,-0.37207434,0.45978147,-0.70998085,1.3153093,0.61365247,0.19675842,-0.06470504,-0.8940462,-0.5518226,0.031730063,-0.802142,-0.030668734,-0.024585502,0.6578368,1.2487075,0.43232828,-1.045178,-1.3958149,-0.8041625,2.072373,0.054910686,0.8793002,0.4900333,-0.02158286,-0.5376313,-0.33113155,0.23670624,0.29310718,-0.152184,0.50925386,0.15579985,0.067072876,0.41811767,-0.5637117,-0.14119089,0.5747453,-0.5863541,-0.06636971,0.21063527,-0.47204328,0.1337823,-1.0300809,1.3487388,0.49919316,-0.34673688,0.121878095,0.7211387,-0.28544298,-0.8100898,0.33743778,0.95675176,-0.13044453,-0.66636556,-0.1417695,0.0665771,-0.40727466,0.8214653,-0.17565075,-0.13109729,-0.36710262,-0.6869597,-0.17109309,-0.35560742,0.7534415,-0.80487436,1.7662619,-1.4035605,-0.6021913,-0.15159845,0.41154617,-0.898846,-0.45168155,0.06520475,0.08093411,-0.47693995,-0.1109993,-1.1020402,0.15904951,-0.46781948,-0.2847546,-0.026916182,0.046227966,0.5232682,-0.4398153,-0.46458018,-0.10820944,0.30793816,-1.0953954,-0.7936723,1.7697731,0.28362808,-0.50599545,0.02091607,-0.32622182,-0.98315364,-0.12346725,0.4620439,-1.6492319,-0.20282467,0.12748665,0.32059464,0.28566667,0.38192925,2.3815997,0.0012417026,-0.8001842,0.08864581,0.8395616,0.48405525,0.061785307,-0.7869168,-0.8606662,0.3760859,-1.313169,-0.5544511,-0.5538225,-0.0714483,-2.0582492,-0.73089874,-1.3225305,1.0691326,1.196134,-0.8551258,-0.07969705,-2.764167,-0.7563763,0.48239428,1.7467737,-0.111457735,1.1445237,-0.58424085,1.6071354,0.9133738,-0.29872045,0.8167642,1.5229279,2.6408126,-0.07072386,0.22356273,-1.8432523,-0.10851,-1.5966127,1.5510744,1.177661,0.009521908,0.29829815,0.12627354,-0.0836291,-0.84604204,-2.3219213,-0.82567173,-0.24188316,0.7213563,0.58732146,-0.36814266,0.42897096,0.7126435,1.9678694,-0.7817489,-0.29509962,0.13630651,-0.717859,2.238316,-0.558906,-0.16903153,1.1183885,2.602437,1.3400904,-0.7774156,1.823126,0.6226849,0.85921663,0.6322677,1.8246846,-0.044449225,-2.031529,1.5238459,-0.82616115,0.5511224,-0.6471682,0.76054895,0.13878495,0.6452741,-0.8139032,0.9032548,1.8503829,-0.72631675,0.5540329,0.5079723,1.0136765,-0.738944,-1.8131292,0.42562556,-1.2694192,-0.96592474,-0.1999958,-0.254036,0.5070733,-1.0375714,-0.24323125,-0.78054714,-0.83210224,-2.860745,0.73751295,0.54263407,0.75549644,1.1001008,-1.0773915,-0.558143,0.7801634,1.152895,-0.8580547,-2.0770812,0.6393377,0.15099815,0.0905659,1.5549103,-1.0160872,0.103058495,1.5928403,-0.30297136,0.5131034,0.017956078,1.3985862,0.8247382,-0.15564857,-1.6896003,0.10473188,0.878281,0.3856682,-1.7543011
http://www.benchmark.org/family#F3M51,-0.34386578,0.31121948,0.7136366,1.3131831,0.84160405,0.47380328,0.35917297,-0.14661852,-0.38484627,0.5322771,0.63282835,1.736751,0.25947496,0.19707738,0.29221871,0.7125348,-0.12977165,-0.16844602,0.3737388,-0.7673797,-0.17791748,-0.50190526,-0.36538067,0.74040055,0.8485381,-0.1704358,-0.13195997,-1.1779981,-0.225311,0.07990811,-1.406986,0.5927944,2.3837261,0.35798466,0.09344226,0.19998974,-0.08617399,0.11207074,0.8036588,-0.5950236,0.9078744,0.85521775,0.019220544,-1.6799784,-1.116334,-0.036011096,-0.02911004,0.38852528,-2.0653265,-1.1766075,-0.14204834,2.3815398,-0.18695773,-0.09969174,-0.5113157,0.6140937,-0.42426217,0.8770789,-0.02894055,0.9260022,-0.90475434,-0.5760345,-0.71387804,0.17908256,-1.189094,-0.45511088,-0.09275774,-0.13907011,1.5627985,0.43869275,0.7437899,-0.058672797,0.3681239,0.68067575,-0.34913424,1.2231275,0.64898163,1.226661,-0.32788643,0.7054568,0.16253777,-0.52873784,1.2394085,-0.36285907,1.0170332,0.7136657,-1.1210539,-1.6350372,-0.4684507,0.7156922,-0.6930701,0.5105346,-0.0027726616,0.5597979,-0.04673507,-1.5930308,0.08237394,0.24406478,-0.85684127,1.2282512,1.600309,-1.934598,-0.3046433,-0.8065618,-0.6079914,0.36582083,0.33853352,-1.2797735,0.29885897,-0.02560788,-0.7414854,0.5423635,-0.8721912,1.2276275,-0.07004209,1.4121501,-0.7370125,2.5243158,-2.6212974,-0.6645336,0.41870183,1.6718417,0.010848592,0.033550743,-0.53102005,-1.4921843,0.13181916,0.64450324,1.1541181,-1.0688937,-1.527361,-0.14066808,0.75965863,2.389605,0.83115035,1.174541,1.0205562,-0.6142406,0.55562246,0.2507985,-0.2937955,0.5729556,-1.9312797,-0.31393796,-0.1545203,-1.8011366,0.50844884,1.3925614,-0.8303058,-2.062517,-0.707051,-0.90595335,0.96524,0.68843377,0.92700714,1.4845217,-0.39241615,0.43417734,0.103809245,-1.3001034,-0.6167476,1.2138348,0.15528041,0.5202006,-0.26486656,-0.3428279,-1.206869,-1.3817108,0.59114087,-0.22847997,-1.2709075,0.37800997,-1.9237686,-0.103899375,-0.30845425,-2.3412561,0.32232922,1.2878411,0.37912935,1.1744353,0.33652002,0.39468092,0.38501552,-0.78340536,-0.7329187,0.045212425,-0.17268303,-0.07708512,0.5967367,-0.0020008585,0.44021413,-0.33061367,1.3510625,0.20573601,-0.6511414,0.6470878,0.6101718,-0.48686466,0.31211805,1.012544,0.47706172,1.7897643,-0.39780837,-0.40403977,0.42457595,-0.34233204,-0.19849809,1.4156989,-0.12108777,0.18781313,1.2828068,0.3176841,1.6863788,0.84886163,-0.5873166,-0.15386537,-0.89620924,2.7455409,-1.199346,0.76569694,-1.0764545,0.8445773,0.32871366,-1.2122271,-1.2899629,0.5722782,-0.2283777,-0.58380806,-0.46242255,1.5688161,-0.720522,0.76718163,-2.1592255,-1.3110435,-1.5650575,0.73903394,-1.8385509,0.034236953,0.30444622,0.7487689,0.7203108,-0.53208363,-1.422666,-0.5068052,1.3324698,-0.70131,-0.120317236,0.06615564,1.4506862,2.8045316,2.3784153,-1.7763865,-0.67541,-2.7359989,0.9940706,-1.0123988
http://www.benchmark.org/family#F9F141,0.37988648,0.28537896,0.35773614,1.1405625,0.25821614,0.28659928,-0.41142842,-0.12716761,0.8376858,0.3110266,0.22431307,-0.3010824,1.082926,0.5989355,0.22528313,-0.09716287,-0.44937184,-0.03265064,0.7011707,0.73785377,-0.5844498,-0.53903973,-0.09354744,0.38395813,0.45634285,-0.0716348,0.6187975,-0.49789286,-1.1826435,0.49139792,1.3689806,0.036707673,-1.6588513,-0.21385795,1.3003619,-0.14048743,0.23173903,-1.6289656,-0.5734297,0.2465785,-0.84672827,0.3426494,0.39619032,-0.40206432,0.4816436,-0.92413193,-1.3549368,-0.31901285,-0.082964756,0.33896142,0.08422909,0.20635356,1.7052231,-0.43345347,-0.41753986,0.6992646,0.09230946,0.15377587,-0.21093075,-0.07399598,0.97262204,-0.45769617,-0.5938694,-0.13089201,0.45918474,0.7232759,0.9415466,-0.45254204,-0.016558006,0.15367813,0.11797737,0.34190425,0.08572639,-0.6174559,-0.08492543,-0.19814195,-0.06638153,0.74892086,-0.14963545,0.18910365,-1.3110516,0.41512978,-0.8162973,-0.57074374,-0.22548118,-0.24368489,-0.063824914,0.46921447,0.56284136,-0.31643468,-0.7088368,0.17612313,-1.2950512,-0.2628983,0.3168888,-0.831657,-0.51507044,0.14258164,-0.13838054,-1.2011238,-0.28762704,-1.3112789,0.09079202,-0.018729175,0.086911954,-1.0373601,-0.9153136,0.9149117,0.1540985,0.22987244,0.23017699,0.7561068,0.11455087,-0.45872998,-0.69485587,-1.5380077,-1.1650265,-0.031427655,0.019387143,0.43686563,0.721744,2.309029,-0.03754675,0.06800138,-0.009140608,-0.43824387,0.5001188,0.02628966,0.3700022,-0.15568377,-0.845768,0.15768199,0.34060648,1.0341125,0.50028205,0.4242688,-1.8108833,-1.746664,-0.84747326,0.89790416,1.8651055,-0.11450078,-1.2482187,-0.26800165,0.8343505,-0.1273074,0.09779142,0.8912219,-0.9430891,0.071983464,-0.42430887,-0.6482019,1.3566191,-1.187207,-0.49172312,1.3830115,-0.1923775,-0.68654406,-0.45620558,-0.3413538,-1.0725666,1.0037704,0.6341072,-0.24164742,0.15449522,0.5425741,-0.79380614,-0.631445,-0.46092492,0.18707357,-1.7927254,-0.3449666,-0.31306708,-1.7366632,-1.1699121,-0.19961481,-1.0388056,2.0965688,-1.4982853,0.15805063,-0.29413605,0.52162707,0.6324195,1.4277701,0.4558667,-0.44944483,1.5117695,-0.83489764,-1.3340216,-0.11741548,-0.19605318,0.7148994,-1.4264069,0.6376992,0.23131368,-0.3975619,1.5625845,0.97285056,1.0444148,-0.42655748,1.2404159,1.2244409,-1.7942593,0.06404294,-0.70191544,-0.06522661,0.9927587,0.34159717,0.9094793,-0.6160833,1.6563405,1.3243898,1.1024319,-0.41981032,-0.44895166,-0.07053206,2.1787143,-1.171174,0.5257162,1.4678771,0.5308235,0.53064644,1.3902336,-2.0270631,-0.47798097,-0.3642756,-0.5336798,-2.5788186,0.4406503,-0.96106124,-0.8303822,-1.3858993,0.7017656,0.60007757,-1.1312222,0.7980917,0.75631714,-1.1597401,-1.0146918,-1.3854483,-0.375562,-2.0922928,-0.4491278,0.34826338,0.48236597,0.39259517,0.3372529,3.164468,2.205921,1.0616446,0.41794544,-0.03893697,0.040423583,-1.7603569,1.7476294,0.02722393
http://www.benchmark.org/family#F9M155,0.2662956,1.1193234,0.93323267,1.2490743,-0.49839842,-0.7751327,-0.21891437,0.099139124,0.33571115,-0.27949896,0.76581955,0.04448305,-0.53628314,-0.24625205,-0.38866192,0.0724685,-0.7841288,0.14950356,-0.13908614,-1.4915068,0.28435922,-0.6668449,-0.6099226,0.544506,0.48728305,0.33862475,0.9345231,-0.77649057,0.34501168,0.18905276,-0.7155248,-0.232047,-0.5807728,-0.2182466,-0.3155171,-1.4646376,-0.5036466,-0.55755657,0.5944558,-0.12292972,0.21208861,0.3499907,0.09111272,-0.43748194,0.8343146,1.1691725,-0.048399992,0.4141564,-1.1597265,0.08466587,-0.4198957,-0.24333431,0.44478413,-0.30839995,0.13564397,-0.26921755,0.983512,-1.8107063,-0.47978893,0.9495275,-0.09997258,0.6017888,-0.5987034,0.16895318,-1.0460119,0.25907844,0.8690918,0.07371414,1.2061906,-0.116007805,0.5689302,0.21955651,0.32394916,-0.27157632,-0.2680535,0.33255422,-0.21207066,0.5936196,-0.45155552,-0.1408692,-0.11030853,0.96509373,-1.7522765,0.31538388,0.8895994,0.32306272,-0.451395,0.6080367,-0.7998292,1.1947962,0.28008083,-1.5557263,0.7359132,0.4500832,0.015233844,-0.6363956,-0.16242361,0.7102271,-1.2644821,0.13088395,1.1400856,-0.75953805,0.012467728,0.4897587,1.0594703,-0.07012654,-0.29549128,-0.6429247,-0.47684172,-0.18392943,-0.52996325,-0.07817713,-0.5444516,-0.67812264,0.41258982,0.71321315,-0.31307665,-2.808615,0.12618157,-0.39227358,-0.9611725,-0.07609306,0.35134488,-0.055393647,-0.825513,-0.13226275,0.9490165,1.8823271,1.8935497,-1.4258144,0.023949213,0.48001412,0.59491,1.1383642,0.6698862,-0.5914263,-1.2404618,-0.47393864,0.072502464,-0.049405538,0.49921608,2.1728437,-0.1049437,-2.6619954,1.5899948,-0.7628718,1.2139832,0.5184435,1.7076055,0.6152966,0.73568684,-0.8834527,1.5799137,0.27340433,-1.2097964,0.27951306,0.81572074,0.23672274,-1.1823759,1.2905009,2.778201,0.7370059,0.17822543,1.6873393,2.0564961,2.154078,-1.1965598,0.26425874,-0.4086316,0.44816276,0.55986965,-1.3352424,0.511433,0.64286953,-0.5819964,0.06205995,0.26260832,0.77755076,-1.1115149,-0.38281462,-0.12103916,-1.2968546,0.30000126,0.29585183,-0.0060237343,-0.38011324,0.5736567,-0.2038863,-2.254148,-2.3788493,-0.65462345,0.056439355,-0.31158224,0.28930226,0.45470935,-1.2654753,0.75232035,0.2841601,0.15605657,0.6810366,0.9330052,0.8286506,0.7676972,-0.1333905,-0.13452406,-0.8379353,0.51728535,0.950825,2.179943,-0.25230566,0.07266123,0.26713,0.98991627,0.6715696,-0.29760468,-1.0423242,0.5368927,0.2715905,-0.19443592,0.5347535,0.22288717,-0.95945966,-1.3587621,0.06283577,0.5315697,1.4363884,0.39714617,-1.3510045,-0.4814671,1.1210891,-1.179285,0.9356406,-0.9017231,-0.073986836,1.4542497,1.0140465,-0.94763917,-0.5912858,-0.43337128,0.09397351,0.30759448,0.8742389,0.30531022,1.1402918,0.80164325,0.0057433285,-2.0631785,0.45668203,0.16469976,1.1949114,-0.8800048,0.12416659,0.23983091,-0.19612199,1.1014414,1.1355623
http://www.benchmark.org/family#F2F14,-0.03848479,0.116107196,0.11016082,0.65646136,-0.24665344,0.41609982,-0.40767255,1.1829857,-0.01052755,-0.048408613,0.68018883,-1.1104772,0.38335624,-0.09502748,0.0065038954,0.15578063,-0.6195011,0.26633555,0.17542979,0.22993033,-0.77907085,0.2883743,0.29038364,1.9919506,-0.74622613,0.5710188,0.08058497,-0.33051166,0.7491552,0.13301757,-0.0758839,-0.85730064,-0.9401656,-1.5343624,-0.7542117,1.0804534,0.9239364,-1.3188812,1.2885783,-0.12026659,-0.53235644,-0.39438525,-2.3417253,-0.639544,0.4980734,0.2400305,0.10285705,-0.1333783,-0.7749497,-0.84852916,-0.35005617,0.8529599,0.15120165,0.8153534,-1.0865647,0.23117365,-0.2659918,0.19872291,0.008098035,-0.22752795,0.35542554,-0.27511403,-0.0032398484,0.3896493,0.37592164,0.26347145,0.836165,1.2107579,-0.34576705,-0.17180988,2.263155,-0.6096711,0.80928636,0.7629835,-0.16522734,0.2760725,0.06757815,-0.12756893,0.17664976,0.6293657,-0.5025068,0.36407605,-1.030331,0.3040241,-0.09071591,-0.655925,0.23222753,0.29081056,0.32936147,0.014295698,-0.8471537,1.8244948,0.654242,0.1835128,0.9367877,-0.8149727,0.056143355,1.0849504,0.080585,0.9123621,-1.0364115,-1.3374556,0.68294656,-0.92238975,0.02248165,0.24526592,-1.1993167,1.2872262,0.015101069,-1.3261421,0.07833747,-0.3483172,-0.74154353,0.29034293,0.16597374,0.040825233,-0.3433449,0.4715164,-0.0859989,-1.4216143,-1.2262816,1.6345861,0.23216493,-0.36986175,0.4724002,-1.1533998,0.2068692,-1.3305748,0.8454265,-0.023140088,-1.3005004,-0.47623256,1.5205991,0.1937492,2.1726594,0.5166458,-1.0158503,-1.2634858,-0.6045506,1.6008432,-0.42189825,1.113727,0.19333641,-0.15786415,-0.35439953,0.25203198,0.14169265,0.11646596,1.0291374,1.3226364,-1.2990346,-0.5247862,-0.28662762,-0.9087316,1.2917968,3.0879645,-1.2021703,2.7418983,-0.21759088,0.53738284,-0.74228066,1.4821516,-1.1685957,0.26953253,0.56980526,-0.8492497,-0.9073354,0.33775678,0.88804543,0.36192748,-1.1275718,-1.2701428,-0.9266847,0.22672504,0.44130018,0.26139367,-0.8885394,-0.17499664,-0.541882,0.3563097,-0.37101582,-0.08591278,-0.98116624,-0.37837347,0.36248007,-0.7904373,-0.8193484,-1.1977433,-1.4308807,-0.72953266,0.39951098,1.4165239,0.58814317,0.4107728,-0.72390544,-0.06409842,-0.015631286,0.035551596,1.6208628,-2.2559552,-0.8558341,-0.9847479,0.9195406,-0.2264257,0.61506283,-0.09349292,2.1610303,1.8884622,-1.8287028,-0.7166607,0.1492699,0.8395429,0.07824665,-0.06904989,-0.7863661,0.7252325,0.17487353,-0.031065254,-1.711444,1.2201774,-2.0829182,-0.48811105,0.11035457,0.29829234,1.1711642,2.4006302,-1.5158495,0.6308623,-0.29184303,1.2912647,-0.4610634,0.50735223,0.01517241,0.81521064,0.6398874,-1.6051943,0.15213943,-1.4085057,0.5609126,-0.7949855,1.5729529,-0.32606316,-0.5059261,-0.023704207,-0.7956666,-2.119488,0.61802465,0.5598305,0.9003212,0.114755236,0.012163008,1.0603199,0.09710219,0.38698035,0.69333565,-0.44325352
http://www.benchmark.org/family#F3M43,-0.78469086,1.0326568,0.3225756,-0.8881616,-0.6539863,0.35511926,-0.043026328,-0.7041926,2.5154142,-0.46325675,0.25433522,-0.19654271,0.46273494,-0.6367593,0.81900746,-0.00012707477,-0.69354063,0.5773209,0.3811602,-1.1001687,-0.3543856,0.396365,-0.5935407,0.8850421,0.6091217,-0.040311657,0.63673806,-0.028797098,-1.5002651,0.18637063,0.07529527,0.70721185,-0.49534303,-1.0255954,-0.45605686,0.19542424,0.6555229,0.35841691,0.38425395,0.016575638,-1.7032492,0.41286018,1.2729497,-1.1564888,0.87139904,-0.34317303,-0.26264295,0.05888185,0.08046588,-0.70360893,0.18486594,0.0144299725,-0.72081673,0.09735444,0.47284365,-0.23622584,-0.63232625,0.25840077,-0.14487825,-0.11162883,0.07058923,0.2992913,-0.59590757,0.7728388,0.8736197,-0.26514557,0.17142756,-1.1596228,-0.20108204,-0.35361147,2.3724992,0.32973328,-1.0927846,-0.099566124,0.47529498,-0.24926366,-0.3177653,-0.66956156,0.35581166,0.67229295,-0.15186737,-0.17634936,-0.92490494,-1.4072483,0.28666732,0.6404607,-0.3845832,0.002222577,-0.32155567,-0.26406705,-0.44716746,0.058156084,-0.17212147,0.13405539,1.2955887,0.2350298,-0.31482098,0.0854967,-0.832484,-0.8358052,-0.17765608,-0.5430137,-0.15820722,1.2270609,0.9953885,-0.033876304,0.0053786924,0.8440778,0.24136247,0.48784104,-1.9826539,1.2170169,0.008807181,0.054791708,0.13182218,0.076150194,-1.330786,0.615118,0.9452354,-1.4976273,-0.3041705,0.70693225,-1.1616027,0.45222515,-0.83830404,0.4214758,0.7908668,0.4863075,0.8744177,-0.4678671,-3.4113586,-0.15060334,0.49424863,2.209964,-0.62124074,0.6524422,-2.3000572,-0.5230766,1.2165844,-0.5232265,-0.4207597,1.3653607,1.6213167,0.25082186,1.1874923,0.26943845,1.8071698,0.4093331,1.6863661,-0.4862879,1.005488,-0.7351457,0.14449872,-0.723509,1.0176682,1.8253182,-2.096653,2.4520054,0.012398526,-0.571003,0.8080463,0.50879765,0.6750435,-0.11532667,0.9548437,0.8170767,-1.0261319,-0.5115001,0.8933395,-0.22792383,-0.89809644,-1.0919211,0.7117041,-1.1737463,-2.2995408,-0.19998644,-0.37318435,-0.20674294,1.3063723,0.88350236,1.0143403,0.36458123,0.114133656,-1.0765401,0.09423702,-1.255422,-0.30909544,-0.76383555,0.09334717,-2.0331235,0.4801459,1.0846813,-0.76801306,-0.35442206,2.6292906,-1.1074908,1.3218995,-1.0255896,1.7433238,0.059167575,1.016684,1.9413749,-0.26973632,0.79934597,1.251713,1.6717268,0.7160915,1.8130859,-1.115676,1.599472,0.24290213,-0.34687647,0.4577142,-0.98217124,0.21730882,0.43677974,-0.1951639,1.8270043,0.60226625,0.088203214,0.33179855,1.1824746,0.18194528,0.7345384,-1.100199,0.19990182,0.9006123,-0.9983128,-1.6016855,1.157339,-1.3067279,0.2611314,1.328266,-0.576633,-0.17877865,-0.58350074,-0.18867102,-0.4775678,-1.2306925,-0.27056733,1.1470175,0.40293127,-0.03586329,0.9271205,-0.12183165,1.0410726,1.9621645,0.22147976,1.3996907,-0.5763756,-0.06435771,-1.8798066,-1.2574711,-0.3216316,-1.5261292,0.9397982
http://www.benchmark.org/family#F6M73,1.4061369,0.1866115,-0.07352265,0.6957637,-1.2480974,0.71878415,0.24007799,-0.97149235,-0.28445548,-0.26170388,-0.20596972,0.37244198,0.72351533,-0.40682822,0.4229361,-0.14882728,-0.366047,0.5074546,1.3643992,0.1437523,0.1911305,-0.34125626,-0.4458201,2.3989797,0.41832423,-0.058429997,-0.07585438,-0.43773732,0.59665203,0.58265686,-0.2488819,-0.14917028,1.5775523,1.0413467,-0.2494469,0.46896875,0.0748864,-0.13124104,0.7710686,1.3571428,-0.8492991,0.65009904,-0.08184264,-0.71723676,1.2111623,-1.7437446,0.043834988,0.2265464,-1.1876142,-0.537723,-2.004562,-0.035210762,0.70572627,1.4881697,-1.3319273,1.0497987,-1.3210295,-0.43006346,-1.1748879,-0.5956536,-0.16980113,0.156518,-1.4127045,-0.21529604,-0.4054666,1.1363928,-0.13817492,0.32436225,0.37784737,-0.034886684,0.6694696,-0.34007624,-0.08359357,0.26395386,0.27893472,-0.9335146,-0.059820708,1.0542946,0.31652164,0.28081012,-0.6367869,0.7495205,0.17758277,0.18720862,-0.36437857,-0.31212178,0.7732933,-0.5742629,0.17053777,0.18735518,0.38291627,0.64157975,1.9461498,1.1943101,0.69381684,-1.2522774,0.60361457,-0.23187345,-1.0669028,0.038664855,-0.010899888,-1.8930122,0.41788185,0.98650384,-1.165442,0.84566563,0.45762298,0.41616628,0.41186476,0.30806714,0.08487047,-0.6549567,-0.070159286,-1.3483529,-1.2250158,0.7808938,0.7410016,1.3805547,0.98880446,-1.0239518,-1.3227438,1.6642677,-0.3751375,-0.45330468,-0.58199525,0.6055099,-0.21583833,-0.3876938,-0.13272533,-0.058291577,-1.2249162,-2.6218917,0.14534315,1.5953273,-0.70915115,0.25049374,1.6888864,-0.55244505,1.3425151,0.8933381,-0.15054905,-0.07466356,-0.09132588,1.1146064,0.8788663,-1.3899523,0.5971015,2.0093975,0.6009587,0.31533405,-1.7969795,-0.9405372,1.9968734,0.032526813,-0.04313056,0.67787296,-0.7968719,0.14281803,-2.7064288,0.8013675,2.0817928,-0.38441432,1.2637604,-1.1520939,0.87867475,0.44277528,-1.3779376,0.542545,0.40232366,0.98057455,-2.1511502,1.2702352,-0.6781567,-0.6540133,-0.5125128,-0.733981,2.677691,-0.3638552,0.70378745,-1.9830953,0.42277068,0.556669,-1.6282833,-0.10104882,0.37469494,1.1896982,1.0111251,-1.3332338,-1.1938729,-0.104418114,0.4945261,-0.80994135,2.4602492,-0.9694117,0.89381826,-0.8235506,0.23194331,0.17759371,0.14194167,-0.40344918,1.1640028,1.4004979,-0.767769,-0.0837769,1.0878782,0.8554735,-1.0963045,1.0007378,-1.3068255,0.52139115,2.24616,0.796974,1.66834,0.15422189,1.0594896,1.4024469,-0.46277738,-1.1251707,0.84075576,1.0978162,-1.2491136,-0.29755476,-1.0284945,-0.27591643,-0.3484952,0.7608368,-0.45339116,-0.6083893,-0.54498965,2.334741,-0.9194472,0.32655406,-0.99535114,1.0984926,-1.1930357,-1.5390366,0.3516186,-0.69485503,0.89730716,0.4300008,-0.7504384,-0.899757,0.19283265,-0.8765787,0.7116888,1.1466448,-0.017772848,0.5647324,0.7838131,0.4668535,-0.98355067,-0.020140039,-0.11221183,-0.7376896,1.1158539,0.50367117
http://www.benchmark.org/family#F3F48,-0.28776217,0.6190294,0.3253519,1.2472641,-0.13144967,0.28345346,-1.1367756,-0.39254585,0.22946322,0.2948783,0.072606884,0.8223618,-0.76405483,-0.49343586,0.3038422,0.21284184,-0.7299037,1.2907465,0.95336384,-0.092402376,-0.056784425,1.4164299,0.06740999,1.1213546,1.8416654,1.8842094,0.35139778,-1.7833688,1.410995,-0.6755881,-0.71714485,-2.1023226,-1.7796131,-1.3282005,-0.21036161,0.047358036,-0.7132266,-0.71832925,-0.25455302,0.011800871,-0.2164254,-0.2745366,-0.7499353,-0.7068993,0.6623662,0.19207802,0.0046148817,0.006717697,0.7101286,-0.8770049,1.5228907,0.03506093,0.6065325,0.46643877,0.5320832,0.93837404,-1.7876722,0.20304546,-0.3760777,0.42573947,0.38560876,0.79519844,0.1482354,-0.8401434,-0.7547323,0.51172966,-0.053490166,1.8047758,0.37108693,-0.20930265,2.041669,0.2896232,0.4470609,-0.036060993,-0.2470169,0.8869568,0.5892314,0.38705447,0.04857494,-0.045718964,0.82070076,-0.003147106,-1.703833,0.43608922,0.24082503,-0.6485807,-0.37789723,-0.4269032,1.5035949,1.0064814,0.49538556,0.7707873,0.51868075,0.48881155,-0.06403522,0.14446299,-0.8328172,0.049772535,-1.281869,1.2527938,-0.32064342,1.0098566,0.697343,0.075435184,0.7221829,1.086812,-0.7926811,0.5451851,1.2351822,-0.050367847,-0.017482607,0.4327456,-0.9401274,0.83745295,-0.038381554,0.57727116,-0.036916923,-1.1954406,-0.7280829,0.77439755,-0.32267267,1.3101401,1.5515909,0.34114024,-0.41738194,0.5352627,0.12973098,-0.20820272,0.71443903,-0.060990475,0.90978324,-2.1889155,-0.3907984,3.0378032,0.19709848,1.6066144,-0.8932191,-1.1649065,1.5254676,0.16218518,0.566452,1.889198,0.0016307897,-2.565213,0.05881662,-0.37206182,0.547141,0.6436951,1.4568799,1.6294451,1.2807252,0.054278933,1.1854506,-1.4084672,-1.1957042,0.8883056,-0.835103,0.9777462,-0.388379,-0.1618443,-0.14116226,-1.2299681,-0.5079937,2.119444,-0.93463165,-0.2915969,-2.4932215,1.22022,2.0142932,-0.10378605,-2.0997002,-0.15474594,0.06991097,-0.857973,0.27112657,0.21665399,0.75609696,-0.031295538,0.7614483,1.1361618,-0.14974536,-0.020949569,1.4209805,-1.0900993,0.67901534,0.3377912,0.7677005,-2.3189645,-0.8498284,0.52032363,0.1704748,0.46548676,0.74968845,1.0203278,1.1687025,-2.5858407,1.2968051,1.8694724,1.5522789,0.6107875,1.245675,1.0259073,0.84544206,-1.1007738,-0.64097005,0.73868614,1.2843527,0.20892413,-1.1580367,-0.06892658,0.48470733,0.97888154,0.7069144,-1.3141274,0.5739626,0.16346522,0.30461812,-0.7570794,-0.21129544,1.0761234,-0.6612667,0.45441607,-0.40395775,-0.9136205,-0.46876815,0.015561316,0.0016918823,-0.36638376,-2.8166728,2.1848776,-0.95569676,-0.47038352,-0.14013201,-0.16425155,-0.5436471,2.566831,-1.6798345,0.20142384,-0.20106784,-1.4616779,0.5781936,-0.76587373,0.32865185,0.08374974,-0.99970514,1.3897114,0.7746158,-0.06390456,2.2474983,0.11025277,1.7943838,-2.5635965,-1.214777,0.81342596,-0.7839252,0.9363821
http://www.benchmark.org/family#F2M9,-0.24722105,0.16415079,0.94452924,0.4770775,0.45373946,0.34866717,-0.11844247,-0.68796045,0.17661995,-0.013071159,-0.2912859,-0.50050545,-1.0099947,-0.1926585,0.28679004,-0.8811012,-0.16926703,1.6743718,0.09325114,-1.0910819,-0.539189,-0.34890538,-0.7446466,0.73060274,-0.48333248,-0.55717456,-0.24834517,-1.4796786,-0.45967737,-1.2023803,-0.096177444,-0.037135817,-0.5932173,-0.11104561,-0.78864306,-0.110732354,-1.0727202,-0.73893654,-0.15901674,0.2649504,-0.824145,-0.7091277,0.2265949,-0.4416365,0.25123888,0.5753372,1.1707485,-0.037631553,-2.0049915,-0.736058,1.1227927,0.6465619,-0.008577768,-0.024496816,-0.9219368,0.4760387,-1.0917974,-1.3840947,0.046846475,1.2638754,0.8325171,0.6558364,-0.9381092,-0.5813581,0.1846704,0.42913136,0.46943063,-0.64373416,-0.19261023,0.07300761,0.78526944,1.4808384,0.7037498,0.07245836,-0.007083092,0.17688137,0.3781604,0.79312515,0.13717768,0.47384733,0.8274104,0.97959834,0.10593011,0.0026228167,1.6491376,0.20977831,1.8225472,-0.6022247,0.23955786,0.32990262,0.17214717,0.14083035,-0.188649,-0.025351439,-0.24703574,-0.89451617,2.197884,0.13112739,0.13753495,-0.5481424,0.21986483,-0.6979154,-0.23842798,0.007854584,-0.6971229,0.31452438,0.11317356,-0.06069932,-0.024076022,-0.6123667,0.32989517,0.51945734,-1.6757029,-0.68207663,0.12727001,-0.040331278,-0.113134556,-0.30248943,1.4702997,-0.28239992,0.6781314,1.5870255,-0.4171313,0.16676284,-0.41886175,0.7231544,1.2627374,0.29017442,0.9626064,-1.158509,-1.9180185,-0.2593204,1.2522781,0.84000874,0.94990975,0.74685526,-1.1162055,-0.22149572,0.2849848,1.261353,0.35621879,-1.0293516,0.3487628,-0.8934342,-0.9998448,-0.3129605,1.367658,0.91377413,1.5065075,1.0784289,0.103490345,-1.7488045,1.920175,0.028927846,-1.4536762,1.036768,-0.34460646,-0.9776582,-0.63200283,-0.90351635,1.6650203,1.2633028,0.20312844,0.9424073,1.6123564,-0.046638273,-1.1509,-1.183593,0.104851425,-1.7233305,-0.6068439,-1.9679513,-0.61069787,-2.0264661,-1.3851753,-0.22341771,-1.3313849,-0.46222845,-0.4993506,-0.7895333,0.018345932,-0.3994591,0.6647068,-0.6925951,-1.1711645,0.87658715,-1.757623,-0.8702128,-2.272231,-1.360356,-0.7755856,2.1240723,-0.3788461,0.6258058,1.008169,-0.14245929,0.7154794,-0.588168,1.0028634,0.09149188,1.2726324,-0.282169,-0.026054826,0.6540318,-2.570923,0.29690883,0.54598033,1.6964422,0.3168635,0.5610677,0.41957507,1.3194103,-0.08832001,0.67055875,-1.1702995,0.48791844,-0.5598073,-0.8295148,1.1515659,-0.46715078,0.07053052,-0.23346823,0.1634888,-1.3036538,-1.0052269,0.018545134,-0.88229465,0.20214783,-0.79050875,1.3040947,-0.3558179,1.2452495,1.0559944,-0.044028275,-1.0296547,0.58728874,0.27532023,-0.22672082,-1.3795136,1.0140318,0.33663484,0.6083056,0.5351166,0.025368847,-0.82799494,0.7011351,2.2029264,0.2757794,3.1072514,0.28183895,-0.6861147,0.606871,-1.5033883,1.461787,1.0302643,-0.6575347
http://www.benchmark.org/family#F6F94,1.3563212,0.014937293,0.48957574,-0.029420495,-0.15770921,-0.94351846,0.076738745,0.41036916,0.6877204,-0.17471133,-0.1386809,-0.09115028,0.34938845,0.7846884,-0.187392,0.16343276,-0.75764877,-0.20173745,0.41418344,-0.40455973,0.8588054,-0.85361093,0.25321725,0.53589445,0.5408362,0.3303563,-1.1813794,-1.0173814,0.8990129,0.35330218,-0.26566747,-0.9925039,-0.5899445,-0.73829114,-0.7090755,-0.77166855,-0.5007799,-0.24287735,-0.76609457,-0.24683219,0.16094774,0.6160321,-0.3326658,-0.19650108,0.6189231,-0.35763237,-0.36855155,0.31048635,-0.8854199,-0.8176119,-0.021311635,-0.7046191,-0.057323758,0.4884148,0.5241137,0.5573352,0.41193256,-0.61938053,-1.1911433,-0.6830891,0.84407485,-0.8063916,-0.27043292,-0.0019152467,0.53659976,-0.009628983,0.13030152,-1.397053,-2.2602503,-0.11397256,1.0171422,-0.069091395,0.45228243,0.35727182,-0.5745121,0.75286347,-0.073092684,0.596346,0.21021692,1.330208,0.68619686,-0.38345876,0.4546452,-1.1456596,-0.7172494,1.1593028,-0.047906373,0.7971916,-1.142603,-0.1781079,0.2760466,0.74837816,0.11960022,1.1568898,-0.19561593,0.08487388,-0.50579363,-1.374545,0.011606699,0.13367951,-0.27528217,-1.1834705,0.9157023,0.42087996,0.18618582,-0.57567996,0.3759918,-0.34099817,0.061064325,0.1432238,0.07011209,0.29431516,-0.6880448,0.4470027,0.4661674,-0.2720344,-0.32725838,0.21345913,-0.014977695,0.46225473,-0.22767586,2.1778064,-0.081182875,0.5919422,0.13879876,0.27042007,0.96237046,0.25389823,-0.70664775,-0.46180084,-0.25371063,-2.326716,0.8142057,0.3934602,-1.4797344,1.5863981,-0.32446384,1.2535479,1.6530355,-0.74700546,0.16663058,-0.056209657,0.8095422,0.5557094,1.390432,-0.30734807,1.4737663,1.5894866,-0.5718062,-0.62953436,1.2275326,0.56767946,-0.1286373,0.6650965,-0.27917254,-0.8421175,-0.10953886,0.01823357,-0.7353874,0.0018621909,0.99721766,1.0683107,-0.38673094,1.4093695,1.1758872,0.16159886,-1.5825543,0.41822168,-0.43110752,-0.31549615,-0.1164122,-0.43826905,-1.5297065,-1.1536344,-1.3226904,-0.018511808,1.8459424,0.3139967,-0.78228813,2.1108859,-0.62762433,-0.25806254,0.15146625,1.5048394,1.0866829,1.682828,0.55879724,-1.3579239,-1.7783563,-0.9779636,1.1020681,0.43508914,-0.11438599,1.2570968,-1.4408336,-1.1113985,-0.67963445,0.64061326,1.5244552,1.3071418,0.7777351,-0.3622728,-2.1266446,-0.08218857,0.6598959,1.1611292,-0.9474876,0.75473696,-1.066919,-0.5799541,-0.74183697,-0.703794,-0.052359473,0.26541606,-1.9348521,-0.19228135,-0.18377393,1.5746939,-0.83358955,-0.17770316,-0.41762424,-0.039220948,-0.14258364,-1.4860759,1.1764166,-0.58314234,-0.43008542,-0.41017708,-1.3616551,2.1025171,-0.97814125,-0.31805134,0.9962075,-1.2013444,-0.15759626,0.8602622,-0.025355194,-1.8964804,0.9967452,-0.9994354,1.1031553,1.51708,1.3174988,0.52444,-1.7905922,-0.44258198,0.59725106,2.1111155,0.75459164,1.6488321,-0.8843602,-0.6679129,-2.7882679,1.1803117,1.229159,-0.6757136
http://www.benchmark.org/family#F10F193,0.16319272,1.4300156,-0.5215398,-0.698988,-0.95410466,0.21936476,-0.038191915,0.1638709,0.115814686,-0.210149,0.36648348,0.8423624,-1.4027237,-0.51961714,-0.04313852,1.2077777,-0.45872962,1.4308825,1.087402,0.6737423,-0.65516263,-0.0309816,0.022717576,1.6474264,0.70065355,-0.31405547,-0.6941886,-1.3945129,1.0409884,-0.070333496,0.06677462,-0.075648665,1.7111049,0.082399055,-0.15943281,0.06974913,0.3764544,-0.26571786,-0.029348865,0.073797025,0.6546313,-0.26866633,0.7505008,-0.46327424,-0.46095762,0.3115975,0.67147267,0.40550044,0.49557358,-1.0509418,0.95631754,0.0075227926,0.41284958,1.3808106,0.76810235,-0.10060226,2.0906925,1.1310097,-0.15761301,-0.28459382,1.0288098,-0.56486195,-1.0677204,0.02561837,-0.81162035,-0.6111488,0.49122688,0.8944074,0.043775402,0.2580457,1.0410935,-0.1170261,2.0188406,0.39020824,-0.32397026,0.6321057,-1.5058525,0.67233044,0.7178559,-0.2489359,0.6732586,-0.38283733,-0.7075011,0.26886848,0.1788696,0.11751246,0.5338904,0.16882761,0.13862123,0.16232479,0.36179262,0.19824031,0.7998957,1.5975527,-0.58579403,-0.51368695,0.24873176,0.4311414,-0.73751426,1.5785195,-0.11464829,-0.9171549,0.7705972,-1.0018853,-0.32354093,-0.10723505,-0.15405917,0.8817783,0.22186455,0.15069105,0.12153965,0.47096437,-1.2696353,0.28059772,0.28592327,-0.37750143,0.59843844,1.0856389,0.10742359,1.3848178,-0.58189607,0.70912695,-0.15626934,0.06037634,-0.73556125,-0.018092662,0.9042773,0.50275344,1.5923495,-1.3950149,-0.13749315,0.12435204,0.7756334,-0.77361757,0.6130165,0.71656156,-1.4565496,1.0716593,0.4711596,-1.6361394,0.48951086,0.38526216,0.39287543,0.7680837,1.4285332,-1.0297619,0.4304973,-1.1558146,0.87099683,0.31344384,0.857639,-1.5444602,0.4729873,-0.87342286,-0.12396343,0.77051514,1.297196,0.3234903,-1.230508,0.52086455,-0.038462278,-0.41272193,0.7233738,0.6375374,-0.23774335,0.29416326,-1.1057117,-0.34274378,0.6823872,-0.06762338,-1.5080086,-0.8855367,1.6925577,-0.72461087,0.9754259,0.30934867,-0.5061791,0.2585634,0.07944847,-0.3929267,0.76427525,-0.5186455,0.34659526,1.1437489,2.6138425,-0.2783706,0.08412576,-0.9760799,1.0075029,-1.9877163,2.358538,0.28376478,0.563045,-0.1298441,-1.5838937,-1.379051,-0.23059207,-0.7497282,0.7305448,0.13551034,-0.31521976,2.8297486,0.917362,-0.73853636,-0.09992577,-0.2558327,-0.5143632,-0.28157082,-0.99818414,0.7565448,1.9209771,-1.0935086,2.0113773,0.6342278,-1.1941382,-1.6966703,1.914415,-0.8753074,-1.7242951,-1.0977418,-0.21590647,0.06517335,0.7449773,-2.4986258,0.129677,-1.8170803,-0.8614447,-0.9230802,-2.0089626,-1.3258224,-0.06688929,0.5565307,-0.1635032,-0.93906504,-1.238589,0.583186,0.41668245,-2.3293617,-0.08436425,-0.7020469,0.72354066,1.3984629,1.4633539,1.2232352,-0.14473632,-1.6064641,0.9850131,1.6508242,1.4620464,1.117394,-0.22738698,-0.48006132,0.23915401,0.85799545,0.7246938,-1.0730124
http://www.benchmark.org/family#F9M161,0.6718513,1.1047357,0.4518004,0.25879142,-0.052688297,-0.6483822,0.80353045,-0.08494388,0.53894997,0.16339062,0.87656844,0.99000996,1.6214114,-0.28403136,0.3539152,0.32460982,-0.73652315,-0.2315917,1.1284819,1.4646438,-0.31238264,-0.783414,0.009898923,0.012755236,0.7308197,0.09059669,0.029266631,0.6181293,-0.58263403,0.19567336,1.295999,-0.32466584,-0.46346742,-0.66323704,-0.3596891,-0.19165227,0.6377942,0.59181315,-0.38840136,-0.15260027,0.0812598,0.5816054,-0.16979885,0.7979216,-0.9989388,0.4906662,-0.42366531,1.0455099,-0.59061784,0.14735322,-0.69194454,-0.1507868,0.24900351,-0.6303795,-0.8520173,-0.6522255,0.45300066,0.50238144,-0.036760624,0.5638934,0.4103916,-0.30697522,-0.7579885,0.739182,-0.78520334,0.22681458,-1.0085506,-0.14333464,0.8391403,-0.32092682,-0.114786066,-0.49833646,-0.635309,-0.36592695,0.3676929,1.0728389,0.48010916,0.55654114,0.082561314,-0.20568304,-0.33307058,1.2913656,-1.1323696,0.65601426,-0.29977983,0.4548064,-0.07320097,0.10922126,-0.81422925,-0.424947,-1.3913594,0.018206587,0.19981056,0.58720714,0.57689726,-1.2263335,0.048260067,0.07058692,0.6048933,1.0216116,-0.12558244,-0.36250252,-0.45061955,-0.4409335,1.0942875,0.0081493985,-0.24294919,-0.38057843,0.44036326,1.2155038,-0.3101913,1.3970901,0.2521461,0.26064304,0.7990111,0.1201629,-0.10490852,-0.57974297,-0.10746928,-0.6099319,-1.8525131,0.67786485,-0.68599945,-0.19109479,0.3606931,-0.5237642,-0.022881769,0.31740844,0.8491084,0.63166416,-2.4278796,-1.7477286,0.4809247,1.0674075,1.0712534,0.12191037,0.57940537,2.3671699,0.41110468,-1.1319753,-2.9750729,1.7238431,1.163747,-0.83065337,1.7336274,0.3066723,1.4281436,1.235452,-0.112630524,-0.5549939,0.404509,-0.6986293,2.2896798,0.62874025,-0.14253119,1.922853,1.0824226,0.5942593,0.43637866,1.2711786,0.7889355,-0.18005757,1.7185705,-0.6433004,1.1244407,-0.017281858,-1.6836588,1.1600717,1.0846437,-0.82377297,-2.2272508,-0.45125207,-0.011348265,1.8830816,-0.0547076,1.0978686,0.1199688,2.2595472,0.7507976,-0.09891138,-1.1498297,-0.2540545,1.2405366,1.6555024,-0.09775854,-0.5351898,0.53664017,1.2248595,-0.8922612,-1.7376783,-0.84903854,0.3808993,1.7562596,0.23187684,0.79415464,-0.03190949,1.9593511,-0.69114417,2.2030628,0.2925676,0.63566214,-0.86201316,0.13854879,0.055706903,-1.0519642,0.25075203,-0.27968335,0.08304848,-0.56010056,0.12375852,0.35228145,1.363767,1.5837815,-0.48996317,1.541162,0.46329507,0.1527465,0.49208552,-0.7806559,0.23999149,-0.9316699,0.04796473,-0.4827898,0.83701915,0.57889843,0.20324703,-1.2375133,-1.8840351,0.693555,0.7462517,-1.5148315,-0.29841286,-0.796881,2.0766554,0.561292,-1.7121867,0.29223785,-0.13530605,-0.97601515,0.7436245,0.21982026,1.9083176,-0.46718305,-0.63126177,0.036828056,-0.3870063,-0.35667583,-0.5196475,1.935304,0.21578245,-0.35340512,1.8487006,0.8990116,-0.60098016,0.8894178,1.3281541
http://www.benchmark.org/family#F3F41,0.16486855,-0.7346894,0.9399157,0.22294876,-0.1607499,-0.12143602,0.43937922,0.9895055,0.46647853,-1.0254824,0.9133923,-0.6221274,-0.04596034,0.53391886,0.6050631,-0.07499597,-0.4225738,-0.040106826,1.3773267,-1.498513,1.4004782,0.1728662,0.18792723,1.44408,0.094884984,-0.5833745,1.5796908,0.14992958,0.11337495,-0.10778566,-0.13281679,-1.1250311,-2.4444509,-0.21418683,1.3474413,0.38485733,0.26887968,-0.091178015,1.2115145,0.19095765,0.28891835,-0.1517828,-2.4205258,0.21501295,-0.23298776,-0.07293803,0.8254465,0.53490144,0.47356158,-0.75543016,-0.7749687,-0.4598032,-0.41302302,0.037857756,1.2471737,0.11156417,-0.20105593,-0.73154396,0.7804094,1.5538659,0.846783,0.49358815,-1.4429257,0.011464291,-0.3135757,0.119316734,0.4679528,-0.19500332,-0.2458316,-0.3053974,1.0308259,0.036486264,-0.026777476,0.72194195,0.09006003,-1.3807849,-0.6719332,1.2585899,-0.39981836,-0.019772215,-1.673729,0.6777157,-0.36730307,-0.88551503,-0.10867706,0.58393306,0.40811166,0.11013665,-0.22330993,0.25619784,-1.6956949,0.43701068,0.17409088,-0.13265452,0.05927518,-1.3849176,1.6712223,0.15606992,-2.1021566,-0.665757,-0.51624763,-0.31899413,0.34088597,1.1998639,-0.50586295,-0.025500536,-0.040453255,-0.5141704,-0.20017055,0.47806913,-0.22172791,0.7591646,0.50854915,-0.051206663,-0.024697699,-0.07431749,1.6193376,-0.5111352,0.37582472,-1.2216269,-2.351589,0.97236234,0.051148105,-0.5531297,0.38991925,-0.85659987,-0.18544674,-0.24505468,-0.37768418,-1.698744,-0.19237554,-2.5121105,1.1737882,0.18290077,1.4764328,-0.67094564,1.4215707,-0.42557725,-0.32870823,-0.4698226,2.1852183,-0.9031909,0.0037406797,0.08945855,0.12851757,-0.19520172,1.5869666,0.62667084,3.0263526,1.2160729,0.29276237,-0.030605316,0.7886321,-0.2358507,1.865091,-0.39320284,0.6194874,0.9915393,-1.7717409,0.4400264,0.36322704,0.38236237,1.1932726,0.44037467,2.933152,2.0746696,-0.22804618,-0.3577571,-0.61661863,-2.782214,-1.6966969,-1.2833163,-0.39811093,1.4199071,-0.35626054,-0.57577616,2.444613,0.6097987,-0.90806144,2.5099204,-1.248904,0.25945026,-0.82544416,-0.72435844,0.87247854,0.24723369,-1.5067159,-2.4604535,-0.94394535,-0.8190314,-0.43113402,0.690549,0.2519183,-1.0583115,1.5108886,0.096358545,2.29322,-1.8874158,1.195264,-0.143737,-0.55644137,1.7467031,-0.6667978,0.055896826,-1.4521294,-0.41624615,-0.99349886,-1.1748192,-1.4148504,1.1967978,1.1469342,-0.13264975,0.5295011,1.989247,0.50472003,-1.1784315,1.2122192,2.6580956,1.2417997,-0.009834167,-0.6062158,-0.5992126,-0.25243318,0.05609909,1.0150511,-1.8002186,0.76164824,-1.4451602,-0.0652194,-0.9739462,-0.24539353,0.3706446,1.5475656,0.83229476,-2.7641659,0.6631673,-0.1265762,1.5545492,-1.780632,1.421807,1.4967237,0.7981167,1.144072,-0.49890533,1.1986991,-1.0799366,0.83523285,1.5829811,2.1174035,0.75236595,0.53779036,-0.6406755,1.4919175,0.49374333,0.13556169,1.1346511
http://www.benchmark.org/family#F7F124,-0.3783955,0.04585675,0.022297377,0.30664274,-0.019199591,-0.055778395,-0.37029243,-0.5860053,0.7957308,0.002269568,0.28817284,-0.65951544,-0.46893778,-0.609765,2.1467588,0.8289644,-0.22381677,0.6284197,0.59442735,0.22481067,-0.12190182,0.49488905,0.19628958,-0.3705349,-0.41838124,0.23681302,-0.34875846,-0.16338007,-0.1145011,0.10707032,0.20644256,-0.085681885,-1.263599,1.1751612,0.41756555,0.024809938,0.8727632,0.31512827,0.78559184,-0.60386837,-0.86322165,0.33707222,-0.49460477,0.071629986,-0.87013143,0.19447295,-0.112056926,0.17103767,0.385611,-0.011731922,-1.0127441,-0.13725215,-0.7916241,-0.13963357,0.5938706,0.8565452,-0.8411416,-0.2951183,-0.52343214,0.20215783,0.34085968,-0.761755,-0.55577546,0.4704058,-0.1371381,-0.3209581,-0.48603165,-2.3406236,0.17393003,-0.13679565,2.0912971,-0.19684826,-0.6610748,-0.37199742,-0.25409564,0.1947326,-0.44722795,1.4103321,-0.22560412,-0.061952848,-0.30645257,1.1247903,-0.25966844,-0.43875426,0.5561175,-0.053453416,0.9306294,-0.7462895,0.0048156967,0.03343657,-0.64099354,0.33192354,0.01733481,0.8569603,0.21700609,-0.6646763,0.017765893,-1.4723216,2.364894,1.0012716,-1.4625134,-1.6140985,-0.070148304,1.1840528,-0.21651432,-0.109019816,-0.5104022,0.035574853,-0.46313646,0.20621014,-0.1402796,-0.11628456,-0.13598302,0.07172813,-1.0510825,-0.16347799,1.2753543,0.87387305,-0.15228374,-2.6457028,-1.548909,1.1419226,-0.045874447,-0.4695774,1.5231254,-0.015069569,0.52952975,0.54031515,-0.6654424,-0.53963655,-0.21587811,0.39968732,1.7964286,0.5666649,0.256873,1.2400045,0.5355268,0.13392815,0.08981859,-0.015008766,0.95486146,-0.93422896,3.0544653,0.107166216,-0.47458437,-0.038829762,0.5374851,0.7136858,1.5432726,-1.0560367,-1.2858111,-1.6235683,1.4920974,0.21713682,-0.08014982,3.3907378,0.9163343,0.65606457,-1.1963147,0.8386669,0.036408216,0.9628726,0.92460734,1.5995945,-0.70134014,-0.5020951,-0.46611696,-0.14757985,1.773426,-2.2706156,-1.1515821,-0.55519396,0.9692037,0.8716415,-0.95621645,0.05231608,-0.033453148,0.79050833,0.4686645,1.3587582,0.22225504,-0.52417624,0.31646544,2.3742476,-0.017485727,0.4428308,0.9279959,-0.30262175,-1.8175851,0.29215682,-0.17576519,0.89172995,-0.65193695,-1.1352212,1.3715365,-0.8503018,-0.18678969,-0.16109441,-0.10432165,0.8102892,0.9687798,-0.22593662,-0.61755526,-0.16562624,0.14063607,-0.81803095,-0.08571448,-0.3638922,-2.8952942,1.6082652,-0.28199354,-1.4073317,0.07433141,-0.87690973,0.41919008,0.5786514,0.73693645,1.0168358,-0.83346486,0.83463186,0.27175698,-0.40862152,0.10307448,-0.72517896,0.19587825,-0.90564305,1.6796623,0.3449045,0.32861277,0.80624706,-0.5613202,-0.41814357,1.9271439,-1.2186708,-0.23280808,-0.36043337,-0.27392545,0.18845579,-1.7251542,-0.66984755,0.71020633,-0.41974878,-0.523498,-0.5454694,0.73129725,1.5208386,0.096446216,1.51873,1.4073422,-0.194821,0.9292328,-1.5498598,-0.93254656,1.6115751,-0.5422823,-1.5685146
http://www.benchmark.org/family#F6M100,-0.55463004,0.23463641,0.14406739,2.179356,-0.34073532,0.29112345,0.28401622,-0.2766825,0.20820372,0.28607687,-0.9531074,-0.16589053,-0.30410406,0.11531184,0.11730824,-0.21346068,-0.64654803,-0.60394275,0.9437555,-0.038294956,0.2692295,0.19106369,-0.37449098,0.8537305,-1.8747085,0.56683946,0.9882177,-0.620779,-0.18306032,-0.52879494,0.30489507,-0.008527035,0.020861318,0.22321202,0.33955133,-0.38686723,-0.8574508,-0.0902345,1.1497746,-0.30689928,-0.57048,1.3085889,-0.5532398,-0.09425225,0.08885441,-0.19220594,-0.36874887,0.6284842,-0.4231452,-0.48036382,0.044533588,0.023887085,0.09766908,-0.078594364,-0.25667885,-0.36448607,0.12430628,-1.1433256,-0.7542328,0.35352802,0.39076453,-1.0032771,-1.1334043,-1.0812862,-0.41335034,-0.65081686,0.047369543,-0.6906252,0.7600233,0.4775115,0.88859755,-0.18762451,0.28313,0.14944008,0.69492567,0.4856053,1.0319736,0.615405,0.79087347,-0.25933838,-0.85444045,-1.1572288,-0.71238315,-0.27288234,0.28861913,0.22183274,0.6094423,0.13547125,-0.21149926,-0.7928381,1.8480561,-0.2162648,-0.113123015,0.45247582,-0.0010723682,-0.37530208,1.1621593,-0.3113391,-0.46549037,0.64527243,-0.55026084,-0.53691787,0.7828452,0.2643216,0.6628821,0.034710005,-0.27680588,0.10104924,0.23925185,-0.24335797,-0.05908867,0.23093595,-0.39799756,0.5703648,-0.1840628,-0.044661794,-0.6576467,0.06939508,-0.21244736,-0.48734134,0.35613388,0.9005265,0.16688424,0.4103653,0.18967846,-1.3004308,-1.059405,0.38301063,1.5778165,1.0497935,0.38814196,-0.15250912,0.88470215,0.650039,-1.3343786,1.143002,1.5580164,0.65451455,0.5247253,0.31162596,0.17737755,0.14920785,-0.039733604,-0.28969896,1.8640311,-0.6549601,0.81103504,1.8093095,0.5132086,1.6594945,0.39632446,-2.1523626,-0.133122,1.1387336,-0.69165057,-0.21025184,0.25896224,0.87965614,-1.1967897,0.42321905,0.6191973,0.5341398,-0.8672678,1.109424,0.20292562,1.4581108,-1.0530349,1.2329617,0.46917322,-0.44330448,-0.65041375,-1.8428409,1.0322964,-1.0158324,-0.6216133,0.2734508,0.44175377,1.0158751,0.5646249,0.3455018,0.102710746,1.4185683,-0.59473157,-0.4561652,0.3376133,-2.5271611,-0.4531729,0.5633476,-1.119872,-1.453473,1.4949106,1.9362781,-0.83706015,-0.5001794,0.26164386,-0.10379124,-0.81066144,-0.855498,1.3311397,0.050497875,1.3416755,1.8640087,-0.04606311,0.6694242,-1.0666047,0.7701451,-0.32173333,-0.23961286,0.5187761,-0.91961646,1.5857968,-0.069610424,1.6382232,2.9850101,-0.36214796,0.9575514,-1.4454222,1.940785,-2.077171,-0.19115935,-0.8052123,0.6551684,0.15594766,0.2877336,-0.19930907,1.9860864,-0.12365708,-0.17313378,0.25172225,0.37649456,0.41977218,2.6115177,-1.080487,0.58191186,-1.3640578,-1.5739763,0.080659464,1.6223866,0.2628857,2.1359384,0.9428057,0.85720146,-0.2531188,-0.042537145,0.42776546,-0.011276545,-0.44113564,1.0173583,2.2721128,1.6947371,-1.0974092,-1.1404488,-0.71538484,0.6825098,-0.15086886,0.18520124
http://www.benchmark.org/family#F10M190,-0.10358731,0.115949295,-0.49581558,0.7467741,-0.0035696237,0.10449058,0.25871712,0.01337461,1.62499,0.21726291,0.18930714,0.96446943,0.48001897,-0.32894436,-0.19716674,0.09583837,0.31898698,0.81295145,0.8665649,-0.52846843,0.16913234,-0.39530447,0.27535477,-0.39821684,1.4539633,-0.15595748,0.16823201,-0.92688024,-0.80082107,-0.91971076,-0.6471703,-0.04804667,-0.32741955,-0.72804606,0.27710852,0.9722755,-1.252031,-0.92500955,-0.059513878,-0.54219365,-0.7774184,-0.3453486,1.1589752,-1.1055297,0.63200355,-0.3580603,0.21770798,0.4581506,0.5468704,-2.021021,-0.36236894,-0.17285119,-0.18820953,-0.2835586,-0.3490731,-1.061805,-0.26470396,0.28792745,0.055358004,0.037025485,0.25774282,-0.12804116,-1.1135558,-0.017537432,-0.5138257,-0.2390437,0.830312,0.6883481,1.2355684,0.6848752,0.35797906,0.19577323,1.0839909,0.12515362,-2.767933,-0.34833816,-0.62390184,-0.12260155,1.3905257,0.28772068,-0.11291569,0.018115956,-1.0083096,0.047207657,1.572936,-0.8702494,0.33399484,-1.5594252,-0.053349815,-0.120319135,-0.86796767,-0.21562439,-0.73881614,0.2098894,0.3063521,-0.23141302,1.0826386,0.013266961,1.2262988,0.8200933,-1.8378785,-1.3652658,-0.56239307,-0.70701677,0.17724536,0.024241406,-0.52983505,-0.29741514,-0.39017504,-0.13912275,0.758217,0.048660837,-0.69768226,0.46481782,-0.12768584,-0.46955177,-1.0501803,0.22183247,0.72981226,-0.141802,-1.6571884,0.34346914,0.029887866,-0.6149916,0.09330328,-0.89866424,-0.015217467,0.5271422,-0.38042605,-0.6145691,-0.41929638,-1.5792965,0.26538494,0.91525847,0.4496973,-0.65786064,-0.39120373,0.48338813,1.5003604,-0.26823953,-0.5625657,0.7073944,0.2626975,1.3257533,1.8367417,0.23752315,1.9825971,0.04639795,0.44033858,-0.5391009,0.9828313,0.4185615,0.68448,-0.1652402,1.3858143,-1.0543329,-1.656353,2.3384345,-0.65573627,-1.0162061,0.97754407,0.29903844,-0.46238437,1.4344099,-0.0478308,0.7861212,-0.8140904,0.3565875,-0.02857195,-0.534455,-0.70115286,-0.0264074,-1.2159752,-1.1700733,-0.7820613,0.38675657,0.71006227,1.7770298,1.5500307,-0.7739845,0.58356893,1.0625709,-0.26889282,1.3918669,1.087872,0.7521083,-0.06042885,0.8795711,-1.5266454,0.75426644,1.5884569,0.33268583,1.1674312,1.7983373,-0.26619154,0.6292404,1.7324011,-0.15130042,0.55044097,-0.50695026,-2.2866955,0.66353565,0.3823731,0.5121581,-0.4265127,0.21741496,-0.6007818,0.8757569,-0.40080455,-0.2946544,1.0558201,0.22315936,1.788352,-0.81327355,0.9037789,-0.1794515,-0.11897758,-0.72770363,0.07885499,-0.07814008,0.22600657,-0.23239094,-1.1005437,-0.72858006,-0.44023657,0.7218731,0.13064125,-1.6383895,0.44681284,2.7453551,-1.3053057,0.3773742,-0.10628512,1.7944922,0.78446674,0.21344697,-1.2216243,0.23042269,-0.06434247,-0.23403099,0.11990889,0.21303615,0.56536883,1.095988,-0.730549,-1.0445797,1.315291,1.4127395,-0.6326735,2.2919967,0.62433016,-1.2228703,-0.8896988,0.06312636,-0.011639285,-0.27373168
http://www.benchmark.org/family#F5M66,-1.0381628,0.545084,-0.30150798,-0.08018983,0.19392987,-0.43929836,0.30981168,0.654166,-0.65606433,2.1883678,-0.79732585,0.2417211,0.19595534,-0.2824182,-0.048639555,-0.18563947,-1.1782095,-0.5371627,0.5613388,-0.38402352,-0.33467224,0.005569415,0.6234224,0.91907823,1.3932545,-1.2699932,-0.010771583,0.72114307,0.109663464,-0.011981464,-0.07859089,0.6371481,-0.42249593,-0.19229086,0.45561647,0.018877128,0.36386818,1.7692866,0.8194631,1.6669459,0.59737784,0.5224794,-0.49664447,0.39496902,0.45438787,0.966518,-0.32359344,-0.13005868,-0.62871855,1.0009257,-0.046539173,0.28722823,-0.4282523,-0.15431553,0.74551934,-0.23492149,0.7123722,0.99344313,-0.374189,0.22763689,-1.4126188,-0.41438565,-1.869939,0.21281967,-0.7616816,0.057566028,0.9779939,-0.419851,0.652292,0.25594932,1.2780157,0.033489347,-0.08530601,-0.7852042,0.23926154,1.5590633,-0.33990413,0.5508523,-0.41947,-0.72349477,0.25156832,0.37589782,-1.5629896,0.02266958,0.97090113,-0.16668881,0.027255954,0.18792717,0.42760754,0.075557426,-0.33823046,-0.33758005,-0.07625926,-0.31216878,-0.691541,0.6859026,-0.7029548,-0.5133191,-0.01132233,-1.1655769,-0.3251846,-1.3813667,-0.048047956,0.07832972,0.92465585,0.9339845,-0.82804596,-0.2863043,0.025955338,0.17825158,1.9467125,0.4078583,-0.28652394,-0.20260794,-1.417118,0.20749584,-0.7473157,-0.850973,0.32570577,-1.7021321,-2.4894009,0.06346978,1.167992,-0.63866895,-0.21496645,0.1800103,1.0003607,-0.5005197,-0.7148076,0.42578685,0.05156636,-1.232963,3.1182933,-0.013686075,1.549821,0.70841986,-0.31160665,-0.137631,-0.7433349,-0.58700633,0.22257091,-0.10787787,1.1071223,0.71540004,0.33584234,1.2120606,-0.056860507,0.16142534,2.4732442,-0.3274363,0.5861392,0.2881288,0.9883872,-0.5422189,-1.6131034,2.5752254,-1.6699115,1.0029541,-1.6128738,1.2337981,0.7201616,-0.015840562,-1.6019796,-0.14588101,-0.80413514,-1.0152516,0.6605806,0.3187995,0.31441784,-0.022969924,-0.76534027,0.43634894,-0.60050946,0.28913045,-1.5595956,-0.84840417,-0.7769002,0.44400918,-1.4542102,0.48013076,-0.52535594,0.43739873,-0.18396683,-1.4816575,-1.2413023,1.3103089,0.24850437,-0.5816533,0.3100511,-1.0156999,-0.48371676,-0.12190248,-0.16329102,-1.4578422,-1.3787208,-0.43340608,0.07389859,-0.19417845,0.6043253,1.5707769,-1.4664149,0.36539066,-0.25027743,1.2689797,0.58382773,0.3736828,0.7609577,0.52409947,-1.6545843,0.16421966,-0.31932315,-0.09808448,2.1227412,-1.5519181,-0.5818047,1.0163296,-1.9873364,0.7125639,0.9333368,-0.7129715,-1.6615664,-0.37460512,-0.42233366,0.043245167,-1.6493696,0.5231744,1.9027519,-0.008684538,0.7493764,1.6897572,0.65062124,0.7435824,-0.6468023,1.6070195,-1.2419003,-0.9208044,-0.92460513,0.69287264,-0.925818,-0.9031212,1.5472145,0.648077,-1.045266,0.7977021,0.8528702,-1.559593,-0.85190177,0.53140676,1.0442972,1.553435,0.8917433,0.54173565,-1.0206565,0.25732973,0.40147772,0.81617564
http://www.benchmark.org/family#F10F172,0.29848447,-1.050833,0.088619485,1.447343,0.2649388,-0.07863839,-0.73939633,0.8885085,0.30951208,-0.4769576,-1.3970026,0.8943535,-0.92554045,0.28987905,-1.8913207,-1.120184,-0.9589618,-0.61184514,1.1329194,0.15610568,-0.2785177,-0.055526238,-0.15889719,0.500237,0.5409532,-0.5838536,0.28111127,-2.2826874,-0.13288496,-0.56347513,-0.4792709,-0.9327393,0.32998085,-0.44318098,0.3085763,-0.25934312,0.60711664,-0.8824773,-0.24111597,-0.46218273,1.1254146,1.3306521,-0.60776865,0.19520706,-0.01635217,-0.43019524,-0.6338881,0.76648575,-2.017266,1.2569449,-0.33279762,-1.2656076,-0.433514,-0.07551628,-1.0485094,-0.019516775,-0.38869667,-1.1736151,1.2776458,0.04113177,0.5336764,0.026205365,0.10435309,-0.7809085,-0.9552265,-0.16382208,0.459285,-0.59280926,0.79392225,0.32695568,0.6012149,-0.062376924,0.28938866,0.87339264,-0.14163734,0.6107123,0.49403113,0.7420488,0.21389037,0.07082332,0.41408935,0.56077194,-0.29403007,0.16765842,1.3739457,-0.8495409,-0.5598665,-2.1967518,0.036099356,0.30721644,-1.0883058,-1.6165171,-0.7559292,0.8562019,0.47048408,-0.22522229,-0.44397786,-0.23082869,-0.08839521,-1.1374885,2.2120275,-2.1234326,-0.46983683,-0.096993215,1.3090997,0.23164682,-0.580437,-0.0118125845,0.9440733,0.0038336553,-0.39455464,0.13781047,-1.3423103,2.1397095,-0.107893154,0.13464381,0.56001973,0.32280898,-0.22549215,-0.7965369,-2.1543763,-0.0116003705,0.29184684,-0.26934114,0.5938736,0.14560388,1.7877284,0.49129814,1.8689393,-0.9026098,-1.2934364,-0.7392165,1.9616146,1.7381406,1.5909321,-0.09626793,-1.8736346,-1.771538,0.09640899,-0.6571139,1.9667051,0.25743303,0.0040143896,-1.9205533,2.1077566,-1.02818,1.5109608,1.4957356,2.3726273,-0.42945722,-1.6767594,-1.5002574,-1.0335642,-0.064161584,-0.1936134,0.71608233,-1.4065138,2.5291567,0.37332913,0.015999567,0.6094774,2.2790399,-0.043451156,-0.2541436,1.1045247,-0.096238725,-0.4540752,1.8419982,-0.90906304,-2.6633635,-0.68745184,-0.35050303,0.2479675,0.53710866,-1.1637274,1.5530734,2.1859853,0.20397925,2.3495588,-2.6411831,-0.436179,-1.2718556,-0.58518684,-1.2356297,0.5945204,2.0228918,-0.7262094,-0.8148924,-0.9824067,0.13351211,-1.307839,-0.78891313,-0.0068296534,0.7317026,0.17709386,-0.39320618,1.0908325,0.07289836,1.0573857,1.3869716,0.73743933,2.2383199,-1.7004856,1.1238068,0.77458835,0.67769486,0.22380824,-0.5092795,-0.08859053,-1.1068119,1.0478925,0.7231744,-0.2969795,0.6272255,-0.52290493,1.3744346,-0.026587905,0.4259401,-1.7542056,0.6647781,2.0501268,-2.3279846,-0.061582167,-0.52163297,0.31670788,0.46265817,-0.11973331,-0.5561299,-1.0334982,0.36304763,0.091564365,0.7025026,-0.6635367,0.3817688,-0.74399596,-0.4067645,-0.06958181,0.024722194,-1.7117474,0.7911055,-0.12806126,0.48998162,-0.94535255,0.8238834,0.024278121,0.7196298,-0.059429444,0.66557163,1.0133721,0.72691476,0.6708364,-0.85861695,-0.9039141,-0.53375655,0.6009902,0.8427505
http://www.benchmark.org/family#F2F19,0.60959005,-0.4023361,0.9604908,0.71034884,-0.3192098,-0.116890974,1.0228466,0.3640338,0.38413435,-0.3149338,0.353859,0.8025686,-0.6670977,-0.86669886,0.50517684,-0.09674594,0.19121088,0.5653396,0.70277584,0.19957574,-0.22263153,-0.4268902,0.84828246,-0.45622614,0.5029369,-1.5058658,-0.22913562,-1.0965048,-0.42063537,-0.051406484,-0.24161294,-0.099839345,-0.7414066,-1.2566067,0.876267,0.12523572,-1.055803,0.23775046,0.3369669,-0.37537256,-0.4551557,0.21558249,-0.71689594,0.4252735,0.043503765,-0.35880697,-0.50286126,0.22963399,-0.10085,-0.21475427,-0.5506669,-1.1205125,-0.057143334,-0.11209844,0.44887957,0.617183,0.33170316,-0.039822035,-0.357366,0.06098477,-0.6354516,-0.52645844,0.10627759,-0.17234398,-0.02587928,0.031270843,1.952029,-0.7166661,-0.3109661,-0.047110666,1.5365721,-0.6292619,-0.25223032,0.8524062,0.35814646,0.5939698,0.6863321,-0.5075291,-0.7145745,0.09495826,0.20459649,-1.1196485,0.5891814,-0.5835938,0.46007702,0.41646394,1.462042,0.077018686,-0.15154442,0.3861341,-0.50799054,-1.1574489,-0.47639224,0.1867859,-0.34361655,0.11486134,0.07831233,0.098891556,0.30131942,0.5549982,0.11109277,-1.4259565,0.8511564,0.115068056,0.5908875,0.2943867,-0.06587518,-0.5159757,-0.06673117,-0.049629673,0.41914576,0.7292602,-0.7549424,-1.1328444,-0.5298654,0.1726402,1.4018977,-0.74173653,0.26176935,-0.6865069,-1.06999,0.23929179,1.189261,0.42895803,1.1357188,0.6616142,-0.0678697,-0.09518067,0.25939777,-0.28379568,-0.47942153,-1.2087309,0.85030204,0.69919837,-2.2151542,0.8681423,-1.0054811,0.77779716,0.671858,-0.9136363,1.8626232,-0.1690747,1.5509729,-2.5529673,1.4176583,1.1042933,1.6025705,-1.8738782,-1.1151179,-0.93787086,-0.55007553,1.2961622,0.30051303,1.605897,0.59010345,0.80772024,0.8756739,0.823773,-0.6680979,-1.2934085,-0.4540962,0.91826475,2.4792633,1.1885207,1.6988031,-0.5888644,-1.6636891,-0.046408337,-0.9760921,-0.7214815,-1.0046201,-1.6542599,0.62761533,-0.90453863,-1.4874018,-0.26502082,0.35626924,0.4986512,1.1545857,-0.27994648,-1.2031535,-0.30085006,-0.5383343,-1.4539837,-2.901265,-0.9786973,1.8506049,-0.26620302,-1.662357,0.8076777,0.939468,-1.1242542,0.42812687,1.6716747,-0.5923493,0.15906377,0.8266115,-0.28310186,0.0024730675,0.42500988,1.4992958,1.8606701,-1.405779,0.26432055,0.2972389,-2.0114927,-1.2344868,-0.96290815,0.084014736,0.3901405,0.52057624,-0.0676275,0.38408825,0.032365225,-0.9699787,0.06316415,0.69815433,1.2268311,-0.60089767,1.0608975,-0.065001614,0.133909,1.4071124,-0.9745484,0.27106327,-1.4081249,0.4448226,-2.2450607,0.75952345,1.2935128,0.7851432,-0.8493028,-0.929269,-0.48885953,-0.21398588,0.9785007,0.43147415,0.38086668,0.12566271,-0.435218,1.0519118,-0.08769804,0.66495115,0.93449455,1.5385827,0.3180017,0.45876965,0.76125115,-0.86757004,1.6910712,-0.32770216,-1.3714236,-0.32768553,-0.90661526,0.10307827,-0.24352574
http://www.benchmark.org/family#F3M40,-0.2193714,0.121980265,0.036500197,1.0467591,0.17336878,0.006741981,0.18983555,1.9424429,0.1849262,0.2693028,-1.2035804,-0.6976945,-0.25926208,-0.291459,0.17314808,0.54152805,-0.85579926,0.5934258,-0.3779982,-0.57711595,0.9063546,-0.90315795,1.3127867,0.124173775,0.85121286,-0.102773756,-0.11903866,-1.0868937,1.1502441,0.42319277,-0.5786054,-0.1909378,-1.2604939,-1.0287634,0.5349694,-0.1529388,-0.34252283,-0.008305902,0.98974377,-0.122866094,1.5543057,-0.46449494,-0.03883902,0.40740898,0.05325008,0.04170371,-0.6406768,-0.19964235,0.11984148,0.08870086,-0.3205832,-0.12006351,-0.7885346,-0.15935817,0.1966915,-0.005079239,0.63141674,-1.7632527,0.42509913,0.84203404,-1.0620507,1.0271137,-1.2023731,-0.9354355,-0.33358708,-0.21466297,-0.011216558,0.46152547,-0.33409265,-0.13422091,0.892936,-0.3860665,-0.046214964,0.009820281,-0.05453533,-0.21599942,-0.011061898,-0.57471925,-0.19292343,0.52898556,0.2614913,-1.5700159,0.20909739,-0.06370519,0.052382533,-0.16676416,0.2557288,-0.10149552,-1.1803371,0.4406169,0.7137772,-0.099885546,-0.32836825,0.66152906,0.5917223,-0.47512412,0.17170624,1.1968359,-1.04697,0.22281979,-0.018934952,-0.6102593,-0.1490057,0.905012,0.53913945,0.26387122,-0.24953042,0.055850446,-0.02648045,0.17444858,-0.6002872,0.8256639,-1.0162661,-0.26202643,0.10172464,0.20991632,-0.8109429,-1.1483756,-0.3129231,-0.4060033,-1.1552265,0.28186262,0.29474357,0.7056937,0.3016884,0.7351116,-0.40280405,-0.49126905,0.91926235,0.53367066,-1.7015351,-0.7342986,-0.34754553,-0.58962893,1.0869616,0.6348797,0.59176904,0.3008145,0.6810134,0.45711324,0.73557943,-0.42042106,-0.53253746,2.1970963,0.07277018,0.81876177,0.5392389,1.1004523,-0.6502443,-0.89064336,-0.041126918,-1.9076741,-0.9521679,-0.043503545,-0.00058328593,3.0737603,-0.6762451,1.6953815,-0.32071483,-0.75451034,-0.0628414,1.2047321,1.3502315,0.6666382,1.503812,-1.0945679,-1.6100463,0.234238,-0.9456152,1.0811483,-0.26795483,-1.4315012,0.162298,-0.90455234,-0.92105895,-0.3568419,1.7628442,0.7084042,2.6852689,1.740679,-1.8246498,-0.35116342,-0.41760856,1.8489553,-0.5128206,-0.075502485,0.64098006,0.31424603,0.1453781,-1.0359629,-0.90263486,-0.6164723,-0.6873381,2.2110138,1.3971545,-0.44286934,-0.7019344,1.2741234,0.2243173,0.9031572,-0.2146857,2.529907,-1.0078146,-1.6165608,-0.75936645,0.59263873,-0.8951869,-0.94361246,0.18205114,0.8103953,-0.21901543,-1.2799991,0.34423068,0.2836299,0.6192609,0.30453497,-0.3182555,2.0579977,-3.2761667,-0.5100266,0.48018634,-1.9707807,-0.3256339,-0.4030704,2.903906,1.0348358,0.60199714,-1.0175927,-1.5644449,1.9344159,-0.24361166,1.5779164,0.37038445,0.33626148,0.22816052,-1.4822744,-1.4188162,-0.8984791,-0.2066308,-0.26622027,0.58966017,-0.1799281,-0.7859421,0.22066793,0.99898785,-0.35900944,-2.0590227,0.4684981,-0.34946138,2.341113,0.22988707,-0.15072687,-1.2818948,0.28878957,1.0284534,0.1301664
http://www.benchmark.org/family#F5F61,0.35073486,-0.8705338,-0.5200665,0.8544787,-0.038752187,-0.48575786,-0.15539002,-1.2901818,0.29022467,-0.30529147,0.32497096,0.020277373,-0.24437788,0.08553293,-0.13311405,-0.8760292,-0.21102895,-0.29779866,1.1496048,0.28452152,0.13307019,0.18602286,0.22298382,1.0336136,1.0525597,0.24908602,-1.5596528,-0.42471236,-0.27804157,1.17784,-1.6397296,0.16318107,-0.37395355,-0.8181877,1.3687257,-0.41773087,0.33477035,-0.19459182,-1.2020775,-0.083271466,-0.80231535,0.15537694,-0.17369801,-2.2187638,1.434721,0.70612615,-0.47347528,0.00087129243,0.08250175,-0.79098386,-0.82954913,-0.5085796,0.00020261467,1.0777842,0.3208766,-0.04319664,-0.22338368,0.07878418,-0.818167,0.17520092,-0.10806021,0.15333669,1.6977967,0.2906605,1.239543,-0.04040725,0.13784143,0.124302596,0.5762492,-0.5646977,1.2632409,0.83476895,-0.009723727,-0.091084786,-0.024288962,-0.06588701,-0.002678201,-0.057336643,-0.39956087,0.13470306,0.03154005,0.7243081,-0.28721187,0.0647122,-0.2265083,-0.050713766,0.7188247,-0.67159146,0.4771193,-0.22370945,-0.09336573,0.8527412,-0.6503068,-0.6152578,-0.625271,0.5230234,-0.19609319,-1.455701,-0.9973344,0.49988914,0.10097851,-0.8461739,-0.27313647,0.004472397,-0.28129607,-1.3255408,-0.31219736,-0.2681196,-0.19591434,-0.95303655,-0.14246319,0.59510446,-1.9535931,-0.26245475,-0.10779898,0.6466497,0.19241528,0.41494125,-0.96783257,0.052343894,-1.593987,0.9576062,0.7722405,-0.5300015,1.6300733,-0.4102396,-0.2778817,-0.7067157,2.0091383,0.3850934,-0.09464668,-1.0528232,1.7667979,1.7967838,0.1512091,1.1123259,-1.1026427,-1.000906,0.47579834,0.17781112,-0.00081285334,-0.25405857,1.7138467,-1.6408746,0.13587582,0.48271212,-0.15575776,-0.52065057,0.8169937,0.4246305,1.7055037,-1.5480802,2.2742865,0.48135164,0.13779524,1.3697723,0.36218485,1.5130429,-1.5777421,0.7305525,0.09935283,1.2866372,1.2662944,-1.2093434,-0.3085764,-1.7831396,-1.6786621,-1.5476321,0.032974165,-1.5131567,-0.59157723,-1.4466256,-1.40715,-0.369756,-1.1393247,0.59016967,0.37107307,1.2642746,-0.9949473,-0.14243898,-0.51185054,-0.516833,-0.25167304,-0.53757536,0.1795615,-0.6143853,1.0589167,0.40282875,-1.6762838,-1.2951277,1.6699724,0.28430417,0.36498827,1.5899998,0.117511995,-1.7173316,0.15821838,-0.08222202,0.33204854,0.1688072,-0.091929026,0.04288862,-2.2792466,-1.0795181,0.9088974,0.58675146,-0.11320531,0.83198667,-1.5926507,0.6813267,0.5520229,-0.69634473,0.945874,-1.167274,-0.3851471,-1.0276031,1.6654668,1.3887415,-0.042422492,1.1711776,0.23898724,-0.5905053,1.032959,-0.43466252,0.20912492,-0.14347057,-1.0818915,-2.6856081,-0.67889154,0.38889816,-0.4972299,-0.2610771,1.6501989,2.5497344,-1.5137247,1.9014845,0.7759495,-0.6434407,-1.7490901,-0.03619851,-1.1679022,0.8494627,-0.6874188,1.7223908,1.2733852,-0.047710422,-0.5538121,2.483634,0.18528846,-0.42736205,1.7086027,-1.4335564,0.15973131,0.15832452,0.8831067,-0.14495043
http://www.benchmark.org/family#F7F119,0.48585206,0.10612868,0.6468429,1.5083021,-0.096964404,-0.24052247,0.31139827,-0.19347478,-0.44322753,-0.24236646,-0.37749627,-0.009001068,-0.336684,-0.17914103,-0.24238332,-0.6736684,-0.42944688,0.593433,-0.33551818,0.808366,0.93904966,-0.05032013,0.7661034,0.19049616,0.9473276,-0.9174742,-0.15309443,-0.5941353,-0.207042,0.8594075,-0.019837493,0.075423814,-0.4482939,-0.786398,-1.0594167,0.38198248,0.53191686,-0.3792146,1.7447069,-0.9307282,-0.04803914,1.099648,-0.8494771,-0.7009169,-0.023957701,1.1322075,-0.3855191,0.7290552,-1.0939747,-1.3135184,-1.0687996,1.4081765,0.60835624,-0.35175467,-0.42035306,-0.08898168,0.83887404,-2.1800094,-0.49669424,-0.26989105,-0.32130373,0.28237373,-0.5790464,1.0804758,0.038666822,-0.3694168,0.1888772,0.051275454,0.21484536,-0.68580276,0.44978622,-0.6974755,1.0453714,0.14390777,0.5748281,0.51476836,0.02285929,-0.077744454,-0.594813,-0.496284,0.55459887,0.5351625,-0.6595993,0.03571651,-0.74824375,-0.336483,-0.9264665,0.60295236,-0.57914376,-0.28384393,-0.514408,0.17087741,-0.70392096,-1.2431526,-1.121866,0.013169713,-0.73718154,-0.49890554,0.8251637,0.1098754,0.16607547,-1.177298,-0.3978575,1.1888071,-0.23699053,0.803353,0.643474,0.39853185,0.47071868,0.21529378,-0.0749549,0.5471393,-0.87630713,0.17932689,0.26361153,-0.22188126,0.10745914,-0.4124661,1.049907,1.4778289,-1.1648253,0.2354908,-0.034367062,0.9785748,0.59358346,-0.0026213643,0.4434585,-0.06654872,-0.52531636,0.331964,-0.48620382,-1.0379633,0.7040799,0.9862532,1.2661035,-0.22431509,-1.4091562,-0.45089298,1.5526534,0.2803576,0.80866885,-0.78247017,0.59934986,-0.6907595,0.031784713,2.9415355,0.95365214,-0.8721829,-0.36241353,-1.3727238,1.2095282,-0.29130304,0.18639182,1.8682209,-0.31745046,-0.20793362,-2.5804152,2.8363628,-0.4522506,-0.9729993,1.3001982,1.3212444,0.72400975,0.8624706,-1.0826666,-0.25835565,-0.23904759,-0.076240025,0.8603399,-1.5212035,-0.4705816,-0.059641153,-0.37649506,0.9710929,0.671211,0.39064145,2.172071,0.766808,-0.7005785,0.2639921,-0.15065236,-1.6109412,0.6177148,-0.26609343,-0.45442048,-0.923611,0.6010631,1.3076693,-1.25425,-0.4002956,0.3306537,-0.20496376,0.53811467,1.5398519,-0.89628357,-1.2077522,1.3894861,0.7624638,0.18088196,0.7622248,-0.23812807,1.3030263,0.7209226,0.57865846,-0.011386167,0.49263203,-0.048372686,-0.45211568,-0.120113805,0.22761247,2.2435524,0.04953337,0.67003846,-0.16337031,-0.07052481,-0.09272652,-1.3449851,0.74084586,1.1501813,0.09835993,1.0942277,1.2355537,1.7831584,-0.45172974,0.39435303,0.15400945,-1.1249788,-0.41445032,-0.76957244,-0.008716513,0.86432815,0.3169172,-0.7023171,1.8164939,0.5710816,1.3437972,1.370468,-1.1384662,1.6172864,-0.080895245,-2.1359107,1.8147511,1.2410301,-1.058335,-0.2664751,-0.688577,0.3148955,3.560904,0.991529,1.9502802,0.88025963,-0.055343516,0.8603744,-0.6821696,0.37948495,1.6588393
http://www.benchmark.org/family#F5M68,-0.06748865,0.053334918,0.5865696,0.7229653,-0.4677003,0.779582,-0.2671188,-0.263739,0.3339629,-0.3380977,-0.1269193,-0.05348894,-0.06553583,-0.15049195,-0.5017422,0.17350294,-0.95849276,-0.18297073,0.13095532,0.43020293,-0.1511871,0.44487652,0.021394243,0.9728742,1.6817254,0.9448642,0.025903055,-0.21746738,1.4118241,-0.33649302,-0.027790386,-0.60014683,-0.017211989,-0.025811668,-0.91077214,-0.72960967,-0.3125748,-0.95618993,-0.48322424,-0.11408017,0.106088795,0.721993,-0.91878927,-0.5551193,0.4202744,-0.07064691,-0.28392103,0.70224226,0.65789056,0.80009085,0.030854663,0.50761896,-0.09971909,-0.24529944,-0.2652688,0.41668874,0.4934283,0.24475546,-0.37182465,-0.28521422,-0.10660452,-0.8398809,-1.0224233,-0.17709021,-0.059699643,-0.42775208,1.4610459,-1.3220351,0.95220244,0.15617156,0.5945352,-1.1604255,-0.48985004,-0.135267,-0.12626205,-1.2496276,-0.42293042,-0.5832789,-0.51893854,-0.19525073,-0.77376765,-0.15312941,1.0784502,-0.49314046,1.3508978,-0.7894037,0.037197504,0.058189757,0.40303767,-0.34145325,0.1300644,-0.033868432,-0.29129168,0.4336686,-0.088821076,0.23677585,0.33502716,-0.22017327,-0.8011841,0.56057894,0.1182432,-1.8835196,0.26601395,-0.71436155,-0.0130927,0.15263233,-0.35313082,0.22456287,0.790758,-0.1589792,-1.1939651,0.91862553,0.08265136,-0.49488825,0.38872525,0.06895835,0.27366373,-0.09223683,-0.15185492,-0.30581293,0.23356186,0.30186522,-0.34073552,-0.61396843,-0.5394086,-0.49422356,0.3787089,0.5492953,0.7556008,0.35860646,-1.4058617,-0.9369954,-0.2477696,2.771036,-0.19853143,-1.0593096,-0.2728548,0.17474857,-1.5771505,-0.57025117,0.64652866,-0.029367894,0.16392541,1.0284774,1.2230816,-0.2909793,0.8745553,-0.8904354,1.5614088,1.5919052,-0.13263607,0.028399646,0.005831606,0.12141165,0.5925968,0.2776346,0.17459257,0.24824286,-0.27627444,0.56286454,1.0400115,2.1373181,-0.19983304,0.4608689,-0.032046027,0.11441061,-1.099379,1.123646,-0.25053737,1.099295,-1.9821062,0.6463571,-1.320518,-1.1368499,-0.9054992,-0.044959832,0.7416881,1.5197515,-0.09392752,-0.8374112,0.24696514,1.5320543,0.550227,0.34476307,-0.256018,-0.15518208,-0.2992355,-0.5702131,-2.0440729,-2.609803,0.07275696,2.0386739,0.14297,-0.9604422,-0.7888762,-2.6903026,0.44051954,-0.20922455,0.9216298,1.438379,-1.8991518,0.82777697,0.073312484,0.10136595,-1.5373764,0.8589476,0.47292885,-0.10217774,-1.4253879,0.27844104,1.1668546,0.5796218,1.32878,-1.3191277,-0.5170614,-0.34098226,1.0978268,0.52940434,0.34414685,0.6758932,1.2544467,-0.99293506,0.64168334,-1.8380371,0.37013,-0.701528,0.7245368,-1.2023014,-0.403113,0.44594058,-1.9225361,2.6837895,0.51199394,0.095923506,-0.33565757,0.63638604,-0.92435473,-1.0606139,-0.86943984,-0.6438998,-0.15663059,0.85384,-1.1178489,0.45856532,-0.54742366,1.383869,-0.7466903,0.8261464,1.4573278,-0.022466691,-0.08590001,-1.4668751,-0.30976343,-0.70747983,1.8062191,0.7478152
http://www.benchmark.org/family#F7M130,0.45131877,-1.3796905,0.123335876,0.6898699,-0.503166,-0.82198805,0.30640018,1.1509252,1.0448924,0.6546985,-0.32775536,-0.17237975,-0.41916925,-0.9791907,-0.057028398,-0.33447132,-0.75489163,-1.9496558,0.13982843,0.48102474,0.8674968,-1.1060426,0.39498952,1.2263098,1.8376358,0.041647337,1.0103574,-1.5760738,-0.24054539,-0.273387,0.061344597,-0.5537014,-0.6998926,-0.9929653,-0.57571936,0.13855097,1.5566583,0.9013407,-0.70809716,0.0694574,-0.11514664,1.6137648,0.026078045,-0.48600107,-0.59357744,0.17813481,-0.18592335,0.32831162,-1.0468595,-0.30048314,0.20510533,-1.2738913,1.903037,0.069866255,0.03385832,0.6522667,0.7505062,0.59664726,-0.19480431,0.72104275,-1.1086478,-1.0519006,-0.20334826,0.16388176,-1.3412511,-0.0025316877,0.69290155,0.822391,-0.36849183,-0.16941695,1.7677039,-1.3286568,-0.20052415,-1.3279302,1.2819295,0.20495616,-0.22835349,0.21112059,0.010892253,-1.4609746,-0.34302422,-0.79245484,-0.89691937,-0.15144755,0.6807702,0.3772387,-0.3743961,-1.4180467,0.9417434,1.9334881,0.25895378,0.06849408,0.13832448,0.47637233,-0.39168152,0.4753151,0.93901336,-0.4707863,-0.48301753,-0.2310834,-0.98810476,-1.2622275,0.26377732,0.38274363,-0.17940734,-0.07466973,-1.1936897,0.72504926,0.5066771,0.7700882,-0.35693732,0.573765,-0.8370666,-0.09122466,-0.25908983,0.03934873,0.05834327,-1.2965469,0.07105373,-0.52599967,-1.7127522,-0.41397017,-0.02780727,-1.028993,-0.06633535,0.12708725,-0.47971672,0.025037635,0.8652524,0.9691325,-0.9238736,-0.5361218,0.74956894,1.8919827,-0.8555918,0.7909554,-0.6921705,0.015193736,0.739378,1.0321319,0.12995858,-2.1146796,-0.49578735,0.7235988,1.6204251,0.39259866,0.49378285,1.4448801,2.2339716,0.7865157,0.22482829,-0.24205832,0.021112435,-1.1922699,2.1637053,-0.014888058,-0.0023715452,0.66691756,0.9913832,1.7024009,1.0112718,0.9464501,-0.67870826,2.0392394,0.31061882,-0.77486575,-1.2932725,0.5789299,-0.7433038,0.7409527,-2.2918289,-0.6446865,-0.86761737,-1.0211627,-0.95901066,-0.27050918,0.5564507,0.9263433,1.3370502,1.0487173,-1.2551659,-0.1350362,-0.73934525,-0.6108087,-1.1476654,-0.6466934,1.5630188,0.36172944,-0.55972314,-0.70578474,1.0189084,1.6840475,0.25276357,-0.5865844,-0.46185723,-0.043157246,0.5866276,-0.7316717,-0.13105947,-0.8519779,1.1533487,1.1535213,-0.115780406,-0.67220443,-1.5569394,0.9431777,0.08577908,0.8929818,-0.5032356,1.5964245,0.34373546,-1.5961356,1.1038697,1.1493732,-0.29740432,-0.57730234,-0.45903832,0.3822474,-1.966563,-1.1067015,0.21719839,0.16558796,-1.077472,0.14762796,0.08608752,0.21357624,1.7380326,-1.19163,-0.62232095,1.8905154,0.20017529,0.2009601,-0.023184052,-0.09104861,-0.5253449,-0.20314682,0.23479487,-2.011837,-0.8045268,-0.6858868,0.26184162,1.4224913,-0.24903156,-0.5877915,0.7454993,0.43838722,-0.20324016,0.5156653,0.9109872,2.2164946,-0.49173927,-0.43902236,0.12451009,-1.3358353,1.6671146,0.53663373
http://www.benchmark.org/family#Sister,0.81172115,-0.2680379,-1.0255321,1.1010066,0.11659933,0.9516774,-0.7019739,-0.41009805,0.5292754,0.10755043,-0.16421108,0.12404789,0.38541442,0.16544998,-0.27179396,-1.4995092,-0.009165947,-0.25992915,0.4954208,-1.2577379,0.58949536,-0.48061746,-0.5606084,0.9346964,0.99605215,0.4635965,-0.25415814,0.17446317,0.7528387,-1.528953,0.15600413,0.254864,-2.6721601,-0.33955416,-0.44528386,-0.20134206,-1.4561682,0.087544024,0.4316622,0.17275515,-0.16170068,0.14085709,-0.32101396,-0.73283035,1.1791673,1.2274479,-0.4313387,-0.3224106,-1.0029726,-0.47227716,-0.853764,0.12719922,0.120437875,0.029706404,0.21064837,-0.06441683,0.84030885,-0.37481397,0.19479162,-0.24652724,-0.99648803,-1.0581305,-0.898945,-0.38791338,-0.98236734,-0.17421228,-0.30893323,0.067259826,-0.14188707,-0.9899196,0.5819267,1.7545359,-0.5791954,0.06291503,0.45193148,-0.64795214,-0.31849262,-1.2644444,-0.65979344,0.14765953,0.74994135,0.1489202,-0.036050677,-0.46479145,0.5080668,0.052191347,-0.033891987,0.27340162,-0.65344334,-0.6180993,0.3413653,0.18866205,-0.4506857,0.94435555,0.39125422,-0.90543157,0.40690398,-0.6577368,1.1393336,0.015594292,-0.0461789,-0.8220665,-0.057732493,-0.17083704,0.43023327,-0.6173893,-0.3993234,-0.39902872,0.088516794,-0.701595,0.5673349,-0.90899414,-1.300995,-0.7106353,0.26488784,0.42567948,0.053838912,0.3550634,-0.583599,-0.5428422,-1.4346613,0.54504246,-0.39246523,-0.5030908,-0.41311818,-0.30890274,0.98326826,0.22170886,1.0768024,0.21298517,-2.7341626,0.11987873,-0.038599875,-0.18609083,0.6645299,-1.0283935,-1.2598785,-0.55600137,0.4950478,0.39738098,-1.5141951,-1.3523433,0.37787318,-0.8094746,-0.22240293,-0.82371145,0.39512804,-0.58471936,-0.5452875,0.37445343,0.29792762,-0.50703436,0.8671106,1.661019,1.1105728,1.7183415,-0.7147229,0.2124774,-0.8137476,0.9981576,0.00037709088,1.8235091,-0.7633774,-0.5586351,0.1292993,-0.45666033,-0.7699552,0.3418561,-0.13116705,-1.0510132,0.70605993,1.8812524,-0.75378305,1.060669,-2.523181,0.50834256,-0.893675,1.9164844,0.97180706,-1.5800656,-0.57387954,-1.3455981,-0.43585974,-0.6394717,-0.5854929,1.4191008,0.50242704,0.75297517,-0.8248004,0.059955724,0.61530787,1.366815,-0.039199725,0.21269037,0.85588044,-1.1446117,0.400371,0.22186738,1.0253882,0.14035785,-1.7571038,0.27971473,-0.048000224,0.78500223,1.565367,1.0833023,-0.25670844,0.33928853,1.1861674,-0.12865783,1.0446284,-0.63041437,-0.072391056,-0.3460743,-0.9773002,0.2727525,-1.1688743,1.0779351,-0.9696422,-0.72328985,-0.14972188,-0.36003643,0.041672595,-0.24183778,-0.7723609,1.100179,-1.1405708,-1.4435163,0.43163967,0.5145992,-0.8405181,-0.7423141,-1.140896,-0.0023259139,-0.695343,0.11096269,0.1335724,0.019076686,-0.46221924,2.6627815,1.0172983,-0.8234847,0.47760308,1.428815,1.4493939,0.8762136,-0.036001578,-1.3593392,-0.042245544,0.47739604,-0.9071013,0.9499641,0.06148569,1.9449816,0.37769112,-0.7883632
http://www.benchmark.org/family#F6M92,-0.658706,-0.058916543,0.9461315,0.009220444,0.5466652,1.4692732,-0.01922079,1.6528989,-0.67482907,-0.06416349,-0.4739034,0.7289715,0.061934337,-0.21314509,-0.7772061,-0.044464253,1.1531688,1.3134532,-0.07679785,-0.20310642,0.7085917,1.3543164,-0.6151516,-1.1737236,2.7234123,-0.33391136,0.059183,-1.4177517,-0.0048455624,0.024409441,1.2493463,0.54764587,0.06850103,-1.4089133,-0.6774832,-0.1237099,-1.267711,-0.17687519,0.27663746,-0.28684345,0.37738973,0.44354165,-0.40411413,-0.6329382,1.1500294,2.1821985,-1.1491963,-0.43552756,0.33033332,-0.9687897,1.419858,-0.14817563,-0.33550194,1.0003859,0.22079074,-1.328966,1.2829573,-1.21372,0.22399299,0.7547509,0.11063775,-0.0629961,0.23388843,0.7423796,-1.5005707,-0.5010005,-0.83986104,-0.21797018,1.6282544,-0.00035980353,0.31546462,-1.6291065,0.5387264,0.06865152,-0.16392148,1.3743541,-0.27379107,-1.0847045,0.6227453,-0.13328056,-0.060126632,0.56361467,-1.838122,0.42578757,0.23165432,-1.2069144,1.4025196,0.067118056,1.9153806,-1.0315547,-0.9582669,-0.10307635,0.54988426,0.4969465,-1.3081496,-0.7375907,-1.0611296,-0.26169097,0.66083974,0.48480317,-0.8555999,0.30835167,0.2022927,-0.53249425,0.05563795,0.21592674,0.59063864,-0.34535983,-0.15350527,-1.2534974,0.8510849,0.29693973,-0.817249,0.22841217,-0.119328834,0.0792196,-0.7464111,-1.2842485,0.2522166,-0.64728105,-1.0372087,-0.12226671,0.7431387,-0.07714116,-0.17050506,-0.095470935,0.8843328,0.75352794,-0.0030975158,-1.1020298,-0.7286927,-1.5402013,0.5724502,1.8645754,1.0479779,-0.0775418,-1.2868485,-0.0072186748,1.2864696,0.03332719,0.7657247,0.7522633,1.2342485,0.4647903,1.4734875,-0.17235917,0.75510687,-0.56667185,-1.3171661,0.31739253,-1.579884,-1.6144769,2.3858364,-0.5512834,0.16270448,-0.7315497,0.6019685,0.8068769,-0.5365607,-0.16663522,1.7782539,1.3712503,-0.7804842,2.19945,-2.6150582,-0.14383256,-1.1557359,-0.7462404,-0.0033472874,1.6159979,-0.9309891,-0.8397767,-0.61860406,-0.3210822,-1.487253,-0.50222105,-0.1695219,1.1507165,-0.7464822,-1.7483132,-1.3964449,-0.52960074,-1.299716,-0.8044902,2.0465527,0.9566067,0.014167304,-3.126162,-0.3572693,-1.9438173,0.6181564,0.37682515,0.64208686,0.20313895,-0.5316532,-0.5680425,-2.2668078,-0.06643647,0.8566139,-0.58677757,1.2183807,1.5991393,-1.004464,-0.6063937,0.6680224,1.0187539,-0.28705075,0.25761905,0.37143603,1.1083351,3.1093762,-0.37397248,2.2406852,0.9056709,0.12220116,-0.1210684,1.3747158,-1.2023287,-0.7497236,-1.0169474,1.590084,1.6563652,-0.93806565,0.58462656,-1.9384078,0.3551243,1.3746727,-0.8525276,-0.035739712,1.137028,0.15440252,0.099897064,0.5440522,1.7393444,2.2594945,-1.0423884,-0.61964244,-0.046331413,-1.9113255,0.3835032,1.7558092,-0.48612025,0.026010618,0.76604724,0.8972737,1.8742323,0.90251,0.15519536,0.801613,0.80413324,-0.42098215,0.17481144,-0.67088294,0.14395183,-0.46153918,-0.9274541
http://www.benchmark.org/family#F3F42,0.34336302,1.3501985,0.42854944,0.31430277,0.33145127,-0.75767577,-0.5704652,-0.023349777,-0.6951356,0.2759027,0.8050853,0.96310574,0.26112953,-1.1757983,2.551524,0.43905717,-0.85706925,-2.398742,-0.8753665,0.55884194,-0.83624494,0.15469794,0.9511124,-0.008274303,2.170784,0.3132872,2.7739375,-2.0477529,0.81222755,-0.80407584,-0.34559473,0.7090919,-1.1471645,0.2588116,-0.12962241,-0.044823304,-0.18300673,0.9597507,-0.2852989,-0.23100631,-1.2070228,-0.75718147,-0.21900253,-0.03956495,0.6053314,-0.87153006,-0.5051527,-0.25653973,0.56801367,-1.4192036,0.8473503,-0.49054012,-0.8237083,-0.6475705,0.5410294,0.1136622,-0.16832393,-0.682037,-0.9462259,-0.6652985,0.5047802,-1.0970355,0.9685904,0.6196775,0.8448172,1.467535,-0.049420193,0.022346467,-1.2791728,0.18947026,1.579624,0.23959017,-0.049273174,-0.50460964,0.27557197,0.13197714,-0.040433124,0.7811833,0.72292846,-0.17294416,-0.57188994,-0.78434986,-1.1403266,-0.22024617,0.38062185,0.25654766,0.55979955,-0.41220868,-1.3816521,-1.2943631,0.87159616,0.0035898183,-0.49833083,0.1334392,-1.2079571,-0.6239077,-2.0502207,0.23533407,-0.8310913,0.70182,-0.25891936,0.42866933,0.0097321635,-0.47196034,-0.28880385,-0.11552801,-0.38083747,0.064568214,0.19044557,-0.17214954,0.1783093,1.0706267,-0.57448334,1.167485,-0.052743483,-0.33032238,-0.4966473,0.4825627,0.10421012,-0.30213273,-0.6488133,-0.45816657,-0.6182229,-1.9284482,0.19692968,1.1350572,0.76910084,-0.3140333,0.3678259,1.2957432,-0.4043311,-0.07040008,1.7556232,2.1245613,0.07290344,1.2783811,-3.5282545,-1.6150495,0.2215071,-0.6350843,2.0950375,0.20267236,0.15852596,0.4963946,1.4793593,0.21282506,-0.62955964,-0.38244346,0.7494323,0.5568831,1.1950498,-0.99824613,0.9556894,-0.036159877,0.2658882,0.087390624,-0.56055397,1.2331513,-0.6993615,-2.9351215,0.62413454,2.6596978,0.6138467,-0.3850719,0.46481562,0.15059246,-1.4234576,1.0413523,-0.82857025,-1.7004825,-1.689808,-0.74480003,0.021775164,-0.90542793,-1.2735614,-0.91106826,0.23297656,1.741843,1.202736,1.4542179,-1.3077496,1.2765492,-0.80991805,1.2377077,1.2707093,-1.3633217,2.8384304,-0.3355645,-1.1510044,-2.5825472,-0.0041686366,0.4145984,-1.2271483,0.14080773,3.1954215,0.5915359,-0.6559936,2.214957,1.5312239,-0.5463048,-0.13990879,0.6028513,0.43415737,-0.16985059,-0.039016258,-1.062048,0.497191,0.098792695,0.3590597,0.28585163,0.6679991,-0.83456105,0.26814076,0.5076469,1.3747149,-1.9046856,0.2602202,-0.60932046,-0.4896072,0.12071779,0.3629345,0.30182528,0.343757,-0.82771176,-0.6243674,-0.19693574,-0.73756695,-0.15334563,-0.63758343,0.82550293,-0.3709728,0.8701566,0.16459826,0.4533263,-0.96389145,0.4310455,-0.63943785,0.6030109,0.6818487,0.32195932,0.25696966,-0.6737069,-1.0101869,-0.25728306,-0.5353075,0.41411412,-0.6044693,1.0933305,2.2139645,1.0692793,-1.0425003,-0.03530181,-0.7155971,0.50988376,1.6569623,0.6507319
http://www.benchmark.org/family#F2M37,-0.296679,0.9092416,0.75657475,0.7358097,0.2428371,1.1057233,-0.93806785,0.6611795,0.111786164,-0.36512023,-0.2664172,0.61675483,-0.14480665,0.1469471,-0.20997891,0.01703498,-1.6554364,1.4850985,0.74708843,-1.5611875,-1.159856,1.9986086,0.27595142,-0.22516496,1.6819181,-0.19315423,0.15555999,-0.5131501,-0.5000904,0.61753374,1.0924114,0.9917684,-0.2879646,-2.0356715,0.62353486,-0.18451454,0.8055425,-0.7568548,0.9919852,-0.29325336,0.3337179,-0.46197277,-0.84447443,0.43056175,-0.5516518,0.044191398,-0.7944399,-1.0728136,-0.92630255,1.0087005,0.2655232,1.0007824,-0.13730606,-0.1201553,-1.2492106,0.4810637,0.06120691,-0.5644149,1.0692996,0.037652567,-0.1944384,-0.54523116,-0.025956394,0.27510467,0.73705107,-0.59663314,0.11160623,-0.060610037,0.16007504,0.37190837,0.25451988,-1.0944949,-0.20692243,-0.39602038,2.8114321,0.25523773,-0.728597,-0.036474798,2.119276,1.2180297,0.029863257,0.935858,-1.0375984,0.12099725,-0.30726787,0.06515014,-0.27269882,0.09651305,1.1888646,-0.058991134,-0.56933683,-1.1137899,-0.29211926,0.051990163,-0.065068476,-1.3904628,-0.36690676,0.84433335,0.34689134,1.7180797,0.3142472,-0.67033964,0.056903314,-0.10500917,-0.39033845,0.4091052,-0.1940734,0.35633746,-0.32952276,0.22473986,0.052074615,0.6609043,0.29414928,1.4839038,0.6223264,0.32089755,0.3674273,1.2520777,0.44193757,-1.123169,-1.1154009,0.8881219,0.71513283,-0.16355373,-0.34923458,-1.2065201,-0.92600316,0.39210945,-0.43468806,-1.3062449,-0.18172589,-2.7088118,-0.71376616,1.120704,0.80811405,-1.2495085,-0.6899456,-0.1354133,-0.07475422,-0.16273768,0.16948678,1.4450425,0.7174373,-2.9411368,1.1675695,1.1727356,-0.05463385,1.1085635,-0.5684643,-0.29575786,-2.8835692,-1.0545869,1.59205,-1.2995476,-0.072888955,0.103404745,-0.1307533,1.2599691,0.36984572,0.05920612,-0.046823025,1.0753478,0.49344894,1.0236493,-2.2351897,1.7111685,-1.2521883,0.07743705,-0.3193927,0.4055865,-0.1825873,-1.6848065,0.13883312,0.1680081,-1.3944415,0.19239688,1.7434137,1.7271903,0.31470782,-0.96041507,-0.90254503,-0.107853785,0.02895473,-1.0363278,-0.77526027,-1.7540876,0.5384392,-1.6975535,-1.960123,-0.38586795,0.05274952,2.2466638,-1.7080194,-0.9385569,0.43496507,-1.5259302,0.28462481,0.0990205,0.55512327,-0.43593767,-0.5131993,1.0760201,-0.9151417,-2.461889,-1.3014175,0.36781743,-0.48820692,0.7593272,-1.4779443,-0.42264184,0.42416158,0.15979046,1.2520483,2.07512,-1.5700525,-0.49352413,-0.51573443,-1.1049676,-0.9330484,-0.16580637,0.46325868,-0.40725195,0.2725258,-0.38637596,0.58280647,1.049055,-0.82922834,-0.64622664,0.9470362,0.45407662,0.7610098,0.33043802,1.7246177,0.5882383,0.6114379,-0.28491828,0.92605495,0.22415447,1.6970578,1.0112484,1.3991477,0.5852467,-1.7079103,-1.654603,-0.567672,0.64607126,0.37971005,0.92483276,1.1579125,0.122343205,-1.8383167,-0.034069598,1.2765591,1.7414287,1.593478,0.65535206
http://www.benchmark.org/family#Female,0.38680747,0.26005235,-0.4506409,0.7717622,0.24287519,0.011378033,-0.19790503,0.13032413,-0.09165891,-0.40812823,0.43879724,-0.3089193,1.2297904,-0.50158125,-0.7354882,0.27781558,-0.30375898,-1.2369477,0.3626988,0.45274848,-0.81639135,-0.048630767,0.2304414,0.2857372,0.40244964,0.13969351,0.08643711,-0.7184052,0.7853762,-0.36570168,-1.1531473,-0.13095099,-0.1095434,-1.4664699,-0.026539192,1.6698765,0.64230365,-0.1765966,0.18092851,0.7162008,-0.712638,1.4405272,0.8617871,0.1653508,-0.11605608,-0.81371564,-0.9639163,1.0385363,0.8148359,-0.023950791,0.07415026,-1.3430055,0.084760666,0.15105958,0.57288635,-0.10153829,-0.12019641,1.1049901,0.06936791,-0.24214412,0.22517034,-0.3180386,-0.29805386,0.15982206,2.0055614,0.6029768,0.57051915,-0.5344425,-0.5669084,0.0014362402,-0.20469148,-1.009657,-1.3459674,0.076410934,1.0471172,-0.11590515,-0.16636826,-2.07629,-0.22747985,-0.88171524,-1.1955771,0.2572959,0.6101382,0.27034414,0.60215634,-1.0049807,-0.22485907,-0.44412765,-0.15872896,-0.22682227,1.7350595,-0.1137643,-0.92302626,0.41722372,-0.80732805,-0.56627417,0.14482304,-0.0105868615,0.19587082,0.8771769,-1.4785837,-0.43033272,0.16896644,0.11525952,-1.0419066,-1.4412291,-0.3047548,-0.66373557,0.21593225,-0.60193753,1.1148571,-0.21916221,-0.11622989,-0.1286901,-0.31572673,-0.25014573,0.09761033,0.7637399,-0.25843874,-1.2099612,-2.0305905,1.2629261,-0.81169975,-0.19740394,0.35405952,2.07622,1.235271,-0.59965324,-0.33725673,-0.23585744,-0.11584122,-0.32770437,-0.5337262,1.9543533,3.2040575,0.22180985,-0.5171061,0.9816345,0.32497755,0.47465095,-3.1809378,-1.9533999,-0.15093978,0.074856825,0.18429863,0.5485545,-0.92808205,-0.8771387,0.34879035,0.62518007,-0.91088635,-0.5185552,0.8708451,0.003391717,1.0307442,1.2089933,1.9174399,0.68944126,-1.1878903,0.43906394,-0.72822034,0.58644605,-0.9135017,-1.3884997,-1.699813,1.2044797,-0.29932997,1.1211789,0.7756269,-0.16841139,1.2164251,-0.3529899,-1.1290002,-0.75419676,-0.5455408,0.24128905,-0.095683895,1.2022882,0.34747314,-0.14944503,0.3764456,-0.7244767,1.6926737,-0.6933869,-0.20622218,0.7153145,1.5822588,0.5258319,-1.3026739,-1.1293817,0.5807324,1.9579026,0.37203407,1.4900169,-0.88743526,-1.7749918,0.99230576,1.3582798,-0.2323783,-0.009713863,-1.7608047,-0.44622958,-0.69915664,0.8414985,1.528078,-0.114520304,0.27317107,0.11037778,-1.4760098,1.4959768,2.6203446,-0.6146346,0.71067584,-0.6127443,-0.67047495,0.4227187,-1.0050131,0.67723614,-1.4272542,-1.5592343,0.85325795,-0.5994131,-0.33689842,0.1648831,-0.3619962,-0.059905965,0.10270775,-1.2090477,-0.8955942,0.07761517,-0.7306784,-0.6630566,-0.73432606,-0.854247,-1.1808239,-0.17177877,0.09439776,-2.5278947,-0.1757039,2.0291028,-0.24975453,1.6071353,-0.41243297,-0.14114642,0.2045773,-0.55336523,-0.313671,-0.063070476,-0.80143195,1.3956137,-0.5128862,1.298052,0.5130854,0.41933712,-1.6128006,0.16914082
http://www.benchmark.org/family#F9F163,0.81795543,0.04530793,0.2556312,0.19513974,-0.3393103,-0.33120927,0.13718626,0.13066056,-0.4811849,-1.0678434,0.7065897,0.14161515,-0.99438566,-0.2849354,0.012599991,0.06379948,-1.8996452,0.27387187,0.7578566,1.2479371,-0.76613563,-0.50201654,1.0386074,0.70829284,2.4536293,-0.5164716,0.44787905,-1.9202805,0.41937798,0.32453236,1.8837548,-0.08078003,-0.54497415,-1.353047,-0.5808058,-0.7537691,0.100777894,-0.08034674,0.7252607,-0.7954638,-0.07046496,-0.20699681,0.6811671,-0.9288474,-0.6215251,0.41460052,-0.057116654,-0.06535564,-0.13877715,0.58717823,1.5025753,1.4102614,0.63376623,1.9048471,1.0351933,-0.41653576,-0.28538692,0.11997386,-1.3986398,-0.0032615967,0.8339238,-0.12074948,-0.6156214,-0.5844677,0.93067133,1.0731308,0.68785703,-0.04743159,0.48152995,-0.15492538,-0.5022588,-1.1773901,0.14106508,0.26761508,-0.92478037,0.022386784,-0.78580743,0.51501137,-2.6032507,-0.54352796,0.6747809,-1.4412694,-1.3338548,-0.015076612,-0.4710452,-0.4227475,0.6879785,-0.18023501,0.37948817,0.431474,-0.699033,0.08159243,-0.43057764,0.16853227,0.17937852,-0.6104751,0.2431889,-0.023131885,0.8548358,-0.25955465,-0.1816656,-1.6160927,-0.44049457,0.06572431,-0.060571637,0.3487512,-0.059871882,0.30320776,0.07024055,-0.5139682,-0.37836656,-1.140011,0.6770914,-0.08822712,-0.3572446,-0.21894951,-1.209615,-0.6526899,0.52554554,-0.21389395,-1.3204509,0.7957944,1.4818318,1.8728528,0.53343475,-0.06299768,1.2075578,0.5027218,1.0505457,-0.7063527,-2.1271372,-0.5324356,0.52481496,1.7138987,0.7492846,0.7212389,-0.29470384,-1.2575635,1.7626535,0.057884578,0.06235224,-1.7141112,0.9071256,3.043043,1.4751256,-0.797626,3.7564588,0.82866466,0.29558364,1.020642,-2.04816,-1.7455369,1.2786638,-0.6190608,-0.50244635,1.3270816,-0.00053576124,0.80921525,-1.7094527,-0.4814051,1.3665265,0.3125119,0.033461433,-0.24588946,0.42404604,-1.8392483,-0.14958128,-2.0407054,-0.7232668,0.21177313,0.7409317,-1.5039649,-1.0080147,-0.5546219,-0.44133088,-2.5812519,-1.1555505,-0.64689565,0.37088323,1.0321614,0.7960429,-1.6508753,1.8400147,-0.8768797,-0.05255925,0.14564817,1.2597735,-2.0143476,-0.7226389,-0.82688546,2.1256318,1.3072634,-0.10222239,1.1162843,-0.34150895,-0.7284007,1.56795,0.9502437,0.15859298,-0.83352077,0.41035146,2.1870627,-0.1473524,0.385269,-0.2391782,-1.1956153,-0.95818245,-1.4454706,-0.7654005,-0.5114304,-0.5632107,0.18456739,1.1820962,0.80174,0.17227711,0.16827798,0.33410603,-1.0126976,-1.707859,1.1550927,0.27371708,0.3755384,-0.39368242,-1.454931,0.92882216,-0.7470509,-1.6084926,0.7251363,0.34602693,2.279397,0.06558115,-0.7379308,0.02733017,0.73020613,1.3399572,1.1357791,-0.23258558,0.003911987,0.3039912,-0.15050706,2.4069536,0.8482913,-0.6647578,-0.63673466,-0.8670664,-0.8052038,-0.024028052,-0.8397088,1.8655317,1.1888025,0.02281385,0.3549555,-0.79388845,2.7021747,0.87878263,-0.9081686
http://www.benchmark.org/family#F3F49,-1.3790206,-0.79401445,0.36087698,-0.20768216,0.61691695,-0.21563546,0.20758928,0.21722017,0.116892226,0.66206455,1.5118755,0.33038574,-0.30307418,-0.29747728,-0.1038306,1.1203436,-0.41546717,-0.10955629,0.28508818,1.0001434,-0.046391103,-0.35860792,-1.594889,0.9057071,1.3773293,-0.5709306,-0.006513368,-1.6016847,0.084236465,0.33851865,1.0384572,-1.2507966,-0.018181618,-0.96498156,0.38142022,-0.51893824,-0.46960586,-0.10092419,-0.90488005,0.06106847,0.19402963,0.78038025,0.58719677,-0.09344209,0.13950892,-0.039706178,-0.2182596,0.96958876,0.25276795,0.09203294,-0.37933108,-1.2410651,0.2714691,0.07345703,0.33470753,0.022716222,0.7244005,-0.85591733,-0.5044095,-0.08930477,2.357453,-0.106228724,-1.1150564,-0.34709138,0.5814087,0.30711457,0.4256567,-0.008475912,0.350539,-0.2643221,0.049997676,1.1467211,0.7003389,0.4840789,0.07347228,0.29671693,-0.133803,-0.21058851,0.01753518,-0.8955683,-0.5325887,-0.2121082,0.52546054,0.5472538,-0.9232049,-0.73852736,-0.16419576,-1.1430845,0.69908583,0.17773327,-0.78986436,-0.63673306,0.74391955,0.20473367,-0.9357035,-0.41952157,-0.46905428,0.74330777,-0.13529271,-0.45464647,0.8756715,-2.017072,-0.71344763,-0.3549374,-0.24849536,0.91516006,0.22760174,1.2298989,0.030407105,0.031324852,-0.025234167,0.58707225,-0.29099903,-0.4864244,0.6786046,0.13802676,0.0424991,0.9439657,1.4800128,-0.9059455,-1.4632604,2.0511098,-0.35265785,0.8773995,0.6438436,-0.30608416,0.007866951,-0.36677554,1.0620234,0.6371651,-0.10162208,0.39957613,-0.016844206,0.8450535,2.5666375,0.96042526,0.87092847,0.24449587,1.1603925,0.13909498,-0.5398757,-0.1710734,0.17208083,-0.2874494,-0.2985379,-1.6330655,-0.56078,-0.6966034,0.5199284,-0.077117845,-0.44299504,-1.2613612,-0.053128045,1.0371683,-2.1571674,0.4374083,-1.5441387,0.6708698,-2.2173762,0.52129674,0.18267442,0.27201316,0.4468691,1.1648545,1.159312,0.5790421,0.06437189,0.98540646,-1.4843119,0.20797728,-1.1688039,-0.45089877,-0.8748247,-1.11602,0.28230426,0.5687203,-0.97098684,2.1548755,-0.0003756713,-0.69097036,1.6229589,-1.6168419,-0.113997884,1.4326485,-0.54365623,-1.4065397,0.5126626,-1.4639903,-0.97909784,-1.1666796,0.4320272,1.3779845,-0.6610468,0.4442786,0.9042892,0.32233393,0.90950185,0.9045461,-0.5994293,-0.7902944,-0.23425852,0.7490346,0.21744753,0.8488126,0.41681084,-0.07182,1.0417752,-0.28202257,1.6984794,-0.82613546,0.30423775,0.38200217,2.7264826,0.393704,-1.3354988,-0.28175017,2.2470431,-0.22695847,-0.6673977,0.97656673,0.66093075,0.71747047,0.24314108,-0.2955472,-0.32933792,-0.32726508,0.36678076,-1.3262299,-0.46628293,-0.90714073,-0.87013334,0.35917857,0.18982168,0.06311743,0.63334054,0.65060174,-0.7261601,0.24507171,0.023631694,-1.3548164,1.617124,1.2483774,1.3441589,-0.76035774,0.81769305,-0.95639265,0.89258444,0.87406904,1.9332072,1.828291,-2.2474597,1.4186202,-0.8314918,0.44548765,1.6935867,0.170673
http://www.benchmark.org/family#F7F118,-1.6972343,-0.47412544,0.4057913,0.9338495,-1.5321451,-0.59675646,0.48944435,0.04117414,0.24988575,1.3273556,0.2248148,-0.0797557,0.6855944,-0.386544,-0.455485,0.011543963,0.7135634,-0.23658618,-0.08325845,-0.36471167,0.48163623,1.5455669,0.3541474,1.2797228,0.5686996,0.33751702,-0.5225613,0.08993104,-1.0007304,-0.45098117,0.12790385,-0.0993954,0.6948472,-0.45894867,0.26192153,1.3976511,-0.546099,-0.013203762,0.24839206,-0.7670545,1.5597941,0.33487463,-0.9822594,-0.15330495,-0.4642127,0.2970816,-0.82273,0.69678223,0.23800673,-0.7096163,-0.22085303,0.41251975,0.9256745,-0.30899474,-0.54479563,-0.039498907,-0.4944823,0.47303897,0.6186587,-0.37104687,-0.4163817,-0.5236289,-1.0281798,0.07707866,-0.46014753,-0.68059987,-0.37548068,-0.005453204,0.7793543,0.18722717,-1.349436,-0.32849565,0.6246086,1.880989,0.18773346,0.5819291,-0.06770589,-0.06349905,0.34968868,0.038458563,-0.382447,-0.5539103,-0.32425627,-0.61373276,0.30888772,0.2928256,-1.1419951,-0.19468084,-0.528182,-0.12559424,-0.7096604,0.6997419,-2.3210478,0.34262022,-0.020308634,-0.2599951,-1.0232228,0.26758587,0.037091516,1.2904052,0.659983,-1.2907772,-0.41588575,-0.53630936,0.078802995,-0.17682049,0.039532613,0.18033738,0.39982185,-0.3320109,0.11668958,1.790556,-0.80763483,0.67873454,0.4799818,-0.281463,-0.3440691,-0.08233911,-0.2903879,1.2525352,-0.9728419,0.28046575,-1.4627861,-0.70318395,-0.17064548,0.65873104,0.8155996,0.09105361,0.8102858,0.22136314,-0.28354222,-0.811587,1.4985974,1.9662447,0.51154286,0.8490181,0.8209511,-0.8793202,-1.4021409,-0.5642304,-1.1749148,-1.051656,0.09876238,-0.87126374,0.7342635,0.5100739,1.6769,1.0956275,-0.9611122,-0.27509773,-0.3623271,-1.7619042,0.6475852,1.0999372,0.78550303,-0.85745054,-0.75673807,1.291312,-1.8844678,1.0983882,0.1873244,-0.29408345,0.32565117,0.749743,-1.4320489,0.10913078,0.37434223,0.70687884,0.66422796,-0.3379224,0.24502937,0.64988625,1.3658504,-0.44080305,-1.454212,0.5265552,-0.18806428,1.9895791,0.011621035,-0.8325002,0.8008678,0.08204302,1.6368535,0.037303694,-0.5732862,-0.054035712,-0.78206724,-0.730698,0.12716393,-1.0640602,0.43324247,0.32339165,2.2214189,-0.29502562,0.12851521,-1.1862383,0.3597484,-0.06616803,1.0757658,-0.008873683,-1.1073394,1.2384752,-0.42817092,0.105734356,0.53953606,0.77312773,-0.051201038,0.14574216,-0.67090315,0.34635025,1.6773576,0.2158528,-0.3161029,0.4693049,0.29454994,0.36726996,-0.103739634,-0.80132467,-1.7082287,1.4891047,0.6589411,-0.088868484,0.2603456,-1.8037444,-1.7408594,1.1705077,-1.2771364,-1.0318145,-0.82608116,0.9266488,0.9967427,-0.57196355,-1.982244,0.6883904,-1.8095093,0.13466616,0.16913143,0.8052031,0.32445344,0.14161281,-0.098579295,1.9457006,0.7457225,0.2797955,1.3861582,-1.6143491,0.078984,2.5143712,1.1194197,0.2282271,0.3206812,-1.8144155,1.7143877,-1.1005595,3.2918777,-0.9453913
http://www.benchmark.org/family#F10M182,0.22827742,0.59871227,0.45496804,1.6198819,0.1291632,-0.09270107,-0.19464488,0.525914,0.5600605,0.84313285,-0.37535822,0.00095876394,-0.15397991,0.23483913,-0.82897717,-0.47721452,-0.65938807,0.38267237,1.1627008,0.89739525,0.03802905,-0.2771872,-0.7640191,1.4048647,1.2926402,1.0794044,-0.06601353,-0.9209671,0.050361283,-0.3065786,0.17715906,0.115335464,-0.468236,-1.0545344,-0.1810325,0.6757719,-0.030665323,0.8783667,0.840083,-0.023423247,1.0924983,-0.5073696,0.29575658,0.6214235,0.46899405,-0.28420168,-0.3085496,-0.80923766,0.48690057,0.1658566,0.50448245,0.038621265,0.28063977,0.4698383,-0.4248333,-0.49453378,0.2581371,1.2511001,-0.5470588,0.5171812,0.33912387,-0.5510897,0.52225524,0.29151523,-0.5999864,0.18906805,-0.3592171,0.46487892,-1.7656003,-0.14960708,0.051777236,0.32707503,-0.085505106,0.1837076,0.103772,-0.123187356,-1.632601,0.124978885,0.2402379,-0.06633128,0.21850644,0.27878776,-0.38628462,0.16594198,0.103147045,0.28286222,0.042550437,0.40244645,1.1100382,-0.1358817,-1.246556,-0.28658754,-0.17154051,-0.29083458,0.18443431,-0.0032373886,1.1843596,-0.35732898,-0.63762355,0.18570065,1.0432881,-0.007664751,0.13298708,0.05637708,-0.019696768,1.7012386,-0.17508079,-1.2763495,-0.8827219,0.38438487,-0.7598293,0.45099133,-0.2803282,0.43333006,-0.82759494,-0.1469574,-0.13445278,-0.09648524,0.055487182,-1.1357801,0.89907587,1.5377563,-0.20769839,0.14598905,0.060096852,0.1951473,0.6544904,-0.2486575,-0.17092279,-1.0852525,-1.0119399,-2.0589147,1.9522054,1.0810763,-0.45768848,-0.78499794,0.88515097,-0.64053965,1.0040675,-1.5991781,-0.37727836,1.4217846,-0.3578899,-0.23879705,0.68845314,3.045871,1.1119292,-0.29029083,1.1248534,0.03184058,0.71944237,-0.58217454,0.81277204,-0.27802446,1.1276788,0.38050514,-1.3882184,2.3507178,-1.3048735,0.076330006,2.4701586,-0.72983336,-1.9903738,0.5812721,-1.2542472,-1.2401048,-0.39912125,1.4035356,1.3481252,-1.054165,0.0921434,-0.03111994,2.2690525,-0.25991383,-0.21922389,-0.29424754,0.983769,1.654559,-0.9801976,0.7570534,0.31703314,1.0921522,0.15797932,-0.17131372,-0.2020677,0.36952472,1.2406188,-0.7908044,-0.6374192,1.5730029,1.397284,0.13664737,0.68091565,-0.4537144,0.52809584,-0.92946917,-0.034713313,-1.1801838,1.2320883,-0.26908523,0.540858,0.72690487,0.09471903,-0.76055664,-0.20528756,1.3435472,-0.5952683,-0.30078593,-0.77748305,0.6869943,3.1285574,0.51442015,-0.017297871,1.0491757,-1.4243509,-0.6083747,0.27264893,1.9125193,-0.63700646,-0.9359603,0.66386765,-1.2874547,-0.74076706,0.21431327,0.28703076,-1.0727631,0.04550845,-0.86567336,-1.9045259,1.2481084,0.41640893,-1.0007184,-0.45005685,0.5109344,0.041737072,1.3419563,-1.0857166,0.066490315,-1.2199862,-1.2479347,1.178049,0.30869895,-1.8867732,0.61544085,0.48806074,-0.27037528,0.25181666,2.0255146,1.3826673,-0.78020364,-1.4447521,-1.5717634,-1.3986145,-0.21110843,1.0833575,-0.8300715
http://www.benchmark.org/family#F7M107,0.9454826,0.7370052,0.8230663,1.3849069,-0.39294115,-0.045777675,0.07829195,0.61948633,-0.3000687,-0.87293667,0.99438155,0.1092702,-1.7647859,0.014896266,0.9107375,0.8237723,-0.39303446,-0.3514236,-0.3956413,-0.08346782,-0.42915946,0.025594007,-0.41695482,0.22363314,1.4317151,0.49399936,-0.4080498,-1.3965771,0.81760097,0.5786225,2.6864793,-1.0719453,-0.6346002,0.15463284,1.0070916,-0.879032,-0.6079303,-0.1391949,1.3343757,-0.19554758,0.43888164,1.3254381,-1.3433185,1.1392285,0.8955192,-0.5851835,0.62092507,-1.3658344,-0.23530748,-0.8145913,-0.844546,0.75542367,-0.28392076,1.2249515,1.0778177,-0.17136753,0.4529606,-0.078798585,-1.2728615,-0.2662565,0.643966,0.14013997,-0.3978863,-0.08597101,-0.29184717,-0.776377,-0.011958076,-0.0229181,0.8987984,0.58969486,0.0797361,-0.05934994,-1.0847572,-0.8256229,0.46590182,0.4646288,-1.2320032,-0.29665613,-2.8148246,0.1689212,-0.25041583,0.6527221,0.26178813,-0.57068187,-0.6475715,-0.41239122,-0.2917199,-0.23306169,0.7419325,0.279597,-1.3332071,-0.8952421,0.5461294,0.054172732,-0.5818713,-1.1866889,0.20968851,0.0066462914,-0.60495746,0.2324584,-0.16093114,0.036516853,-0.41381747,0.7927726,-0.2400009,-0.11449708,-0.13125318,1.296985,0.3331473,0.02957383,-0.23649408,0.51506513,0.5980906,-0.8469291,0.39105093,-0.31857565,1.0175848,0.6408299,-0.4454866,-0.33698437,-2.2515721,0.85307705,0.42941624,0.49824947,-1.2168868,0.7382318,-0.36440903,-0.66551006,1.9610187,-1.2721735,0.19311151,-0.8423626,1.07097,1.6972475,0.32780907,-1.3230643,0.38922587,-0.11360935,0.3360827,-0.45048878,0.46788055,-0.7172932,0.37342712,-0.25709823,1.4082013,0.112080365,0.3270336,-0.56776434,0.28163335,-1.4690123,-1.8728607,-1.1141777,1.8706871,0.55883956,1.6317252,1.3285795,0.58012134,0.776032,-0.46016333,-0.36453786,1.9959412,1.2632796,-0.9087063,-0.6785728,1.7240338,-0.44290888,-0.8497308,0.3531449,0.41824704,-1.076914,-0.13199635,-0.70533127,0.2703004,-2.5849257,-0.21523073,0.6021282,-0.65399134,-0.664562,1.2047508,-0.6251855,-0.29071563,0.22262886,1.2133412,0.5944555,0.27236682,-0.9454655,0.85545075,-0.00014842104,0.039795633,-0.48650017,2.1795785,2.3503299,-1.1910089,-0.42681944,-0.97113246,-3.417916,2.3704543,0.38350037,0.10840104,-0.28197613,0.98428154,1.9070233,-1.4560862,-0.5312541,0.96531236,1.894586,-0.3177145,-0.2005323,0.17736097,-0.046586446,0.90615416,1.4032708,-0.08247688,1.74423,-0.46162575,1.5448575,1.71907,0.8417917,-1.9924659,-1.0779347,-0.8928204,1.4351604,-1.0310661,-0.52673644,-1.9637921,-0.46453178,0.11493031,-0.85837805,0.45418683,0.90658617,0.18225417,2.4640357,-0.11015832,0.8568473,-0.63681567,-2.1615796,0.33603072,-0.2393998,-1.2661226,1.4965283,1.0638394,1.4442472,-0.026742158,-0.54999286,1.4199158,0.90785885,0.3688499,0.26071405,-0.02956417,0.06295766,0.11213788,-0.5127272,-0.18741742,-0.95167243,1.0777528,-0.24968615
http://www.benchmark.org/family#F8F133,-0.027329586,-0.9635741,-0.8937267,1.2772906,0.013451163,-0.2245998,-0.22769281,-0.3356604,-0.7957114,0.51820934,0.25127754,1.170291,-0.28815418,-0.6210794,2.4854965,0.1547402,-0.77845764,0.40156886,0.36121503,1.8959848,0.32622766,-1.2535384,0.0758051,0.44037113,2.1008248,-0.33742028,-0.19483243,-2.3243473,1.881622,0.61206675,0.33744097,-1.2224193,-0.7585738,-1.0028702,-0.14559853,-1.2539068,0.08530731,1.6168908,1.7799654,-0.18752153,0.26260433,-1.4350197,-0.66459185,1.0257497,-0.2687688,-0.9448081,-0.046679635,-1.3586047,0.43697408,0.57533914,1.0125562,-0.17238764,-0.16875957,-0.02850535,-0.30375051,0.9975234,-0.94837415,0.8936652,0.6997542,0.040388733,1.108954,-0.59551215,-0.0849513,-0.23516966,-1.1024767,0.51808006,-0.01807933,0.4443742,1.0639518,1.0801574,-0.010632805,-0.75918484,-0.031284858,0.034516327,-0.14665298,0.22607543,0.19883499,0.034674887,-0.42864558,-0.78121644,0.11535435,0.006316811,0.17513126,0.14688425,1.079337,1.2060766,-1.1663667,-1.7701682,-0.56045216,0.3388313,-0.2494085,-0.20490819,-0.15699658,-0.36169767,0.36848933,-0.6738667,0.49918303,0.2030671,-0.58604753,0.93875545,0.31445688,0.8348171,0.13959447,-1.6222473,0.30450055,-0.21796215,-0.03457375,-0.75576395,-0.10627321,-0.096182704,-0.26780477,0.8008873,-1.2508857,-0.19550692,-0.3265281,0.12403373,-0.7061366,1.783185,-0.20409484,-1.5132395,0.20968395,0.42126936,1.061969,1.2506051,-0.34931418,-0.02375847,1.6704166,0.26981544,0.7159356,-1.959354,-0.48684937,-0.32085922,1.1170506,-0.3522967,0.504143,-0.8481398,-0.51478374,0.3345103,0.16145293,0.5573169,1.5356907,0.7307312,1.2773069,1.0509549,1.7033691,0.50917166,-0.8161559,-0.4115,2.032883,0.36588547,-0.3982288,0.25313425,-0.41323704,0.5875519,-1.1041889,-0.7720298,1.4613893,0.076013945,-0.61263984,-0.7188146,0.89006174,1.3412519,0.6813848,1.6030201,0.37494582,-0.87565243,-0.76903033,0.6646106,-0.3385832,-0.16225924,-1.7175618,-0.7803238,0.06204034,-1.4596255,1.1542512,-0.5251423,-0.5041708,-0.46569452,-0.19759311,1.1641641,-1.263021,0.41885388,-0.28255382,-0.5321602,0.8636508,-0.8419907,-0.08832827,-1.221526,-0.34464896,-0.32072294,0.8339478,-1.4006263,0.9594946,-0.92229915,1.0779079,-1.4703501,0.59429103,2.1774335,1.6421636,-0.08414701,0.25116044,0.20780711,-1.7230589,0.7261792,-0.56816655,0.21455602,0.9067463,-0.19507657,-0.5853303,1.3181775,0.6740439,0.7167074,0.57514554,0.08175415,-2.3486447,0.39388043,0.38867563,1.9229913,-1.7348404,1.2748643,-0.8472454,0.31511056,0.05793999,-1.6127814,-1.1974748,0.39725423,0.29730412,-1.0942339,-0.9927677,1.3933666,0.37195835,0.32524592,0.6997201,0.88841087,-0.010884077,-0.009615307,-0.51033616,-0.6598206,-0.6401843,0.59828097,2.710558,0.31503075,0.72261137,0.02313644,-0.065475546,-0.8274726,0.3369018,0.4642956,0.4095664,3.052964,1.773537,0.3640622,0.7628666,-0.92044574,0.11110396,-1.0624762
http://www.benchmark.org/family#F6M88,-0.33140126,-0.3229079,0.6044055,0.63711786,-0.57779783,-0.13974224,-0.15743703,-0.46884683,-0.057981126,0.4303196,-1.2739673,0.20739184,-0.24011472,0.4613911,-0.27207252,0.16934398,-0.12145213,1.3098354,0.1116249,0.10425747,0.18328711,-0.5308533,0.05844164,0.4094735,1.4111311,-0.10228434,-0.10236954,-0.24321839,0.09932625,0.7711081,0.3440833,0.20765787,0.9134562,-1.8299168,1.3644568,0.7901533,-0.5993504,-0.37752396,0.18767819,-0.21644014,0.4956874,2.0288363,-0.18795253,-0.3398911,-0.2161721,-0.44839767,-0.8864387,-0.012796005,0.08106568,-0.80596286,-0.48734307,-0.11652997,1.6129408,-0.03228665,0.6816028,0.005871295,-2.9592993,0.6707922,-0.20686224,-0.3291228,0.9885082,-0.9792946,-0.19600682,-1.507599,0.12222914,0.026647907,0.024714781,-0.009912684,-0.2659902,0.12452044,-0.3119088,-0.4537532,0.19760038,-0.4875244,0.16143683,-0.23168826,-0.068955556,-0.5778309,-0.19479002,0.74141854,-2.0220447,0.36684242,-0.4849157,0.6333658,-0.26087603,-0.07654701,0.14113781,0.05164986,-0.015488387,2.068336,-0.13945508,0.11790487,-0.16287403,0.033593584,-2.6335719,-0.5118025,0.06526863,0.2600295,1.280999,-0.81453377,-0.78314465,-0.7506262,0.44177437,0.16300152,0.27262792,0.17555524,-0.4944285,0.5239178,0.66665465,-0.51181984,-1.4041889,-0.43674013,-1.2043455,-0.32398215,0.73349416,0.5449253,-0.48967353,-0.7791331,-0.4726474,0.60128224,-2.234771,1.1271564,0.18620217,-0.65932363,2.1606312,-0.42210683,0.52963436,0.25384143,0.6465274,2.8324366,-1.4238436,-1.1515006,1.0077422,0.054010917,0.37441713,-0.5256279,0.6530828,-0.63887995,-0.9389681,-0.5969036,-1.5050212,-0.3865747,-0.78248984,0.27834213,0.9276236,0.2886964,1.0515137,0.0010304267,-0.54517514,-0.47863778,-0.4705046,-0.042903475,2.4827173,-1.4571486,1.1694448,0.38006398,-0.5976155,2.0598595,-0.8478965,-0.01875245,1.1917473,0.81406844,-1.2506577,0.768079,1.2375084,0.7673486,0.48123133,-2.3948133,0.6778739,-0.71516913,-0.5060281,-0.9050456,-0.4245697,-1.1454809,-0.9801708,-1.2432202,0.2513841,0.58308536,0.85228646,-0.53898126,0.5057981,-1.541378,0.175474,0.22858515,-1.3072591,-1.411944,0.67197144,-0.7528406,1.3956478,-2.7065883,0.7961662,1.3952681,-0.69775206,-0.8431195,-0.5064393,-1.0812397,0.32663578,0.833143,0.9899646,-1.4096378,-0.30541256,1.261409,-0.2199842,-0.42677703,2.2218134,1.9896666,-0.061115164,0.34473547,0.2418141,-0.20684896,1.875121,0.58084553,0.15494043,0.2113307,1.0087563,-0.82309127,-0.5430909,0.5062665,-0.076900676,0.44054624,-0.42585164,0.69425863,1.0444927,-1.1934245,-0.12771106,1.5849496,-0.6020163,-0.7476262,-1.4072845,1.9286178,0.09518178,2.3885124,-0.071725704,-1.371383,-0.017604671,-0.874147,-0.46128014,-0.86745834,-0.18229596,-0.34561026,-0.39140117,1.6226944,0.545319,0.7938139,0.047183875,-1.1842742,0.19718243,1.606979,0.31341502,0.2945612,0.78975344,-1.2157387,-2.166407,0.6524618,0.73148113,0.703093
http://www.benchmark.org/family#F3M45,-1.0543194,1.2480255,-0.050405655,1.5266311,0.64940155,0.6100087,0.4613132,0.0528388,-0.34441438,0.7092564,-0.42018276,1.4488254,0.7406536,0.05279738,-0.1916286,-0.61245835,0.28295293,-0.06820783,1.3911958,0.26373884,0.9260119,0.039913513,-0.860056,0.4603623,1.0319512,0.33393463,-0.85133773,0.2454844,-0.71539056,-0.7219193,-0.36415285,-0.006377876,-0.59886736,0.20412852,-0.08449977,0.36860046,0.33573127,1.4209344,0.21169928,0.308948,-0.07830491,0.23692845,0.11334839,0.90446585,0.51326895,-0.76749325,0.21298073,-0.25422564,0.88171774,-1.247117,1.9405657,-0.8225911,-1.1761775,1.399011,-0.6242741,-0.9049159,-0.31405866,0.46959475,0.51526743,-0.120775394,1.4978402,-0.18220307,0.61141056,-0.05110311,-0.64663607,-0.0038237758,-1.6341003,0.69012237,1.1104373,-0.11077226,0.19373065,0.19824307,-0.3974212,0.13770571,0.5191793,-0.40975225,-1.1022451,0.12432041,0.26153448,-0.07810682,0.45737857,0.015124103,-0.31431937,0.052543666,0.12506524,0.37654576,-0.31166518,0.25730512,0.8464887,-0.8258316,-0.106029,-0.96506226,-0.35042256,-0.3982212,-0.24562985,-0.09073732,0.41936263,0.39426032,-0.37168214,2.2194228,-0.6924158,-2.070512,0.7852789,0.6559218,-0.065890916,0.071773514,0.24341702,-1.4821591,0.31391984,-0.3471712,0.47374162,0.47466144,-0.2901874,-0.4496388,0.079420276,-0.026972631,1.7319428,-0.323853,0.24074262,0.7413769,-1.7070795,1.7977012,-0.38401702,0.6686851,-1.3235188,-0.16243841,-0.31621367,-0.15655579,-0.74450505,-1.5316396,0.85375184,-0.9004449,1.1547009,0.3567621,0.81520087,0.60347974,0.38240498,0.5839048,0.9408614,-0.26801932,1.3217739,1.276678,-0.24197131,-0.05039277,0.5184169,-1.9110898,0.5159347,1.4485087,-1.6213496,-1.5213729,-0.73866,-0.06913141,2.2599223,-0.35093662,-0.07869136,0.17162023,-0.032691076,1.5370661,-1.2675852,0.94253117,-0.05764321,0.1581825,-0.42564067,0.60990196,-0.34578606,-1.3466846,-1.6708852,0.30325747,-1.2526718,0.77252346,-0.5746769,-0.10861821,-0.57029766,0.08459319,-1.0431085,0.38965616,0.15566695,0.49995643,-1.1861149,-0.98700875,-1.2985104,1.6496828,-1.8061142,0.8006366,1.1624147,0.5144786,0.7273349,-0.32706776,-1.0193825,-0.261299,1.2871256,1.4565305,1.4695935,-0.5378101,2.0917788,0.06419121,2.4322267,0.08039539,-0.36843365,-1.0818772,-0.13781807,0.10354614,-1.2733874,-0.9414821,-0.852514,-0.11537016,0.1399735,0.5190084,-0.26646474,1.2464926,-0.2785707,-0.62588125,0.5023716,1.2633835,1.3676031,-0.5174076,-0.11749033,0.6767408,-0.008943439,-0.6737344,-0.5737046,0.37825015,-0.06630827,-1.0142717,1.22851,-1.4247591,0.56904066,-1.1009644,-0.7885479,1.5799035,0.4286078,1.5012397,0.8565172,0.7844435,-0.14887783,0.11926495,-0.5080649,-0.5651208,-0.5921256,-0.4106978,0.5835855,0.41260386,-0.31826845,1.1906986,0.41955775,-1.0069038,-1.0376765,0.67097545,0.86770576,0.8742867,1.4278239,-0.4540661,-0.96257925,-0.5987816,-0.06552382,-0.21757849
http://www.benchmark.org/family#F10M194,-0.6126759,0.2122243,0.17765291,1.2099094,-0.11985504,1.140315,0.9658239,-0.056722898,-0.93306243,-0.8903402,-0.0021584367,0.43919167,0.4926922,0.21766393,1.4838208,0.038416233,-0.62339526,0.23639092,-0.3514755,-0.44874305,-0.032350775,-0.76725143,-0.29496825,-0.0254483,1.0847408,0.3894271,0.5253464,0.23797804,-0.39853522,0.093284205,-0.052490532,-0.24338871,1.0080563,-0.045824304,0.13368954,0.40986085,0.2731561,0.2079876,1.5264076,0.49110192,0.50317913,0.057177857,0.2164836,-0.9592767,-0.8980894,0.40542933,0.6513115,-0.16530955,0.46937844,-0.97348356,0.12704071,0.3643118,-0.14560331,-0.0645864,-0.2511488,-0.28431928,0.636099,0.3504118,-0.20012036,0.5892724,0.26278087,-1.0407465,-0.99549335,-0.56618315,0.06585847,-0.46937296,0.6212672,-0.38265312,0.6361713,0.12554027,-0.6235714,-0.19685078,-0.19625667,0.71809715,0.30005392,-0.33175245,-0.36921272,-0.031954054,0.55736196,0.5047321,-0.06796629,0.87465984,0.32955962,-0.08817852,0.63969874,0.45529753,0.12533644,0.35619953,-1.2243214,-0.9629556,-0.4293758,0.1829328,-0.36355034,-0.85359883,0.05327712,-1.0403559,1.1812,0.10520511,-0.73061293,-0.28814664,-0.6148355,-0.6237992,0.1897383,0.13155797,-2.0905564,-1.4204743,0.91273,0.71222764,0.28693658,-0.2764627,0.29575104,1.5478753,-1.0991806,-0.277753,1.3102119,-0.4748476,-0.23552854,1.1939389,-0.30516148,-0.9906663,1.063935,1.243053,-0.6770923,-0.28196776,1.0916512,-1.6285927,0.3300684,0.30785125,0.7785541,0.29719624,-0.29108602,0.27463233,4.134935,0.94936174,-0.13183476,1.9796481,-0.46567526,0.06967816,-0.84896153,-1.3072613,-0.15033075,0.48394823,-2.020285,0.8841795,0.26752117,2.6423123,1.5046164,0.14918986,0.20708932,2.1978276,0.66522646,0.36906615,2.0964026,-0.7461252,0.8893336,1.3442848,0.22571671,1.1621056,-0.3250145,-1.2671432,-0.38716194,0.929335,1.069454,1.0262448,0.4599538,0.15378033,-3.8051145,0.04560818,-0.16626464,0.48765525,-2.1685526,-0.53251094,-0.6613052,0.59668034,-1.520849,-1.1715591,-0.14175902,0.5886307,1.1851279,-0.69245315,0.49955994,0.5320394,0.25288594,0.28148916,0.6079363,0.8029934,-0.94050187,0.06849127,-0.4830769,-1.945023,1.025613,0.43639877,-0.39926487,-1.0755272,-0.7678431,-0.57851535,-0.35126376,0.373692,1.0405024,0.8328056,-1.4453775,-0.5282922,-1.1103237,0.7246474,0.17748739,0.5918272,-0.08665546,-1.1754323,-0.74802643,1.406878,-0.47892734,0.081243955,0.60703635,0.83718306,-0.86257005,0.50700986,0.97592634,-0.28616476,-3.3104057,0.5073797,-1.0720341,0.836785,-0.33603817,-0.30643535,1.3158271,1.5323873,0.24903408,-1.1198037,-0.5238838,0.9840623,-0.035850015,1.8685102,0.7342344,1.3836393,-0.049022708,1.0800897,0.31149554,-1.7247254,-0.35590366,1.6050622,3.0645416,0.5612661,-0.24050197,0.113601856,-0.013970979,-1.05134,-0.058427628,1.1800274,1.0843254,-0.15491338,0.37530652,0.31490505,-0.9948442,-0.47815835,-0.84169453,-0.10335009
http://www.benchmark.org/family#F2M35,0.5477785,0.48401698,0.022651665,-0.49037805,0.04755747,-0.83272326,-0.7330085,0.6695269,-0.027642658,-0.6694808,0.5652746,-0.19075248,0.9960723,0.16298771,-1.3891861,-0.29420236,-0.9887437,-0.004607471,-0.44452965,1.0808446,-1.1058327,-1.52752,0.0010277543,1.0250587,0.57708675,-0.4178546,-0.7574872,-1.1148643,-0.2348321,0.12637459,0.16537057,-0.5969645,-0.30401897,0.14948334,0.7133868,-0.31003207,0.6567836,0.97389466,0.3041422,0.17660527,0.6327219,-0.0019841609,-0.3930947,-0.52995074,0.24367978,0.7041269,0.045048486,0.3671167,-2.3062832,-0.4749046,-0.69760436,-0.52206045,-0.19341007,-1.4797153,-0.16802561,-0.65084237,-0.51560134,-0.14540148,-0.48045394,1.1114411,-0.6919647,2.6108718,-0.208325,0.08498888,0.759297,0.6647379,-0.36202005,0.23558769,1.6964389,-0.011485053,1.7953833,0.3227536,-0.06964519,0.12825838,-0.93233275,1.1270734,0.9859378,-0.6255505,0.17718722,-0.40056822,0.9011253,0.27751344,-0.4808689,0.6589471,0.43545324,-0.4453255,-0.41265517,0.046009704,0.33754817,0.07317425,-0.24352129,-0.069961905,0.14371802,-0.39265722,0.15595219,0.05318712,-0.13542564,0.35299203,1.0133255,0.29711917,-1.2552052,1.7488781,0.30233586,-0.3788621,0.79405814,0.060106136,-2.2584336,-0.6307502,0.11206964,-0.36650407,0.30304557,0.5788165,-0.8261801,0.13512126,-0.10764975,-0.072958544,-0.45665634,-0.8089775,-0.07557066,-0.7087411,-0.73352826,0.9629748,-0.9327132,-0.22713341,0.09087283,-0.09218781,0.40595946,0.5295999,0.7763598,0.7529971,-0.17523983,-1.1134824,0.2638586,0.80324906,-1.2493874,2.3934813,0.31254336,-0.60988355,-0.32268462,-0.95439464,-0.9427271,1.1932029,0.53043807,-0.14241008,1.1768451,0.3139998,2.7505035,-1.4568254,2.1165671,0.17410024,2.242963,-2.5783162,1.6078395,-0.2840948,0.16062358,1.0004389,0.7168696,1.1819273,-1.4658501,-0.8214894,1.4138739,1.6910263,-0.04572414,0.8777032,1.1181562,-1.3250716,-1.7950217,-0.8975297,0.8500775,1.1715277,-0.9831782,-1.4688754,-0.56826574,-1.4520334,-1.0145665,-0.06547892,0.45655635,0.6127395,-0.39252782,0.44859794,-0.77023286,-1.4223148,-1.1888268,-0.16046378,0.29563072,-0.46587762,0.5771122,1.6653279,-0.15302533,-2.3326578,0.24695739,2.7332788,1.6641585,-0.34384882,-0.15729487,-1.0745047,0.4882086,-0.49150154,1.9547518,0.8205568,0.49950814,-0.5304906,-0.5609345,0.21442404,-1.3643812,0.03022945,1.4458237,0.17258337,1.8163182,-0.81396466,1.4147904,0.513816,1.0322154,-0.23033716,0.8331623,-0.3512556,-0.107894816,0.0113712335,-0.32535368,-0.13619205,0.38837144,-0.71349466,-0.6573984,-1.8046141,-0.49436182,0.5606859,-0.094182566,-0.94497097,-0.26843747,1.1118662,-0.0652149,-0.16729668,-1.3621385,-0.063016966,-0.24286886,-0.957416,0.54958814,-0.95752215,0.14509058,-0.7706841,2.2252536,1.0966312,-0.23410666,-0.26316458,1.1800241,-0.035456214,0.67612535,0.47585413,-0.7326764,0.50308216,1.0595007,-1.6132681,1.0529162,-3.2758932,1.1442978,-1.2287319
http://www.benchmark.org/family#F6F76,-0.86744565,-1.0857198,0.24861982,1.0243979,-0.12803002,-0.701429,0.7072338,1.2704277,0.754385,-0.36990738,0.57446605,-0.93844116,-0.38588288,1.3551383,-0.42824385,0.021967791,-0.44911802,0.03360054,0.88503003,0.9226696,0.6848753,-0.06800605,0.10509862,0.95539093,0.853398,-0.107754394,0.044040427,-2.02509,1.1643417,0.8977533,0.2356503,-0.64035684,0.72276914,0.23936197,0.37831995,-0.0055309045,-0.5492859,-0.67685324,1.2133582,-0.01983011,-0.33129072,-0.22519487,0.5159152,0.28161478,-0.6436753,0.14162447,0.31263402,-0.26429626,0.091968656,0.18826744,-0.036697738,0.70597124,0.25510943,-0.14004603,-0.35648993,-0.2817423,0.8950124,1.0712708,2.092268,0.26843342,0.70572954,-0.05268593,0.03782166,-0.037659854,0.12821446,0.4356565,-0.508894,0.6234281,-0.59983516,-0.14537503,-0.1775155,0.30488783,-0.53036976,1.8208303,-1.2095518,-0.75849766,-0.246194,0.83660704,-0.25829226,-0.107374355,-0.085722655,-0.791513,-1.2930187,-0.7740074,0.032307897,-0.26691154,-0.21994667,1.1707333,-0.3488778,0.5109099,-0.39358714,0.16940056,0.5837432,-0.86100286,-0.053831663,-0.19752605,0.35543466,-0.84107804,0.19432202,0.23619282,-0.101294845,-0.041761547,0.20137993,-0.76317775,0.26933914,1.1103216,-0.98076344,-0.43218395,-0.0759274,-0.5769387,-0.10164013,0.6568554,-1.46111,-0.0031415338,-0.17876796,0.19176006,-0.11227948,0.76175094,-0.39871326,-0.9724199,-0.6824026,-0.3323842,0.15706359,-0.5429809,-0.6267355,0.27557272,-0.2572215,1.8033432,0.54526985,1.472845,0.14043522,-3.8200197,1.2394634,1.8472012,-0.25364366,-1.0732983,0.95799094,1.2195945,0.16653413,0.056759268,0.51638114,1.0391988,1.4664319,1.9315989,-0.099847116,1.9343692,0.7273307,0.14799047,-0.6703446,0.8102498,0.86098045,0.8055681,0.88311636,-0.93105155,0.20498215,0.8731954,-0.6862589,0.7581716,1.2147244,2.3570576,-0.65757316,0.73509973,0.42044568,0.49424103,-0.10197302,1.5596471,-2.3976698,-1.0827732,0.5819386,0.24699369,-0.8202824,-0.023914624,0.057843592,1.7627941,-0.49078625,-1.5718403,-0.4950239,0.5771166,1.4032979,1.113394,0.61318153,-0.188789,0.7726717,-0.8893111,-0.13384558,0.8699975,1.1631242,-0.7871255,-0.14804359,-1.8088877,1.6536591,2.3901021,-0.132778,-1.9217234,-0.5364694,-0.18115729,-0.5246734,-0.45654958,0.72573054,-0.6937807,1.5409257,1.734266,-1.7003349,-0.5132124,0.85039926,1.7299217,-1.4471041,-0.14041212,0.11343682,0.9867414,-0.7040771,-1.3408723,0.90642697,-0.3255833,0.03048069,1.1278994,-0.915647,1.0052464,-0.8237281,1.9124367,-0.5591607,-1.4412229,0.20196645,-1.6504093,0.5040238,0.04672196,-0.512936,-1.1917555,-1.6637609,1.6221659,1.4532917,0.05408029,-0.91360265,1.5848062,-0.3303553,-0.48711365,-1.7704544,-1.4988798,1.3627534,-0.27834493,1.7429016,-0.26568004,-0.74686193,-0.4073334,-0.4097206,-0.021422213,-2.3771963,1.4161081,1.316508,1.3333284,0.40983614,-0.1982196,-0.16872907,-1.2679883,0.8136775,-0.47563046
http://www.benchmark.org/family#F10M197,0.48617834,0.05151848,-0.11228276,1.3510891,1.0186968,-0.9128121,0.26968095,-0.5440822,0.4587016,0.4120852,0.43379533,-0.5265639,0.014919824,0.042481415,-0.3292841,-0.74168134,-1.0329423,-0.041464217,-0.07816173,1.444204,-0.9294619,0.6740013,0.060050827,0.8557353,-0.24528812,-0.3627391,0.27175504,-2.708672,-1.5122048,-0.6094149,-0.41086638,0.28990582,1.6968558,-0.6850999,0.43995094,-0.44544128,0.005065953,0.57209307,1.8560466,-0.36041453,-0.6838267,1.4503887,-0.7498564,-0.7839805,1.6429086,-0.2203533,-0.36955026,-0.3728704,0.28562784,-0.737414,-0.5447161,-0.49202225,-0.5913378,0.97385025,-0.5633285,0.80458254,-0.99029833,-0.7224557,-1.0920873,0.011708394,1.2712839,1.7936358,0.3452558,0.22866769,-0.5449894,0.18174745,0.115343176,-0.17583668,-0.5327492,-0.5706915,1.3418572,0.18370615,0.67102313,-0.042575844,0.6791772,-0.40664208,0.9459022,0.8664102,-0.046149958,0.37126088,-0.09417508,0.4075725,-0.7174949,0.532937,-0.56305593,-0.8486787,-0.15611002,0.630322,0.14422022,0.1486723,-0.7119764,0.20348872,0.20327312,0.50945264,0.53581077,-1.2982892,-0.36279607,-0.53801864,-0.7062462,0.110716216,-0.1269889,-0.06468953,0.5424417,0.50211346,-1.0852937,1.0255499,-0.27199796,1.0476582,-0.061722204,0.07203424,-1.2039112,0.4933492,-0.7007353,0.48699424,-0.20398329,-0.011234569,0.2305253,-0.45707992,0.03342894,0.028255057,-0.3828488,0.13062719,-0.53419816,-0.98980975,-0.5172998,-2.1865182,0.24388917,-0.22206633,1.0694221,0.37734193,-1.4304605,-0.55982727,0.72706497,1.2034864,0.46813965,-1.7608181,0.8832506,-0.6470468,0.9266092,0.5456155,-0.38988823,-0.049376167,0.129736,0.50896966,1.8059666,0.37671897,-0.44242296,2.4335256,-0.08017411,-0.61352473,0.7789714,-0.8229173,-0.15103175,-1.046762,1.4063671,0.17390312,-0.3148283,-0.97765565,-1.956619,0.16577286,-0.2303272,2.2097435,1.1610992,1.724098,-0.28197286,-0.35651094,0.14544536,-0.2928761,-0.67645353,0.72382605,-1.0231093,0.5865299,0.58995706,0.60496044,0.2754743,-1.1746203,1.8160266,1.7676446,-0.5089392,0.15455693,-0.6682214,-0.13371898,-0.526246,-0.12894404,0.49344903,-0.4860005,0.37770158,0.80456126,0.3558661,0.4953034,1.8774989,-0.3570595,1.1443778,0.46313566,0.73300785,-0.5297626,0.28325713,-0.3142134,3.4263864,0.10967495,0.7683688,1.4540359,0.33221763,0.7612825,-0.774125,0.78463584,-1.954911,0.3149892,-0.7818705,-0.5119551,0.5676025,-0.9584781,1.715553,1.0607079,0.0010286702,-0.6476046,-1.2583189,0.20926182,-0.6423097,1.3004632,0.24982995,-1.2663487,-0.7652667,-0.49672255,1.901584,-0.09080315,-0.87613845,-0.546226,-1.499908,1.3303841,-1.0840445,-0.2720785,-0.52444667,-0.43328583,0.52279216,0.17701954,-0.13432628,-0.4943908,-1.010845,0.41937,0.75568646,0.6744148,0.2946725,-0.074665554,0.9888021,0.7856162,0.6351943,0.8985355,1.5550507,-0.5760031,0.1706275,0.7386907,-1.7466857,-1.2504592,2.192415,0.9244269
http://www.benchmark.org/family#F9F143,0.15004769,0.12924558,0.47482803,1.1744238,-0.77015245,-0.083070405,-0.73440915,0.030019308,1.0747665,0.29286364,-0.32572803,-0.90880364,-1.6698217,-0.045125183,-0.025176665,-0.90352464,0.28110722,0.023440456,1.0450032,-0.26198453,0.7675432,1.1207292,1.680856,-0.93503,0.41353232,-0.07817775,-0.746315,-1.31137,0.4441807,0.28779915,-0.6330819,0.14013508,-1.4034507,-0.22230807,0.19199309,-0.047948495,-0.06694301,1.1859298,0.9772316,0.7331741,-0.35723865,0.84703517,0.14199656,-0.35378954,0.48803514,-1.9353732,0.15314378,0.027360087,-0.30388686,0.35994664,-0.24772039,1.079258,-0.10969472,0.12770835,-0.18003331,-0.09049137,0.46487847,0.15387155,-0.14909181,0.3151529,0.50896347,0.03259418,-0.84806746,0.1454148,-0.87268615,0.40163904,-0.556687,-0.90912074,0.5648727,-0.71596265,0.69865346,-0.14450769,0.3696249,1.4508876,-0.71956074,0.118593015,0.4293992,1.0062467,-1.8615708,-0.46146518,1.4539524,0.19259961,-0.50231355,-0.04020604,0.16764414,-0.45978817,0.5807505,0.03640136,0.15089707,0.7473423,-1.2558471,0.38173616,-0.38385174,-0.2231104,0.24034464,-0.6384487,-0.2665048,0.53436834,0.46614802,0.88231647,-0.93902963,-0.6739038,-1.5403737,-0.2084599,-0.32969293,-0.17167185,0.31035933,-1.3310026,-0.18472005,1.8763838,1.650626,0.8164308,-1.6884196,2.705008,-0.14473887,-0.0029885923,0.633318,-0.11281383,-0.24441285,-0.21411943,-2.146275,0.380827,0.33407813,0.24679336,0.40410763,0.3185535,0.5915805,0.09372474,0.053825088,0.47433442,1.0778506,-1.0514965,1.4401461,0.13429381,0.40206715,1.544022,-0.8005582,-1.505353,-0.5509301,-1.6497408,0.46252647,-0.20327379,-0.2706548,-0.7626196,0.062729344,-0.08730055,-0.8279193,0.35998952,0.29611453,-0.6877892,1.119462,0.52329636,0.52185214,-0.07010087,-0.8604058,0.59073734,0.88685435,-0.2241053,-1.0960075,0.32997254,0.765982,1.12191,-0.31298688,0.05689732,0.63109833,0.6004871,0.7409217,-0.33703429,-0.5215512,-1.0107718,-0.23169833,-0.86713225,-1.3323071,0.202161,0.32702798,0.8960131,2.33341,-0.5132944,0.35658976,2.1157281,0.6112724,-0.13881032,-1.438579,-0.8460586,1.3473,-0.9495069,0.83674765,-1.9644291,0.53061,-0.8047556,1.3388431,0.050901927,0.49109954,0.8825643,-0.8697807,0.3658722,0.09763731,-0.0031284534,0.15365846,-0.5521943,0.22818379,0.24733411,-2.0680003,0.42947674,0.62850314,0.10879297,-2.296415,0.5610756,-0.14058603,-0.3993206,1.8681469,-0.6774147,0.20653638,0.56851774,-1.5232072,0.80978984,1.7431605,2.508421,-2.0069535,1.0423304,-0.18553963,1.218911,1.0530145,0.40710795,-0.7483231,-0.7766412,0.76301914,-2.5515406,-0.09274382,0.9166178,0.437806,0.17889398,0.46096277,1.7970273,0.2758911,-0.1304586,-1.7525663,0.45344916,2.2045724,0.23956777,1.6226486,0.8569575,-0.6237011,0.324266,-0.63109237,0.07894029,0.16996416,1.4861535,0.8341638,0.6951877,-0.45880178,0.2395733,-0.20151058,0.8252744,1.4526274,-0.36065775
http://www.benchmark.org/family#F8M134,-0.051211067,-0.04041276,1.5742313,0.011880813,-0.47022054,-0.35358986,-0.40329152,0.103610165,0.03450652,0.9944262,0.29346326,-0.3723823,0.6125996,0.8956401,-0.5606778,0.5103006,-0.56562245,0.2727603,0.2509741,-0.3757885,-0.15004931,0.25052842,-0.51978767,1.057825,0.8428456,-0.16951407,-0.7088693,-1.3889334,0.081263356,2.065776,0.7246446,-0.31271744,-0.6839844,-0.62489766,0.1650165,0.94657,-0.46154702,-0.62395406,0.82986915,0.08530525,1.5962763,0.7241506,-0.19393013,-0.6695893,-0.036206987,-0.26758507,-0.6340751,0.6482219,-0.83064514,-0.19755958,-0.2981147,-0.3161367,0.85184956,-0.07871079,-0.07234617,-0.87278116,-1.172791,-0.17936024,-0.19930038,-0.6368527,0.9712178,0.19488183,-1.4170275,-0.41776508,-0.06817378,-0.8429342,-0.14706968,0.58147204,0.22549644,-0.5436972,2.389047,0.40777576,-0.59195495,1.2845322,0.026954906,0.7705192,0.9570925,0.8058311,-0.19541797,0.023386417,0.5005757,0.6751381,0.7588216,-0.13606694,0.20208302,-0.3635072,-0.41447267,-0.12824057,0.21456042,-0.54850006,-0.31146422,-1.5563197,-0.5051549,1.2196939,1.1294757,-0.9517331,-0.06565563,0.3524909,-0.7027981,0.6427396,0.7703,1.5629096,-0.026320614,-0.23628467,1.1888101,0.41709933,-1.3826656,-0.6965718,0.011935212,-0.6866292,0.25839326,0.77612317,-0.2625497,-0.27554345,0.1718115,0.5224095,1.3378808,-0.76189464,0.32485685,0.12060668,-1.6810787,0.010665697,-0.5967433,-0.083168805,-0.35131228,0.030236024,-0.020390429,0.85705066,-0.039578274,0.24206719,-2.740698,-2.0168557,1.1110116,-0.38774985,0.6730281,-0.012388758,-0.0994219,-1.387934,1.472242,-0.3621341,1.6314474,0.31152636,-1.1075952,0.2046797,0.51316315,-0.565867,0.6629076,0.28993163,0.20170918,-0.59329367,-1.6461549,-1.4932808,0.76801753,-0.6113185,-0.5686932,1.8839277,-0.53828293,-0.5987369,-1.172985,0.37671998,0.5726665,-1.5085856,-0.32884538,0.7846961,0.4489292,0.8175988,-0.523757,-0.5942132,0.926176,0.58433235,-1.1155452,-1.8806506,0.37261882,-1.0187901,-0.18815026,-0.50771344,0.7690783,3.1696553,-0.10014712,-1.0107425,1.0309923,0.13413289,0.16598643,0.6773505,0.48358005,0.10891965,-0.5856973,-1.4386367,1.6474384,-0.87506336,0.6330293,-0.067455485,-0.5289439,-0.2180825,-0.6748927,0.1602973,-0.4754321,-0.5156937,0.93273866,-0.40118277,-1.0204438,-0.35326153,-0.42464468,0.25360224,-0.81846106,1.1424903,1.3179748,2.4166243,0.40787548,1.3919963,1.182864,0.33803207,0.50897187,-0.5007991,-0.6493731,0.664559,-0.5222805,2.7444892,-0.34421176,-0.275914,0.34658393,0.7679163,-0.17893414,-1.0266039,-0.6947389,1.878549,-1.7300465,0.7910212,0.46019703,-0.5415116,-1.8098048,2.162876,-0.36946115,1.87173,-0.23050961,-1.2358024,-0.08294769,0.07283282,-0.7914663,1.059864,-0.49288177,-0.27414408,0.3720202,0.32149163,-0.14340106,0.41325063,-2.156152,0.42566794,0.41306663,1.7234478,-0.8028791,0.6057612,0.32386598,-0.22331597,-0.49415338,0.1884054
http://www.benchmark.org/family#Father,-0.13695589,0.35070807,-0.43042618,1.4407219,-0.25597724,1.4242078,-0.4447175,0.6852867,-0.15996443,1.6097059,-1.1302681,0.7314598,-0.8926127,0.49782637,0.16904195,0.65307426,0.101811126,0.14800823,0.8485185,0.6686389,-0.77712435,-0.3113889,0.5278838,0.41683945,-0.389511,0.24269193,-0.3279283,0.16586454,-0.53614277,-0.03397344,-0.115571804,-0.22638178,0.6781004,-1.1875203,-1.1820652,-0.10924194,-0.02972826,-0.28544942,0.46652934,0.058089122,0.57755905,-0.53208095,-0.23009253,-0.5688361,-1.0882508,1.8583908,-1.2610606,0.40067846,-0.43058333,0.8059172,0.2562426,-0.14964335,0.04685789,-0.2947299,-0.5396588,0.749546,-0.7000439,0.5915551,-0.90396535,0.13486174,0.48223633,0.1789372,-1.5407184,0.2808978,-0.5601732,-0.18766719,-0.13430563,1.637262,-0.13345505,0.20551673,0.09263922,0.22758676,0.4462027,-0.16217554,0.41793823,0.5457883,-0.469921,0.098637655,-1.2921587,-0.8859267,0.30170295,0.33872068,-0.52934146,-0.41038808,-0.12718442,-0.005124509,-1.1989377,-0.5229865,-0.5028674,-0.50765914,-0.5986691,0.11450013,-0.31948432,-0.56502044,0.20398502,0.6742328,-0.5765853,-0.51356584,-0.69502735,-0.26570198,-0.3187956,-1.8324548,0.06750326,0.8224292,-0.89041674,0.0023534433,-0.30057326,0.53717786,-0.46585613,-0.04472805,0.47193298,0.20724533,-0.9162848,2.1903229,0.1094554,0.1299253,0.5042703,0.026387785,-0.24968858,-0.79694855,-1.2858334,-0.32522666,-0.1748846,-0.3336391,0.58296084,-1.1549911,1.9649585,0.30016527,-0.2376233,0.4863844,0.40007502,-0.4664593,-0.3770926,0.24286853,0.7893582,0.42965415,0.69917864,-1.1680068,0.2753758,0.6988624,0.29656482,-0.5499015,0.46064824,-0.27682096,0.9814905,0.831631,0.7576561,-0.009212799,0.07088454,1.4537033,2.0250213,0.5684149,-0.4718391,1.3307151,0.9810636,2.1513445,-0.23836993,-0.78615385,-1.8950707,-0.7736003,0.49240574,-0.7574662,-0.24044979,0.15118954,-0.3688347,0.2496557,-0.74079686,0.43666366,-1.0530455,-0.5888346,0.5219159,0.32974193,2.1843162,0.9530266,-1.2555674,0.37354064,-0.17995846,1.2877944,-0.09213024,-1.4395863,0.9705988,-0.8545603,1.921677,-0.31976187,-0.089492396,-0.65370035,0.7853056,0.769549,-1.103373,-2.0772827,-1.6585735,0.3296157,-0.24799292,-0.16229294,-0.47078246,-2.0655932,1.017455,-0.2602048,1.8082242,-1.3603599,-0.12994295,0.01056963,-1.240644,0.5752961,0.6019575,0.42985916,0.057383254,-0.21280883,0.39757538,1.2294089,0.7778606,0.6066957,-0.98796445,-0.5339764,-0.40146166,0.862149,0.46838415,-0.4384796,-0.54146713,0.14284913,0.2878403,-0.84255576,-0.3164362,-0.7902289,-1.1179107,-1.5771108,-0.07491277,-1.0318544,-1.2151215,-0.61642194,0.305293,-0.02563653,-1.3214118,1.0347323,0.59602916,2.3578262,-1.117784,0.07904712,-1.3230121,0.26739895,-0.32994285,0.30747703,-0.43818313,-1.2526275,-0.024144717,-0.038114134,1.1904218,-0.5471855,1.1100761,1.6432267,0.7870224,-1.0056399,1.8238578,0.16468747,0.7066571,-1.0024116
http://www.benchmark.org/family#F8F135,0.12762058,-1.7906829,0.2896891,1.5575942,0.62176764,-0.14384466,0.17691772,-0.13428734,-0.53161055,0.010765394,1.0829667,0.17549936,0.97383404,1.9088721,-0.5673563,0.121038824,-0.7790608,0.7375308,0.07055182,-0.13004279,-0.35816216,-1.6420711,-0.12589082,-0.041284066,0.26448858,0.07225099,0.19804296,-0.697471,-0.10080352,1.045151,-0.62796396,-1.6719786,-1.3044895,-0.22908215,0.2020432,0.19304168,-0.16243292,-0.18442138,0.733071,-0.5581819,0.1508639,-0.266761,0.69530755,-0.12087567,-1.086953,-0.3522145,-0.3523324,-0.8353466,-1.0155871,-0.6927709,-0.14999169,-1.1446095,-0.42590708,-0.056775466,0.4077869,0.027853236,-1.0292566,0.60648257,0.026350813,1.9572384,0.87392926,-0.26110986,-1.4890192,-0.75924224,0.3818985,0.116762534,-0.11474368,-0.28306976,-0.00803347,0.29576796,-0.5331866,0.31913888,-0.06990598,0.49602893,0.8326006,1.0408169,-0.6484999,0.066127725,0.44573238,-0.058809556,-0.917431,0.8766942,-0.93164027,-1.6994115,0.28567815,0.038047913,-0.8539311,-0.8557582,-0.2263065,0.021967456,0.02124992,0.054256555,-1.3594003,-0.60834265,0.24520133,0.1166916,-0.28264028,-0.2853686,1.1086491,-0.2610154,-1.2735187,-2.1445963,0.2372316,-0.72391677,0.15908691,0.10890278,-0.4869983,0.046512164,0.77383435,0.029612327,0.10595196,0.90388167,-0.0065693306,0.1327092,-0.95835465,0.16092505,-0.72309333,-2.6646075,-0.37845308,-0.7787342,-0.1119408,0.63415647,-0.30630264,-0.21220754,-1.2337798,0.39367735,-0.0020314706,0.12468049,-0.29702613,-0.36208078,-0.93121016,0.6868495,0.5250305,1.0501142,1.0384245,1.0722551,-0.5615239,-0.3475596,0.078336395,-0.58841056,1.5868616,-1.1377069,-0.799584,1.679513,1.4395194,-0.89878654,1.507953,0.22035328,-0.0028093911,0.8546569,1.2874944,-0.8909283,1.146986,-0.7343968,-0.95692927,-0.2222367,0.37160558,0.51553476,-1.8322738,0.44147956,1.606234,0.48642138,-0.7486005,1.5409744,0.011219752,0.35189387,-1.8074669,0.21195541,0.14687093,-0.7948453,-1.063738,-0.7335666,0.8462408,-0.85177374,-0.59212244,1.8443137,0.61454904,0.36786574,0.07113371,-1.1441311,0.9149135,0.8669008,0.65175414,-0.40087533,0.39614168,0.26261872,-0.37465388,-1.073115,1.134833,-0.99608874,1.0324482,0.9619534,-1.5192251,-0.5561479,-0.07224722,-0.04522799,-0.05811248,-2.9524336,1.8511118,1.033117,-0.21657246,0.092595056,-0.52249724,0.60543627,-0.33003736,0.56294996,0.36204103,0.8839933,-0.5562775,-1.3319106,-0.23212704,-0.003882152,0.70761466,0.07281797,-0.11197249,0.6724707,0.6020485,0.5932621,-1.579374,-0.20901012,-0.7826818,-0.24602847,0.2913845,-0.33588487,-0.8412377,-1.1045784,-0.77338964,-2.1554685,-1.4336874,0.5293917,-0.9306015,0.4927326,0.8495134,-0.33893475,-0.17967345,-0.25403255,-0.1793725,-0.13058783,0.99937356,-0.22824296,1.9416128,-0.9870813,-0.3351655,0.040449664,0.4141712,1.4240125,1.0309571,-0.29560947,2.4667954,0.5883475,0.5163275,-1.8158923,0.45580804,-1.9615936,0.09113772,-0.9130082
http://www.benchmark.org/family#F7M125,-0.11558629,0.43410945,1.4180832,0.6947205,-0.52771944,-0.16377653,-0.55116415,0.30388582,0.8332789,0.9948189,0.24117714,-0.6027753,0.042794436,-0.01630242,-0.47931147,-0.0709727,-0.946368,2.0092216,0.43083808,0.012471618,-0.15686014,-0.92137736,-0.19436517,0.8255788,2.2482922,0.5948849,-0.026821636,0.4800997,0.11508082,1.6409986,0.10076921,0.12640433,-0.3211623,0.6737237,0.15405151,-0.04542733,-0.99057686,-1.2117944,1.0080142,0.14206915,-0.5721612,0.14026919,0.5742085,-0.41985983,-0.78281164,-0.40126204,0.28702387,-0.4521115,1.1427559,-0.38726217,-0.09179738,0.8423547,0.07776557,0.17990905,-0.44619903,0.34674278,-0.52038896,-0.009431898,-0.13601863,-0.39541134,0.8292093,-0.080971934,-0.49908507,-0.7102421,0.8573644,-0.9102169,-0.07842501,-0.4698806,1.6190611,-0.67235905,1.7265121,0.034958497,-1.221711,-0.072714575,-0.03151628,-1.1452527,-0.1320534,0.15500541,0.33942086,-0.15468186,-0.50740486,0.32060057,-0.24203233,-0.10948277,0.49807528,0.5373863,0.3170129,0.120496504,-0.8625617,0.34680784,-0.41743156,1.6586547,1.1007729,1.2069335,-0.16982378,-0.5118509,0.71101195,0.1457199,1.5669345,0.42149138,-0.4415354,-0.5835788,1.9764684,-0.27600333,-0.20822582,-1.445452,0.48566958,0.11580492,0.07982039,-0.53335625,-0.3090359,-0.33817473,-1.5522647,0.77291536,-0.10104142,0.039412353,1.4134026,0.10124532,1.1854187,-0.5211571,-0.27685168,0.26124635,1.7485467,0.9136607,0.29056212,-0.41851982,0.33420345,0.5137458,-0.5205791,-2.278163,-0.1959479,-1.9376591,1.7551223,0.20570521,-0.57974106,-1.4604148,0.1968246,0.5489576,1.0755258,1.9653894,-0.7322402,0.063737325,0.6432099,-1.6162882,1.2289752,-0.20320597,-1.4287302,-0.5367767,0.62273645,0.78421104,0.39448583,-1.1823298,-0.7049006,-2.2663,-0.24627244,-0.089966826,-0.90981984,0.6045104,-0.40089762,0.8536946,-0.22830367,1.6953406,-1.0648117,1.799713,0.31189683,0.42518625,-0.7421048,0.88078195,-2.2645762,-0.69355035,-0.66062886,-1.5318383,-0.6319336,-1.1196575,-0.3941199,-1.133023,0.4088788,1.511502,1.8594247,0.5330485,0.13721833,0.9795311,0.8273059,2.4904456,1.0302707,-0.90157515,-0.25727516,0.861599,0.2760681,-0.8874525,0.6403195,0.17605752,1.4982436,-0.26073584,0.31632483,0.82762945,-0.62708604,-1.7992562,-0.36334616,0.7724764,0.7269194,0.96620446,-0.2991969,0.7041298,0.6357366,-0.15297964,0.07141898,0.62349886,-0.8071253,-0.3605317,0.24031946,0.46426708,1.8169851,-0.21546255,1.9516604,0.6735129,-1.2557484,-1.9475069,-2.0317812,1.2061744,1.8451219,0.12163358,-1.2877518,-2.2268593,-0.11016574,1.0468569,-0.06604235,0.38273972,-0.2726573,0.6255859,-1.7019492,-0.11632359,-0.400992,-0.6892697,0.078921005,0.15007809,-1.0850447,0.26961887,0.8074351,0.95765746,0.39523238,1.3231318,0.56721467,0.19462311,0.52279437,-1.360143,0.27453783,0.43597826,-0.4096005,1.7209743,1.0978041,-1.4297055,0.7783619,-1.3862354,1.3179913,-0.1864966
http://www.benchmark.org/family#F9F164,-0.4134707,0.57319105,0.5175191,0.7657428,-0.21165061,-0.29933012,0.6709088,0.080884576,-0.35814214,-0.5819386,0.9081729,1.0991257,-1.3919625,-0.9056092,0.50133014,1.218983,-0.8160748,-0.11471525,0.055630222,-0.07389745,1.5820448,-0.18430485,0.5873948,0.09577177,1.2533786,0.3697381,-0.7309787,-1.645814,-0.12034531,-0.90379804,-1.6060275,-0.8193701,0.37833887,-0.65375763,-1.3032588,-0.07257529,-0.49637914,1.0283507,1.4015874,-2.505797,-0.40547192,0.39459878,-0.18296596,0.1522505,-0.2509318,0.7610429,0.12735412,1.0577568,-0.56595457,0.0375482,-0.10818076,-0.030255957,-0.5251009,-1.809492,0.41702193,0.44781774,-0.00045580108,-0.108416595,0.22313575,0.36938637,0.6337637,-1.0505774,0.33729208,0.73904544,-0.74791825,-0.31124985,0.46650985,0.6242045,1.137251,1.277509,1.2090579,-0.023945637,-0.08493357,0.24618468,1.412535,-0.41323587,0.3695372,1.1844767,0.38057733,0.33863726,0.35462007,-0.81690735,-1.9616172,-0.062477596,-0.89185697,0.5592646,-0.9289039,-0.05307675,-0.12405579,0.6455971,-0.4299771,0.54725415,-0.22292322,-0.48285902,0.13327688,-0.6838895,-0.44036847,-0.1060474,0.96172506,0.7829252,0.9276578,0.71693003,0.521707,-0.39764583,0.86948824,0.9472311,-0.7793336,-0.0016610817,-1.0794866,0.25547206,0.83905274,0.5332992,-0.868152,-0.0043342225,0.15783302,-0.3167229,1.2700733,-0.13178076,-0.95558906,-0.114988334,-0.4857849,1.4210342,-0.76448476,-0.5330576,-0.121734776,0.9192672,0.34086806,-1.559907,-1.4988675,0.33971107,-1.0721197,-1.5061536,-0.023014277,1.5811789,0.5465187,-0.06950234,-0.52401704,1.1166139,0.9072204,0.553126,1.181243,-0.77875197,0.62623256,1.1110189,1.2150208,0.33596534,0.3562915,-0.3852827,-1.9387715,-1.3445636,0.15435459,0.1768943,-1.4623631,-0.294868,-0.23461795,1.660609,-0.9257884,1.4009598,-0.27693477,-1.0235475,0.22286586,-1.2386248,-0.90819305,0.60480446,-0.16927372,-0.74788404,-0.5082438,1.0912519,-2.1205437,0.77015305,-2.1798036,0.28922358,-1.8327621,1.605879,-0.783618,0.7762315,1.4432815,1.0479422,1.2559278,1.0542948,-0.9052167,-0.35654914,-1.2598759,-0.44853163,0.043156356,0.878357,0.91023874,-1.9292785,-2.0830293,0.053374205,1.4743624,1.6266892,-0.21592228,0.7256883,-1.0544852,-0.106933855,1.2486206,-0.77251154,2.1777556,0.60920984,1.7309053,2.264357,0.63000745,0.96527433,0.31243107,-1.0480477,-2.0046413,0.68245506,0.840238,0.007370376,0.6320138,-1.3401499,1.1815453,2.798579,-1.078601,-0.6302998,-1.1085804,1.0828563,-2.1336715,0.38982642,-0.4727764,1.225495,1.9558235,-1.1724056,0.43619075,0.6134752,-0.16926374,-2.3685186,-1.5085881,0.8068809,0.3424306,0.101831935,-1.7430811,1.2207412,0.67377055,0.25895408,-0.7383381,0.4898729,1.6454649,-0.0088631725,1.3388878,0.4683668,0.1058741,1.1944747,0.25126863,0.27234665,0.49051294,0.078586236,-0.3378075,-1.0527456,0.83915126,-0.75594854,-0.93370664,1.933384,-0.004153895,1.6222048
http://www.benchmark.org/family#F6F96,0.67931473,-0.63057154,0.23285903,0.45070678,-0.49908438,0.19120982,0.348929,-2.8895257,0.5457425,-0.0073488085,-0.10161778,0.5445706,-0.08184089,-0.07712571,0.57463926,0.35883185,-0.2163271,-0.5736382,0.4126549,0.5458524,0.13575102,0.8446737,-0.48326415,0.66971207,0.4665084,-0.22852053,1.1907355,-0.24425262,0.40671268,-0.082971156,0.3751686,-0.32063854,-0.36777413,-0.077243865,0.29842147,-0.29736543,0.259716,0.11447041,-0.19657859,1.4879385,0.07311724,0.33387932,-0.52796817,0.13890907,2.0609715,-0.39150655,0.39347044,0.4611197,-0.53121996,0.03096368,-1.049728,-0.84414893,0.64221567,-0.037063252,-0.3135549,-1.1283649,-0.82763916,-1.1352712,0.4324925,-0.47247517,0.22639711,-0.35887104,-0.83630955,-0.8390987,0.45202282,0.7774005,0.11279238,-0.09595529,0.13354501,-0.76455754,0.98129064,0.78778416,0.09015133,0.0696305,0.45943233,-0.36138734,0.086366944,0.36186334,-0.26787812,0.11427846,0.021378214,-0.9884243,-0.38420764,-0.33261576,-1.0316616,0.083876155,-0.52006274,-0.24136713,1.0439473,0.062064443,-0.107471675,-0.14546727,-0.40308347,0.25428617,0.26912105,-0.36910015,1.6362063,0.14829168,-0.01536316,0.22868451,0.09670271,-1.1202362,-0.067099296,-0.47725984,-0.0029516164,-0.101591244,-0.17872128,-0.39278308,0.31658018,-0.38661087,1.1587014,0.042929422,-0.558329,0.9608942,0.27761534,0.30779275,-0.2687409,-0.02191392,0.24372527,-1.268549,-1.4422965,1.2825133,0.34828323,0.33394793,-0.59537774,-0.44358638,0.055843662,0.08259186,0.29070956,-0.28108037,-0.6161512,-1.4021325,1.3086634,1.5191036,-0.123041146,0.81369084,1.3494729,-0.8380089,0.03680017,-0.5795173,0.2864979,-0.94643176,-0.5485264,-0.17540438,1.2433547,0.7825982,0.76240206,-0.91469455,-1.1893034,0.7875122,-1.0635406,0.22848198,1.5221367,-0.62077355,-0.4426506,0.8568073,-0.8496381,0.15831637,-0.8346286,0.59719956,-0.26659194,1.4388245,-0.84959126,0.6056255,0.22596586,-0.2704888,-0.32745257,-1.0144186,0.8163817,-1.1238503,-1.5513202,0.23821141,-1.1404995,-0.94644254,0.41971114,-1.6228437,-0.28280818,1.2289892,2.2426178,0.21715775,-0.9945242,-0.42994544,-0.36475262,-1.6935573,1.9412966,0.87685907,0.44581544,-3.251263,-0.89719045,-0.6177039,-0.27326474,-0.10887226,1.9220064,0.5182635,-0.90778124,-0.58150804,-0.7819768,0.76411974,-0.4228562,0.05061532,0.38506442,1.5971392,-0.5659144,1.2004378,1.8461155,-0.3857635,-1.1592338,-0.13520311,-1.0000765,-0.6133389,0.9868836,-1.1949208,0.009585481,-0.01377048,0.4051184,0.22331728,0.22810057,-1.4641483,-0.36108232,1.656017,-0.049933944,2.1649332,-0.79549766,-0.8816155,-0.98133737,-0.029668655,-0.50986016,-2.6796145,-0.54628694,1.2934608,0.34841526,-0.57926905,0.8480067,-0.10764419,-0.6637612,0.2524302,0.5438341,0.08900331,0.445189,0.3135084,-0.23902397,0.18063803,0.2879922,0.02746857,0.3614233,-1.0482922,-0.27478558,2.108347,-0.6802402,0.68859935,0.11945194,-0.7707768,-0.39983246,0.10554326,0.4437568,-0.7966634
http://www.benchmark.org/family#F6F97,0.6377462,1.1882501,0.0027035465,0.8773501,-0.13121808,-0.98976475,-0.6820401,0.41221768,-0.029111281,-0.10938602,0.07680903,-0.6967433,-0.060668703,-0.95683897,0.5008313,0.25310394,-0.6769036,-0.39026818,-0.43533632,1.4230272,0.32072687,-0.89375347,0.4615723,-0.9147915,-0.28571397,-0.10473335,-0.31723428,0.0093365405,-0.20912272,-0.4853169,0.8293706,-0.37434584,-0.1914913,0.43728107,-1.4959449,-0.03821104,-0.16954108,-0.5163813,1.469278,-0.052316923,0.17989594,-0.3131959,-1.7958031,-0.8942674,0.8483164,0.077600315,-0.41071463,0.29870993,0.05174304,-0.20866127,-0.1512705,-0.551306,0.9615241,0.48761937,-0.6058076,-0.61800855,-0.18065521,0.12579177,-0.04249512,-1.000839,1.4426919,0.2859087,-1.0879681,-1.8391697,-0.95164883,0.6238091,0.44723743,1.0372388,1.6824818,-1.0771867,1.7526243,-0.1544213,0.064347275,0.17231983,0.97983855,0.64166397,-0.22931573,1.55131,0.125908,-0.17820285,0.77536535,-2.4650648,-1.1191595,-0.008724577,-0.82929134,-0.5919507,0.2331621,-0.85329604,0.8469304,-0.40084806,-1.7664472,-0.08693508,-0.63164693,0.42954114,-0.15296447,0.26720876,-0.87625915,-0.16935794,1.7003856,0.5453454,-0.23604637,-1.2676283,0.78967816,-0.51372546,0.14168817,0.11718299,-0.057481598,-0.79632306,0.3865044,0.083799,0.5822616,0.73028684,-0.6510139,0.20351276,-0.45539758,0.7514614,-0.1846977,0.6478546,-0.51842654,1.1262937,-1.5226823,1.3142347,1.0376823,0.6154087,0.8582176,-0.37403774,1.2012845,-0.70528185,1.1854472,0.93004036,-0.35369888,-0.12949428,1.165966,1.1808008,-0.9100039,0.2766311,1.0108672,-1.4214641,-0.12760921,-0.25270852,1.9421993,-2.0423784,0.4695212,-1.3018565,-0.29362324,0.43684542,0.85956556,0.1921863,-1.2834128,-0.03745211,0.7263719,-1.8931805,-0.19380778,-0.63352585,0.21720602,0.12601352,1.3007522,1.4963784,-1.160669,-0.9437874,0.7269115,1.8603529,0.3446943,0.5961963,-1.2268236,-0.507582,-0.8680003,-1.4121635,-2.3288727,-0.33715662,-0.03801381,0.0415797,0.44385073,-0.72125614,0.2831884,1.1839348,-1.3761475,1.5354937,0.028272321,0.22375335,-1.3719503,-1.0008292,0.7683563,1.16819,0.44420677,-1.158617,0.8426378,0.95730317,-0.7293613,-1.8765981,1.545181,1.0476599,0.6328458,0.7448841,-1.6178983,0.30205595,-0.21055824,0.48648158,-1.1993662,-0.25774127,0.5880752,0.45664838,-0.90466565,0.9364087,1.0022446,-0.56583524,0.17449868,-0.24175777,-0.27092645,-0.72862107,0.7728408,-1.403198,1.1614516,-0.5237968,-0.9709971,1.1024317,0.5636932,-0.7274172,-0.35955748,-0.43232343,1.3456942,-0.94934756,1.2680335,0.9715274,1.0970567,-1.1457474,-1.4868689,-1.7980992,-0.6917175,-0.32454354,1.246752,-1.1437657,1.059729,0.46505058,-0.96160984,1.505562,-0.19167903,-0.47730637,-0.5209646,0.9685685,0.45484173,2.24259,1.3885223,-1.2126807,0.5026196,-0.23554479,0.8204468,0.44538632,1.1090578,0.80090797,-0.16403823,0.3919511,-0.42386928,0.5183505,2.4310813,-0.625123
http://www.benchmark.org/family#F6F82,1.1065916,-0.016698271,1.5099697,0.86114997,-3.9233128e-05,0.55104107,-0.79438955,-0.023139544,1.8175776,0.44977072,-0.09219847,-0.4850511,-0.01268583,-0.05003047,0.20746613,1.2226646,-2.5491548,0.00854846,-0.3082503,0.3892507,0.1601566,-1.4002023,-0.5506791,1.005571,1.8812577,0.7212602,0.47181305,0.9433452,-0.26770258,0.0005623903,-0.054220922,0.10618019,-0.82732457,-1.5723819,-0.13502885,0.6098734,0.48944703,-0.29464033,1.1048226,0.13984187,-0.25334185,-0.22643192,0.9253465,0.4686341,1.1201053,0.58544576,-0.6420875,-1.8736632,-0.12049122,-0.70422673,0.16774093,0.10574451,-0.022212612,0.47342098,0.38027352,-1.2988408,0.054544806,0.26280028,0.22519705,-0.04231514,-0.67606217,-0.74009335,0.951326,-0.019537693,1.1413426,2.2398162,-0.53746766,0.05993298,-0.6692274,0.22428174,1.5009282,1.8523278,-1.9628786,0.91084784,-0.8366748,-0.52729475,0.050293464,0.7006846,0.35755116,-0.52528334,-0.8337187,-0.1939326,0.5077636,-0.48146385,-0.07305252,0.24780557,-0.25084418,-0.22142488,-0.62821656,0.26828885,-0.120463274,0.081916764,-0.86674994,-0.16793145,0.2476384,-1.1424654,0.36924824,0.19287658,0.36372113,1.1316803,-0.46876782,1.338771,0.9227911,1.1382959,-0.08719752,-0.48425695,0.67218226,-0.110190526,1.2937055,-1.4528708,0.498901,0.33337995,-2.2827344,-0.33054948,0.26232556,0.008075723,0.25097597,0.90725833,-0.12884578,-1.0721632,-0.67582256,2.2012913,0.14030017,0.59681135,0.60817003,0.98028064,0.65897673,0.73252773,0.7417976,-0.10078689,-1.4375952,-0.79335904,1.3508083,0.3159815,1.0958524,1.2678428,-1.429925,-1.2751648,-2.029786,0.37932056,-0.8749211,-0.5845247,0.14022219,0.46777293,0.053183757,-0.012388983,1.4432372,0.0009300943,0.010553336,-0.35348353,0.61280674,-0.39927864,-0.14490509,-1.5538596,1.1276997,0.46662048,-0.9385596,-0.29209077,0.35691762,-1.0376699,1.4082328,1.5372927,0.87041515,0.8239361,-1.2555228,-0.3203933,-0.06240736,0.023988044,-0.6840922,-0.50107265,-1.8807908,-1.3902915,0.29639193,0.5952084,-2.0894477,-0.67891943,1.0125811,0.17963248,-1.6166221,0.5776844,-0.115496926,-0.45671144,1.5611987,1.1414926,0.22549014,-0.5190734,-0.11434479,-0.5722908,0.5151995,-1.144665,0.7681357,-0.5076343,0.4930572,0.9615039,-0.8054963,-2.8843026,1.1456302,0.3054673,1.7480172,-0.6899689,1.1684983,2.138093,-1.2536834,-1.4843583,-0.32508513,0.60751086,-0.203108,0.36485454,-0.93620765,0.69571525,-0.18086997,-0.28736764,0.8798916,-0.72747695,-0.20349072,-0.30464897,0.5253264,0.41844717,-1.4712958,2.0663455,-0.62599856,-0.7852347,0.46294,0.8326383,0.40960032,1.8423246,-0.31013942,-1.4438677,-1.8859464,0.4998875,-0.15926427,0.36048368,-0.6550705,0.75017047,0.12721896,0.53000045,-1.2961621,-0.38400882,-1.0386614,0.4062153,1.2739615,-0.5200561,0.120594844,1.0272789,1.0297688,-0.057684876,0.34146148,2.472066,-0.44223115,2.4772549,1.442479,0.3665977,-0.1525066,0.5592335,0.31551698,-1.9333072
http://www.benchmark.org/family#F6F86,-0.48560885,-0.39272553,0.8238953,0.6463641,-0.25731224,0.25405204,-0.10157346,0.46052167,-1.4573921,0.583661,-0.85417014,-1.5994959,0.09951347,0.07177049,-0.07537243,-0.29845297,-0.43305227,-0.171392,0.19446407,-1.1359196,0.45053926,-0.65034384,1.0971032,-0.31492415,1.8967595,-0.1797001,-0.70078605,-0.21219337,0.31747648,-0.29211244,-0.18261768,0.23373099,-0.19924419,0.020188427,0.42687804,-0.10367086,2.0513148,0.4435818,1.2884458,-0.078316495,-0.34426662,0.55352426,-0.17961982,-0.9337976,0.3858947,1.321307,-0.5317774,0.9353924,-0.41780043,0.25505957,-1.1899688,-0.9004967,-0.53772026,0.038333777,0.5050099,-0.8603696,-0.089022204,0.5719276,0.21464682,0.3366176,0.5388697,-0.17463431,-0.7281722,0.052707154,0.29336116,0.079555966,0.121214665,0.7768843,1.7417154,-0.38391954,1.4003422,-0.5615113,0.33768463,0.37936768,-1.2613093,-0.011969295,-0.40224415,-0.07130866,-0.14092858,-0.045325138,0.3724023,-0.18936771,-0.30085692,0.31391436,0.9802853,-0.7853779,0.05052604,0.011773059,0.5417216,-0.8087025,0.48320246,0.17643759,-0.2553854,1.1233888,0.48863158,-0.67971385,-0.07273283,-1.5442641,0.16013308,0.80583656,-0.45404163,-0.491595,-0.4155493,-0.5861837,-0.09898204,1.8988168,-0.48923782,-0.15656365,-0.2719717,-0.0861665,-2.1290615,-1.0245347,0.27331188,-0.039824307,-0.67714137,0.42755258,-0.22298832,0.19500947,-0.06037715,0.2271884,-2.3652217,0.012330805,0.5615967,0.14288072,-0.2450891,-0.033488348,0.4139697,0.02850663,0.91239446,1.2695073,-0.12708262,0.05771763,0.3552567,1.4950147,0.90359527,-0.4961519,-1.3565545,-2.0943887,0.043578185,0.85773313,0.011164259,-0.6871479,0.4138239,-1.4728593,1.3851511,-1.1433363,0.37727034,0.29162255,0.91369146,0.23709731,0.80705696,-1.9242995,0.39772272,0.9852939,0.20070025,-0.69442976,0.83411115,-0.10285739,-0.99230576,-0.6548483,0.71181047,1.2890269,-0.9882396,-0.05759026,-1.3623854,-1.232995,-1.2953311,-1.5672822,-0.06426705,0.50120646,0.3189245,-0.21393794,-0.2637615,-0.6781517,0.68748456,0.1884354,0.31943977,-0.9757135,0.017620714,-0.25357658,-0.08096949,-1.2187073,-1.5668675,0.155578,1.2106158,0.12081487,0.6797493,-0.11614928,-0.67685616,0.35251823,0.77683115,-0.29190195,-0.10214658,-0.6295749,0.6443606,-1.9802858,-2.2142763,-0.7055017,0.80546314,0.7416081,-0.21154244,-0.03713609,-0.038016193,1.4654341,0.62941194,0.82535535,-0.39392403,-1.0238119,2.1239212,0.6170771,0.37309888,-1.2513156,-0.25947344,-1.4330066,0.2615286,-0.17715964,-0.48750767,0.49338883,-1.5999777,1.3139675,-1.2357049,0.73912895,0.093434334,-1.1219027,-2.0543475,-0.02511092,-1.5876848,0.21601091,-1.4045296,0.08849219,-1.2556913,0.8592728,-1.6838027,1.2317902,-1.7161546,0.37044132,-0.5035781,-0.39101028,-1.4297227,-1.5875442,1.4976804,2.4622588,2.0526044,-0.037428305,0.059864692,0.6991228,0.12584135,1.859593,1.2602351,1.3813553,0.09085282,-1.7016679,1.1025603,0.60060954,1.4461242,-0.14715868
http://www.benchmark.org/family#F2F12,-0.42445424,0.1846354,1.5799729,1.5702771,-0.019105019,-0.075491704,0.9356256,0.15643267,-0.16392991,0.33799958,-0.47884363,-0.729482,0.24677262,-0.16950354,-0.47359222,-0.9870169,-0.80302095,-0.75081795,-2.011236,-0.7217165,-0.5725028,0.2337119,-0.07638763,1.2753246,1.479586,0.5927146,0.9395149,-0.65334517,-0.30996275,-1.15171,-0.96510977,0.22832745,-1.2233661,-0.9166351,-0.018110774,0.1834041,0.40739906,-0.10878647,-0.5215983,-0.095184244,0.1693687,0.7701428,1.0663997,-0.5147874,0.7777702,0.03097108,0.15306339,-0.103903994,-0.66368,-0.5580533,-0.49666438,0.58888954,0.23808973,0.36540943,-0.12686366,-0.7877985,-0.049453836,0.633689,-0.23018883,0.16209784,-2.5842094,-0.22980055,-1.4939942,0.2927699,1.0024792,0.7002856,-0.06926038,0.13157803,-0.14804241,-0.18251146,2.004006,1.6893681,-0.42762458,-0.039995212,0.37848788,0.6059635,-0.3219092,-0.3085284,-0.2570446,0.11735447,-0.42473954,-0.18319419,-0.8114728,-0.67560065,1.0263935,-0.3322579,0.45377564,0.13944083,0.3864468,0.35155076,0.056943513,0.14920188,-0.07507507,-1.426099,-0.54590565,0.2148104,0.4400413,-0.195102,-1.2269952,0.47735545,-2.245181,-0.44873405,0.21748349,0.6109913,-1.14986,1.0291594,-0.08184356,-0.24376202,-0.3130781,0.41262537,0.069776654,0.0446156,-0.5862401,1.2383689,-0.7758068,0.10581777,0.72516406,0.9164778,-0.43442655,0.9622667,-1.6976291,1.2762529,-0.8014584,0.054909904,0.16095898,0.017708642,0.7099815,0.26539704,0.12062474,-0.7529481,-0.66484404,-1.1142452,1.6724986,1.0722611,-1.0987751,0.7946854,0.4109042,-1.4184465,1.2489641,1.8908576,0.08271369,-0.15333237,0.107971884,-0.3278935,0.5678584,1.7030163,1.8802187,0.6265417,-0.27226073,-0.13424331,0.8331051,1.158028,1.542838,0.5966116,1.2359335,-0.30933708,0.53488684,-0.86282665,-0.44647107,-1.0606008,3.2610617,0.9957771,-1.6926899,1.3405923,0.64778996,-1.3331656,-1.9919168,-0.7737916,-1.2744175,-1.4323012,-0.29891163,-1.2719218,-2.3541346,0.7801197,-1.7169026,0.40893462,1.9644899,1.401184,-0.20612337,1.5192691,-0.3893058,0.43996194,0.088065,-0.7974515,-1.4460554,0.04033983,0.26741397,-1.3254695,-2.1600676,-1.4395642,1.3809103,1.618393,-1.6108984,-0.3061021,-0.31601626,-0.19317184,-0.35434422,0.9250689,3.0056264,-0.3195825,-0.5758622,0.6976886,-0.40625867,-0.113654576,0.38091734,1.4207137,0.8185729,0.0034716732,-1.3906943,-0.012158387,0.4200509,-0.032774016,-0.54406005,0.40660298,0.3925086,-0.13716294,1.5183704,0.97784173,-0.8652068,1.2542226,0.32752413,3.195442,-0.952336,-1.4130285,-1.9297494,-0.35336605,-0.61866593,-2.2312596,-1.2018234,1.2157309,-0.8168272,0.5984927,1.1205382,0.35651731,-2.0317667,-1.3585817,-0.14641643,-1.0068989,1.723603,-1.5207806,0.58700216,2.0899847,-0.81254965,0.6608343,-1.3763018,0.55404013,-0.20291024,-2.3914733,1.0060345,1.4112223,0.859489,-1.0316811,-0.97449756,0.3039936,0.6850828,1.0007861
http://www.benchmark.org/family#F9F150,0.7381087,0.27937663,0.3388268,1.3466101,0.3541706,-0.8238278,0.47406614,0.849374,0.20672536,1.3833576,0.59760505,-0.26029712,0.4098356,0.1074122,-0.051847123,-0.568575,-0.43754968,0.93586975,0.5138268,-0.11782843,-0.11082722,0.58167326,0.46852025,-0.49843368,0.011070985,1.5611205,-0.5019075,-1.0749259,-0.4675062,-0.09983234,-0.26385063,0.4724355,-1.3531483,-0.7763474,-0.037099134,0.0884828,0.9099943,0.6914163,0.38225636,0.69888765,-0.024336532,-1.0725955,-1.5941933,0.8836064,0.07974356,-0.29277897,-0.60244304,1.038479,-0.6242942,-0.65843964,0.2782942,0.1909385,-1.103381,-0.5213106,-0.15439525,-0.9962503,2.0061815,-0.26621357,1.5505637,0.62588847,0.7774604,-1.6423899,0.54093117,-1.3872058,-0.08619971,0.2033585,-0.04872802,-1.7824111,0.34347418,0.9146112,0.7257858,-0.009781937,1.2733533,-0.35744506,1.4435923,0.24582256,-0.8263419,0.47126368,-0.069743216,-0.057694547,0.82729936,0.048880022,-0.4949096,0.007579571,0.36064556,-0.49750397,-0.25162145,0.059242688,-0.4538415,0.26173627,-0.51157504,-1.659317,-0.54698235,0.23035507,0.55483556,-0.10784338,0.73999035,0.0061364644,-0.16632964,-0.08898513,-0.23452543,1.9497459,0.15696365,-0.100260474,-0.4076233,-0.49493262,0.93877125,-0.22659099,1.3681664,0.28483525,1.3340954,1.2701279,-0.5608712,0.8438373,-0.01808362,-0.28391427,-0.49194518,-0.7325783,-0.20262933,-0.4198398,-1.5287559,2.43332,-0.5728917,1.0750165,0.51574,-0.08995971,-0.74678755,-0.517206,0.9855681,-0.29300547,0.17594582,0.29476064,1.457768,-0.18470362,0.37740278,-0.8148004,-1.3816694,0.19910245,-0.655966,2.359456,-0.23420867,-0.39296556,-0.20465799,-1.0781531,2.5622187,-1.0014817,0.7012875,0.522563,0.3713473,2.5799181,1.9055264,-0.52289695,-0.04502078,0.2285639,0.425116,1.4267399,-1.7182268,0.5783898,-1.2238494,-1.2120723,0.23495719,0.8710933,-0.14828263,-0.0582356,0.89397734,0.9115493,-0.94998807,-0.20101923,1.1053553,-1.1882615,0.17324986,0.06753947,-1.2241006,0.55811006,-1.801174,-0.18855906,0.37361634,-0.39841074,-0.7350918,1.8599339,-0.16808401,-0.44938895,-0.9545685,0.33019462,1.1643097,-0.8222814,-0.022256818,-1.2729056,-0.42745942,-0.8210275,-0.2257748,0.7272294,-0.50357705,1.1916687,-0.30827674,0.90773445,1.4943757,0.6345431,0.9003549,-0.7908392,0.29285544,1.9247016,0.4218755,1.9373988,1.3905195,-0.46194023,-1.7723962,1.6242775,-0.3129174,0.57454973,1.4796082,-1.103357,0.0565653,0.62755996,-0.054795057,0.12388114,1.7971457,-0.7535289,-1.7033331,0.92400974,1.0396941,-0.24394508,0.42310718,-2.2795312,0.56154966,-0.25884813,0.63537216,-0.6317248,-1.8408437,1.9984754,-0.97476035,1.9765805,2.3266733,-0.053558353,-2.5892587,0.10809345,-0.19355546,0.29328248,-0.39358622,0.06467506,1.0541787,0.79076666,0.17267153,0.8007201,-0.16676502,1.0502666,0.13062745,0.67806935,-0.49702847,1.8594127,0.776159,-0.9350586,-0.7259756,3.1128817,-0.16585056,-0.36740208
http://www.benchmark.org/family#F9M159,0.44885752,0.15460573,-0.3688079,-0.2455666,0.16796954,-0.16089495,0.5516995,0.086448036,-1.0584604,-0.6591868,-0.40887588,-0.095483504,0.884393,0.11560144,0.6229931,-0.24719137,-0.8349291,0.1793434,-0.08590083,-0.22175731,0.15721022,-0.26968464,0.31702158,0.2599131,1.255005,-1.6239837,0.29830593,0.21482044,0.19724256,-0.5731553,0.16313183,0.84423786,0.5944483,-0.18886463,-0.36018035,0.016297735,-1.1102322,1.2268804,0.49079743,0.9755622,-0.7119634,0.35066158,-2.0812573,1.9325894,-0.43718976,-0.3340055,-0.2941548,-0.16956209,0.15026507,-0.52006435,-0.91551375,-0.7548563,-0.5414705,0.016512452,1.5348673,-0.4299021,-0.17887935,-1.3650256,-1.2729154,0.72794414,1.1550264,-0.5798943,-1.3008642,-0.20275624,0.7783216,0.8660351,0.40741998,-0.45018464,0.031832878,-0.058064308,0.72260153,-0.32943293,-0.27771068,0.568765,0.22440736,0.4261226,-1.141519,0.8096474,-0.2702123,-0.20399429,-0.94581515,-0.56240684,-0.8435001,-0.013854467,1.5585312,0.7212875,-0.94828767,0.9382409,0.464952,0.098665774,-0.64433986,-0.11715039,0.10509881,-0.5126652,1.337722,-0.97096336,-2.081395,-0.027561259,0.8784711,-0.9627952,-0.43247423,0.13015069,0.06212471,0.715875,-0.16264938,0.6083034,0.26377356,-0.5535007,-0.020463841,-1.3934556,0.604841,-0.64161664,-1.5599214,0.16368204,0.78582364,-0.04549219,-0.114434876,0.9476198,0.3020226,-0.6368223,-2.623872,-0.61571,1.5143126,0.18172297,0.22300681,-0.34185675,0.5121072,-0.8500703,0.012619637,0.10598399,-2.129739,0.12671494,-0.38909724,1.1824255,-1.1535245,0.06737397,1.1712921,-0.30663967,-0.96913326,-1.2411108,-1.6908439,-0.3915693,2.2182534,1.0911653,0.6997862,-0.89710295,-0.56482977,-0.30497903,-0.15976584,-0.17163824,-1.4667357,-2.2485058,-0.3688389,1.0040494,0.014108412,-0.4899192,0.68045825,0.6809619,0.11379173,2.1470847,0.6815462,1.163562,0.7509599,1.3162941,1.7646703,-0.46156946,-1.5555259,-0.15936568,0.86309403,0.96597475,-1.5911627,-1.2192724,1.3462322,0.12516485,-0.39188972,1.1223583,0.36674398,-0.08185863,1.0081761,0.5141914,-0.7321375,-1.145991,-0.12663895,-0.05703856,1.049585,-0.43292776,1.8372142,-0.45164493,-0.9656522,-0.7853294,0.1097673,1.5903168,1.9674574,1.0934055,0.35320184,-0.4546035,-2.6851397,-0.58424526,0.22995669,-0.8588402,-0.10531694,1.1590836,-1.6274533,-0.79990774,1.8540492,1.9198883,-0.39231938,0.8791892,0.7384392,1.502282,2.4692123,1.0987917,0.9259312,0.44545802,1.3235743,1.1910789,0.15373905,0.22491403,-0.47213507,-0.20987193,-0.7218098,-0.64587414,-0.37031955,-2.3726728,0.7655358,1.2977923,-1.0722071,-3.6743593,0.57453793,0.7968013,0.62487566,0.5948448,-0.036849044,-0.5385752,0.75166804,-0.8245556,0.6903433,-0.032412138,-0.4620192,-0.87313485,1.5647861,0.7490307,1.3418838,1.4064673,-1.4052858,-1.6737025,-0.77788013,1.2777469,0.0341285,2.0402665,-0.19242889,-0.5415824,0.30998382,-0.07748216,-0.27024636,2.649988
http://www.benchmark.org/family#F7F114,0.594627,0.11604739,0.43587843,1.4975406,-0.47744834,-0.5263412,-0.07848418,0.076702945,-1.7995962,0.053840566,0.7858457,0.72861505,-0.8209899,0.29791042,-0.08867045,0.88172543,0.21939379,-0.37794054,0.9068645,0.36584634,-0.48793125,-0.7271299,0.42165232,0.96339566,-0.500005,-0.31313226,0.694138,-1.847304,0.3013628,1.8804265,-0.46070963,0.5901274,-1.2441269,-1.444435,0.81251556,0.3603964,-0.43223745,-0.07652885,1.3149693,0.18955241,0.4435375,0.0806717,-0.32053334,-0.5901156,0.34603757,-0.24287415,0.7244604,-0.8453612,0.7862347,0.16111551,-0.3684821,1.0900376,-0.16924271,0.10295382,1.1996465,-0.47118637,-0.11874182,0.13950242,0.11180147,0.9199505,0.8884722,0.6591362,-2.05254,-0.28541002,-0.09919704,-0.58286965,-0.46489605,-1.5569909,0.7319313,-1.4734949,2.3111255,0.005562453,0.13256676,0.23162319,-0.00014372151,0.13857499,0.53858805,0.32015514,-0.7492554,-0.21352282,-1.5254512,0.50182825,0.1009978,0.2898755,0.6784823,-0.96291757,-0.70653516,-0.08172343,0.04970055,-1.7824792,-1.3971704,-0.84303695,0.5664315,-0.041735303,0.4350005,-0.5031972,0.9540039,0.3148498,0.5878627,-0.14699689,-0.17485839,-0.108610936,-0.10740442,0.1946709,0.3414096,0.25539124,0.0022444972,0.92851454,0.6657711,0.23633122,-0.8775741,0.45822832,-0.042993486,-1.8579769,-0.51981866,1.0225267,-1.6914173,1.079706,0.47522625,-0.19854411,1.3044512,2.5609539,0.18438815,0.26048496,0.42140183,0.23340021,0.61514395,-0.57586694,1.0949368,-0.19020662,-0.97447103,-1.0109484,0.7116106,1.5244489,-1.5910864,-0.40296653,0.7447409,0.56972116,2.2753742,-0.22407983,0.23282865,0.38595217,1.059644,0.26440507,2.2241764,-0.9431972,-0.0024556057,0.036721162,2.453947,0.772623,0.28480092,-4.6618414,1.4156938,0.57317364,1.096578,0.57340586,-0.78808343,0.83183974,-0.8894288,-0.50944394,1.3514235,0.6893522,-0.0900743,-0.52496547,1.038371,0.73831874,-1.4615619,-0.8049309,1.163058,0.22998162,-0.59681064,0.06838314,-0.12409354,0.705624,-0.297763,-0.38302135,0.20096979,0.36429432,-0.5290414,1.6358504,1.8821143,-0.090092055,1.417059,0.91369814,0.3774053,0.24206102,0.5711572,-0.046933156,-0.7459092,-1.9914501,1.4867537,0.68091846,-0.48223096,-0.8115281,-0.51634985,-0.8469955,0.7348602,0.4951798,1.9723135,1.3132381,-0.029876078,1.5213233,0.63093036,-0.050627384,-0.47979015,1.6294131,-0.43085173,0.17041847,-1.2174187,0.42388743,-0.23761669,-0.017717762,0.6104409,0.5312542,0.53658104,-0.017721437,1.8859019,0.17707258,-0.5093844,0.27367827,-0.8695157,0.14180411,-0.67956865,0.17863694,-0.53807604,-0.041921753,-0.55262756,-0.52345103,-0.4846239,-0.052963182,1.4624028,0.38182938,-0.83310854,0.34756678,-1.8209352,-1.0087686,0.9888455,-0.96852165,-1.7553045,1.3024898,1.3030627,2.7087605,0.8913626,1.0684593,-0.6120088,-0.46070567,-0.085077964,1.9550618,1.4524431,1.5615118,0.87008214,-1.1648835,0.60761315,1.4073737,-0.5518431,0.2127903
http://www.benchmark.org/family#F7M131,0.9490082,0.6269768,-1.6152841,-0.771097,-0.54460984,0.19831817,0.7993486,-0.35962805,0.27494925,1.4605184,0.9156518,-0.2732513,0.5261786,-0.8151827,-1.2967968,0.45503834,0.20543581,0.843679,0.08826308,0.08378627,0.639106,-1.1075602,-0.5034021,2.0075336,1.4903255,-0.28041336,-1.2187817,0.6767688,-0.0011112068,-0.18726762,0.26205012,-1.1822159,-0.34603587,0.27252248,-0.1682012,0.1784889,-0.6473589,0.071434475,0.2573892,-0.8135525,-0.42389908,-0.5689103,-0.04858603,-0.001118746,0.8589927,0.38554955,1.3764013,0.43609688,-0.022696378,-0.86509883,-1.38905,-0.14294378,0.048666336,-0.7895914,0.21936037,0.20094226,0.01808357,0.7411464,0.16273923,0.16701539,1.6122483,-0.113770075,-0.21255958,-0.67529106,0.09269561,0.24996817,0.29643995,-0.28121173,0.66097045,-0.81866366,0.9091828,0.5557661,0.12344329,-0.34320354,0.026957884,0.066074654,0.42160955,-0.36044827,-0.91853046,-0.16401643,0.51726025,-0.15751833,-1.2343392,-0.7000065,-0.5043627,0.7418976,-0.0665049,0.13734756,-0.4641634,-1.119062,-0.34873545,-0.20031758,-0.15175988,-1.2573059,0.19180277,0.45872456,-0.10320137,0.26780763,-0.14702031,0.15479532,1.3624555,-0.4817371,-1.0424858,0.46766797,-0.0867816,0.48371533,2.0628622,0.35025337,0.06883591,1.4818317,0.71511227,1.4202461,-1.3032547,-0.88323915,0.16261506,0.45013177,0.5631669,-0.013904748,0.24277125,-0.51370573,-1.2737414,2.0061264,-0.33227065,0.62811613,-0.4126943,1.0234728,0.782213,-1.1013472,0.64433295,-0.24798805,-1.6301613,-0.19950739,1.5472767,0.55613405,-0.7208552,-0.23718534,0.9170338,0.107028484,-0.9070235,-1.2771531,-0.5174905,0.6444718,0.8063694,1.392126,-1.1405077,-0.26002827,3.0492494,-0.5999992,0.85452855,0.2024358,1.2329882,-1.8640946,1.7048073,1.6438723,-0.008642277,0.03128484,-0.93821406,1.049719,-1.0054342,1.3551939,-0.81258595,1.7200755,0.26847386,1.492217,-0.17432192,1.1900296,-0.7138073,0.18193054,-0.14690511,0.9900559,-1.3452015,0.04258074,-0.26523107,-0.59190756,-0.18326883,-1.2812843,-1.7826078,-0.8655007,0.51293856,-0.32161412,0.999572,-0.7328247,0.81296253,0.7110174,-0.48675013,0.12584089,1.648112,0.25981265,-2.212981,0.10576179,1.8801079,1.660077,2.1184163,-0.03417491,-0.09690554,0.09051039,1.5914016,0.5565491,1.5750878,-0.40027687,-0.99693114,0.58306706,-0.5477991,-0.70850074,-0.51201206,-0.48666984,-1.1333747,-0.7417091,1.8798453,0.16793516,1.0844266,2.234446,0.28905743,0.562311,0.95474076,0.5724316,-0.8544516,3.1835215,-0.7164856,1.2380401,-0.5306266,0.99974734,-0.8226265,-2.6775625,-1.3492764,1.2808287,0.6554035,-1.5916426,0.50085896,0.6804248,-1.9935495,2.929544,-1.3606458,-0.02466278,-0.9282475,0.2692981,0.6321056,-0.8143956,-0.62295747,-1.0136143,-0.20776045,0.29348153,0.3748272,0.83397907,1.8294185,-2.287593,-0.34980264,1.887574,-0.35540974,-1.5039008,0.278358,-1.1488345,-0.92657334,0.6038979,2.2866716,0.25769883
http://www.benchmark.org/family#F6M78,0.6045822,-0.14598645,0.044937946,-0.24415232,-0.07171942,-0.07577539,-0.07218813,-0.40529394,0.7828523,-0.054913085,0.20518929,0.14871909,-0.14203157,0.51271033,-0.008784316,0.6651477,-0.6559492,-0.30605775,-0.3998453,-0.22047283,-1.5511082,-0.44091344,0.6420775,0.9326021,1.1077305,-0.32494906,-0.29039198,-0.44978058,-0.9682808,0.9535612,-0.14538912,-0.38859972,-0.5364225,-1.6400921,-0.8226187,-0.51080316,-0.9460154,0.46335986,0.18286222,-0.465083,1.1562258,0.042639107,-0.43223277,-0.35067403,0.55400586,1.3546962,-0.004536675,-0.15367621,-0.10604182,-0.19855393,0.76276225,1.8176954,-1.6224366,-0.38085526,0.10491914,0.4938343,-0.54425216,-0.7100126,-0.1839886,-0.95104027,0.8779007,-0.57411003,-1.8242687,-0.063454814,-0.09293453,0.65176016,-0.020187562,-1.1146048,0.1565895,1.2759715,0.80707216,-0.044114456,-0.4853651,0.54808223,-1.6876235,-0.1557362,-0.05940388,0.6791464,-0.60144424,0.30468476,0.7325016,0.30222368,-0.40263227,0.35158977,0.120610125,-0.14860015,-0.3728055,-0.07028351,0.14553139,0.24291475,0.05998574,0.52872175,-0.976473,-0.4049829,0.2121965,-0.96929514,0.09140491,0.15909773,0.40036565,0.19486283,-0.27740023,-0.94705874,-0.16831912,1.065136,-1.785088,-0.20117213,0.5960187,-0.9542943,-0.36148113,-0.06431134,-0.086602785,1.1630315,-0.4840599,-1.5623568,0.20393655,-0.6210576,0.19470105,0.3959436,-0.22191593,-1.2528101,0.9973012,1.3240839,0.035361573,-0.4374218,-0.022717912,-0.96332026,0.7388015,1.0568099,0.43283343,0.05906137,0.33390683,-0.71094996,0.19894111,0.117716655,0.9623512,-0.16203296,0.13406302,1.4451371,-1.151466,-0.3467236,-0.4878411,-0.23597467,-0.072868295,1.1585062,3.0585887,-1.0999194,1.732628,0.18709455,1.10293,0.2769216,1.0140873,-3.1193545,0.016806787,0.3945278,1.633272,0.4293141,-0.31209487,0.9783976,-1.4470981,-2.4579978,-0.03454075,2.0310998,-0.3076966,-0.20638418,1.7917547,-1.3282518,-1.5413921,0.793779,0.89072096,0.84937644,-0.8313643,0.052309677,-1.3245727,-0.24833323,-1.4344232,-1.19938,0.34771365,0.7218619,-1.2301675,0.99440217,0.99521226,-2.005557,1.5537524,0.48693112,-0.47906473,0.29429382,0.8142634,1.4324508,-2.1696024,-0.6501811,0.047499865,1.9535844,0.28604665,-0.28062144,0.19809598,1.067746,-0.36246064,-1.5205708,0.85955316,0.148082,0.18773493,-0.35738608,-2.2585042,-0.76892567,-1.9435983,1.299209,-0.8103059,0.28258237,-1.5107771,0.48886502,0.7206209,0.6537761,-1.0547936,0.20734866,-0.18029106,0.023022793,0.67216843,-0.82978827,-0.6538036,0.7468706,-0.30401266,0.28197694,0.052078865,1.7892504,0.75009006,1.5893365,-0.44734222,2.5043333,-0.42324236,1.7679596,0.70383704,1.6623716,0.70164716,-1.3456601,-0.6394213,1.0763025,-0.25606963,-0.8631484,-0.28759465,-1.7578335,2.1092253,0.79427606,-0.691467,1.51815,0.82525295,0.10984201,1.8423003,-0.23736621,0.9737647,-0.050658043,1.0705415,-0.71774626,1.0385606,-0.030996095,-1.5393983,-0.90575594
http://www.benchmark.org/family#F9M157,-1.2838342,0.5109507,0.435039,-0.055829115,-0.4901301,0.68954265,-0.523588,-0.32678202,-0.23542,0.4821762,0.28734875,0.08625717,0.21213269,-1.8874621,-0.14911106,-1.4200581,0.33742163,0.110915706,1.1092861,-0.11748621,-0.28680196,0.122921206,0.19144964,0.13793309,0.48837164,-0.09524155,0.7484379,-0.9527878,-0.22018445,0.5158607,-0.628717,-0.14932063,-0.6481765,-0.39628628,0.32476085,0.6407476,0.09220912,1.3496418,1.4489577,-0.17045696,-0.36750838,0.24432094,-0.00800471,-0.34220335,-0.21955433,0.17848201,0.020531671,-1.21209,-1.2065892,-0.8920013,-0.24355368,-0.16817127,-0.111283,0.22372864,0.39758533,-0.018917797,-0.19580287,-0.09916442,-0.7714613,0.80854326,1.770462,-0.48584953,-1.3701539,0.3050975,0.026051642,-1.4376806,-0.16789594,-0.27021864,0.44793814,-0.23223029,-0.28110492,-0.3399353,-0.29994795,-1.3028812,2.3233266,0.17107862,-0.6027109,-0.7388373,-0.22022204,0.058334757,-0.55693954,-0.027973901,-0.20071128,0.43737423,0.22129011,-1.0728666,-0.03402529,0.011078725,-0.4403659,-0.6745199,-0.89441407,-0.31531417,0.16121595,-0.05574944,1.2071719,-0.47257155,1.1516936,0.30785513,1.0013765,-0.1788306,-0.33771375,-0.25291765,0.078113034,-0.0057229344,-0.36876085,0.13587716,-0.07549003,-0.28048795,-0.1781582,0.74100643,-1.3181914,0.6841046,-0.5828067,0.23036416,-0.37724182,-0.09096731,-0.27414554,-0.5087258,0.08830893,-0.13730916,-0.8668044,0.32038328,0.37022004,0.2860198,0.3615905,-0.09571298,0.51664776,-0.21527918,0.559308,-1.178955,-0.02600068,-2.5421333,0.5479657,0.6017357,0.7342303,-0.056956973,0.38389847,-3.4243407,1.6001537,0.2075613,0.67425275,0.072641596,1.1240746,-0.020680964,-0.31682125,-1.4482936,1.2553302,0.57463133,-1.0946517,1.025998,0.12958936,-0.4130011,-0.16204357,-0.04541164,-0.6327381,2.0206742,-1.6852188,0.24661249,0.17789729,-0.6851752,0.29770193,0.33501196,0.31327066,1.0667934,0.14024207,-1.3160702,-1.3660041,-0.7032366,1.2415484,-0.42880154,-0.12305739,-0.4202409,-0.032886732,1.9331772,-1.0407166,-1.9472747,-1.2337034,0.60899013,1.9433744,-0.8167906,0.09745072,-0.32984313,-0.56222075,-0.8810441,1.457475,0.5333831,0.7652006,0.8653467,-0.42840102,-0.48910967,2.275453,0.69199246,0.17557167,-0.21535824,-0.25210428,0.83684206,0.0003705842,-0.513881,1.6901969,-1.5317082,0.34937778,0.71013254,-0.45587155,0.1316745,-1.1028376,1.459521,0.0044833533,0.20639445,1.7507286,1.0407518,0.7639576,0.33123523,0.8443707,0.22824056,-0.017949626,0.82783705,0.6028535,0.66952664,-1.3937701,-1.5948894,2.0046113,-0.37303498,-1.3007604,0.40497464,1.6541446,-1.0631292,-0.43676573,0.80014944,-1.4291844,0.055373337,-0.65408033,1.4288281,1.004317,-0.41610852,-0.5938303,-0.43526086,0.65353304,-2.6059182,-0.62325364,0.033303663,-0.21446797,-0.08361167,1.2443725,0.78639024,1.4373434,0.35389602,0.31351835,-0.45250452,1.4457742,-0.50355816,-0.75355136,-0.5124269,1.4113529,-0.7228039,1.8836262,0.3275452
http://www.benchmark.org/family#F6F89,0.1573599,0.51989275,-0.27702188,0.8332074,0.75030667,-0.041581806,0.3964591,0.59998894,-0.48030895,-0.09170389,0.16015726,0.28691655,-1.4528575,1.1682295,-0.7940158,0.7379932,0.125967,-0.03494437,-0.20365718,-0.30118626,0.68096524,0.87000096,-1.2864571,0.9415962,1.0108132,0.8526297,-0.32230723,0.5811082,-0.30745476,-0.3109641,-0.35425404,0.9642147,-0.06855094,-0.3039555,-0.24019074,0.08130779,0.1831475,-0.33304164,2.028159,-0.37645078,-0.16858824,0.45606703,-0.2265326,-1.4961154,-0.74823636,0.8055277,-0.4642618,-0.23524292,0.85584456,-1.4455985,-0.36095163,0.22544168,-0.3375806,0.01860865,-0.47818395,-0.65526843,0.90097547,-0.38234067,0.8981595,0.494158,0.35271508,-0.15420587,-1.4866581,0.45510146,-0.04618142,0.81626344,0.17637624,-0.108584024,1.0201571,-0.88353103,2.138029,-0.06830504,-0.53545725,0.5877977,-0.04019201,-0.6593739,1.9456388,-0.05974545,0.11612289,0.052146215,0.8195895,-1.7140682,-0.50630593,1.1537424,-0.61915153,-0.6334336,1.9811904,-0.02271864,-0.16889895,0.044555545,-0.86562955,0.35892674,-0.97533214,-0.07056242,0.506121,0.40923962,1.3493052,0.03897002,0.22311588,0.80332375,0.06247632,0.14270642,-0.26992762,-0.88423705,0.46023682,0.2899958,-0.9007202,-0.038609616,0.6899201,-0.036629703,0.86577874,0.90336424,0.51026803,1.0300759,0.47826627,0.98422265,-0.36214647,0.13656282,-0.4583053,1.326526,-2.0402958,1.3346474,0.80681366,-0.3712409,0.2072786,0.12419415,-1.6065363,0.101719365,-0.42992154,-1.4004817,0.037700463,-0.44663855,1.8255215,0.65185934,-0.11142685,1.0492574,0.1842149,0.89605314,-0.05221401,0.9513229,-0.84759194,-0.79369,-0.5509421,0.3282639,0.121347226,0.057429012,1.587886,0.69932365,0.5970738,1.9209789,-1.4524851,-1.3887208,1.3362321,-0.23078996,0.023231924,2.4438593,-0.32467175,-0.14237155,1.1203036,-0.6412846,0.27814424,1.0027394,-0.6222318,1.1831462,-0.7076877,0.3707987,-3.3150225,0.23612686,0.17288435,-0.6813068,-2.3905442,0.46587256,-1.3071083,1.3583493,0.14114669,-0.50523263,0.7896541,1.4737332,-0.094761424,0.0434783,1.4482223,-2.023639,-0.7661092,1.0041926,-0.54370755,-0.2536988,1.089489,-1.0321121,-1.3981574,-1.086236,-0.35994428,1.0111585,0.805968,-1.0409777,-1.8800799,-0.58893275,1.0417742,-0.47635216,-0.1884468,-0.0779792,1.3353454,1.3613577,-0.89859337,-1.3546413,1.3939946,0.34270144,0.4701157,-0.81526273,-0.30585924,-1.8230147,-0.3956297,-0.92746687,1.831114,-0.61423427,-0.3548912,0.2845061,0.122861676,0.21743967,-1.3006932,2.921247,-0.2829532,2.1645224,0.9752653,-0.5186095,-0.100720696,1.0714439,-1.564372,-1.3052617,1.232256,0.6405806,-1.0729767,-0.406413,-1.2417945,-0.44259503,-1.2085562,-0.39706954,-1.1879729,-0.46186706,0.8289942,-0.1829154,0.010278665,0.25696963,0.19272041,2.1596572,1.2652329,0.50295216,-0.5307665,0.24480236,-0.18388696,1.3270844,-0.13263947,-0.18749468,-0.6571488,-0.75690067,-0.2859937,0.85671544
http://www.benchmark.org/family#F10M199,0.68512744,0.58682305,0.41111863,1.1229429,-0.47993973,-0.39080068,0.42116332,-0.7241972,1.6998504,0.66028494,0.004462112,0.5810439,0.2462502,-0.16336077,-0.43308705,0.54995346,-0.6823303,-1.4931886,-0.38768098,-0.49723104,1.081473,-1.178057,0.7237149,0.4232888,1.4947559,0.67924684,0.030600507,-0.44633874,0.2585485,0.33920896,-1.4242632,0.6847158,-0.8484783,-0.16727132,-0.07070713,-1.73026,0.47670436,0.3352574,1.1038249,0.16080053,0.5932547,0.4436182,-0.8304441,-0.5474318,1.8841773,1.3118713,-0.48159912,0.04453866,-0.36031395,-0.5124447,-1.1463377,-1.1707506,0.2796609,0.49935013,-0.14921826,-0.499564,0.31301284,-0.035510574,-1.0722877,0.53688145,-0.632655,-0.97033584,-0.04040317,-0.67260957,-0.6416331,-0.024645535,0.08589203,-0.3784893,0.09396029,0.58890057,-0.6429089,-0.19505306,0.3318772,0.7380626,0.07322012,-0.1579689,0.75699395,0.38243574,0.45718482,1.4926127,-0.56165487,-0.8065113,0.23884948,0.27211517,0.58161265,-0.36116317,0.4065551,0.043324888,-0.3348951,-0.019378655,0.3522375,0.07106115,-0.39796925,-0.22743297,0.9948812,-0.9684401,0.20895521,-0.09311918,0.6998172,0.08563015,0.046423648,-2.1988862,-1.2262458,-0.40591627,0.027803738,1.9680426,0.15882184,-0.29289365,0.16649763,0.7172096,-0.4438216,0.45489576,0.3503847,-0.2551061,1.0706315,-0.42689833,0.7411865,-0.99457484,1.2965121,-0.5535288,-1.2041118,0.78673977,0.40642372,0.20653091,0.24195005,-0.43352976,-0.9080856,-0.07800664,0.69828546,1.8197081,-1.2052119,0.05772019,0.8443906,1.5945086,-0.112784065,-0.029302811,1.6700674,1.6221976,0.38560888,-1.6221352,-0.23276648,0.005157571,-0.31220904,0.7992208,0.81794846,1.1916414,1.0518434,-1.7879174,-0.39140043,-0.055772875,0.07306515,-1.3420544,1.7966266,-1.1647933,-0.023947718,1.2407043,0.33391467,0.5358009,0.26619196,-0.13555318,1.0036671,1.3154147,2.957911,1.0331795,-0.53846186,-0.024258072,-0.97062755,-0.5108975,-1.4420934,0.42544946,0.7101924,-2.1651354,-0.20375343,-1.1815103,-1.0879066,-0.8311756,-0.2692245,0.785049,1.9334784,-1.0158236,-2.2700958,-0.8313455,0.38445148,0.8248747,-0.3124488,0.18624689,1.9379412,0.5747476,-0.65026426,-1.002121,1.0692321,1.8670682,1.2811217,1.3498684,-0.79779637,0.8035908,-0.8037047,0.10240129,1.0627288,0.33558643,0.9415327,0.47458175,-0.4275205,0.04849675,-0.65407616,-1.4591327,-0.47205588,1.445749,-0.8711645,1.1537192,-0.2526233,-1.0986557,0.6484899,0.44632626,-0.98913246,-0.9696249,-2.2973962,-0.3547706,-1.6293122,0.39905542,-0.783613,0.38201705,-1.3677537,-0.9384731,1.8384076,0.09458567,-0.2963708,-1.0843413,-0.14734459,1.0296438,0.52979755,-0.29402116,-1.5456281,-0.2863748,0.11242522,-1.0942438,0.705112,-1.3271607,0.20071766,0.7382339,1.3670226,-0.7525983,-0.027481537,1.7192245,0.22087845,0.22513492,0.14143744,0.81369096,0.64472,-0.5898042,-0.42315027,-1.0402486,-0.27212545,0.83351356,1.1420221,0.20660485
http://www.benchmark.org/family#F8F137,0.046552286,0.39649984,0.0048884903,0.51497173,-0.34359363,-0.8282302,1.1226038,-0.65972614,0.13894124,1.6654303,-0.75374025,-0.44875672,-0.03689721,0.6596195,0.33496183,-0.41764462,0.8483056,-0.54671043,1.3118776,-0.7593269,-0.970294,-0.44975448,-0.3462295,-0.6466328,0.58854467,-0.1256541,1.2767091,-0.21546781,0.73012775,-0.3142564,0.8459129,-0.0832214,-2.5841885,-0.8954089,0.017808424,-0.6945445,-0.2405763,-0.35394397,1.5512059,0.36415994,-0.06422553,-0.8803318,-0.41314855,0.39556536,0.37059584,-0.15966235,-0.12684463,0.34009308,-0.45567968,-1.5383394,0.76922494,-0.42852345,0.6331466,-0.48061833,0.08882956,0.077425554,-0.055434667,-0.9442991,-0.35899025,1.1207925,-0.66866165,-0.85294896,-1.0482078,0.8695225,-0.6598689,0.23728754,-0.27801028,1.4347526,-0.26040158,0.6103236,0.13947982,0.114639744,-0.16487281,-0.7492262,0.5565043,0.39416704,0.67050076,-0.44099057,-0.12231142,0.14385746,0.3881367,0.557174,-0.8076364,0.19593655,0.5676039,1.731744,0.2718459,0.5881505,-1.5685118,0.35105112,0.05998071,-1.1382987,-0.68377584,-1.4994653,0.3646672,-1.1311972,-0.6698411,0.31117177,1.3581288,0.49141812,-0.6142456,0.3466966,-0.19903862,-0.23672089,0.4323466,1.0034539,-0.4709814,-1.2660264,0.11503297,0.5664489,-0.65375966,-0.036787603,0.19228046,0.14312878,-0.16311629,0.109620705,1.3065155,-0.5628519,0.26626226,-1.8092101,-1.1390826,1.2249728,-1.9174051,-0.28821778,0.8377296,0.5560737,0.30289087,0.20241086,-0.24887282,0.807059,-1.0412766,-1.0263759,0.92490137,1.042666,0.20275913,0.093318045,-0.65834343,-0.41302285,-1.3655996,-0.118352525,-0.6227127,-0.6959589,-0.23628801,-0.73261493,1.0133859,0.43041503,1.9767828,0.31063098,0.7438848,-0.7892931,2.6786132,-2.0372603,1.1861298,0.04798961,-0.19280127,0.39989066,0.3799778,0.5436359,0.2514483,0.178488,-0.18720742,0.3233443,0.99028075,-0.08683854,-1.9917603,-1.1138363,0.17692724,-1.2318747,-0.60959184,-1.1048325,-2.445434,-1.2799948,-0.028333435,-0.50240433,-0.26323745,0.6011053,-0.14066923,1.0663666,0.48219556,0.41122034,0.2976828,-0.11506533,-0.81471866,1.0774009,-1.2580856,0.068506494,0.74273175,0.38522992,0.99541485,-1.7246752,2.681026,-1.6212175,0.6275012,0.22881338,0.08338266,0.37641183,0.68965626,-0.8037864,1.2184932,-0.071037106,0.08629366,2.1435776,0.81945974,0.65655816,0.4755456,1.4401995,0.03540261,1.0952836,-0.6247528,-0.9942813,2.0005248,-1.0363498,0.41727692,-0.38344252,-0.71207154,-0.08466644,-1.4182714,-0.43055362,0.59831226,0.94416744,0.98679143,0.9751618,-0.37275067,-0.20128013,-1.7238029,0.49427783,0.37362733,-1.3536104,-0.8734372,0.31266317,-1.2753059,0.4102071,-1.1993374,0.5357013,1.3697667,0.5315002,0.39940628,-0.07634631,-0.93455935,0.5569706,1.7668033,0.17240861,-0.064588495,0.24202949,0.2360627,-1.9414421,1.112945,1.0180041,1.299552,0.94332725,0.5927806,-0.23024955,1.4035566,0.3429432,0.31872994,-1.2353144
http://www.benchmark.org/family#F9F154,0.44307435,-0.29739633,0.8249629,0.6883787,-0.027336203,-0.6223982,0.83692294,-0.78081834,0.06341479,0.96133703,-0.3667615,0.6600027,-0.26359087,-0.10926341,0.4977279,-0.5076387,1.7715523,0.008419584,0.411929,0.42371598,0.12420569,1.6078762,-0.37386608,1.5239036,0.17408007,-0.18972223,0.17927195,-1.9820969,-0.010957926,0.05574812,0.20214675,-0.46304098,0.023619654,-0.52623427,-0.0025672396,-0.41791418,-0.0031256964,0.32312936,0.5327441,-0.5161005,-0.27853692,-0.67333084,-1.1941388,-0.89507246,-0.019735023,1.0152363,0.5644564,-0.015513188,1.4811634,-0.33180776,0.26423916,-0.11060287,0.7722343,-0.3701459,0.95537776,1.2972444,0.96913624,-0.5430427,-0.47704056,1.1232699,-0.6588723,-0.5344392,-0.8495,0.33605552,-0.14703664,-0.42357767,1.1685581,0.052402228,0.96551394,1.0034769,1.6289254,-0.20687482,0.29650027,-0.29443622,-0.20110951,-0.91925365,1.1780924,2.1088727,-1.3932755,-0.54950905,-0.6668687,-0.8289533,-0.2445371,1.2960122,0.59178567,-1.2724932,0.063439384,0.0657175,-0.33041087,-0.09014976,-0.4265403,-0.40007955,0.85901004,1.000343,0.4139034,-0.3608545,0.27801114,-0.5162247,-1.1914908,-1.2093529,0.13617338,-0.32973439,-1.2806219,-1.1941848,-1.3324238,0.7887515,1.7893574,-0.100813925,1.0756261,-0.27354357,1.6368219,0.87497467,-0.43888965,1.2408608,-0.48473796,0.5706176,-0.011401268,1.6173098,-0.030083558,-0.94653666,-2.3805568,1.2576492,1.3750407,1.428528,-2.1409118,0.06485285,1.1526617,0.39113802,0.8978218,-0.3495029,-2.2841418,-0.8848517,1.2015051,1.6330676,-1.8598572,1.1681577,0.685742,0.37939167,0.3343691,-0.23493403,0.8357848,-2.1799517,0.5414935,-1.6018143,1.9754,0.37913644,-0.054626536,0.9448617,1.1935954,-0.022341242,0.54674375,-2.3366458,-0.038193833,1.0622646,-0.49820554,1.5489347,-2.2403135,0.75372434,-2.1091838,2.4886777,2.1303003,1.4478142,0.367331,0.6254371,-0.2512206,-2.4369028,-1.5990666,0.04509284,-0.20376739,-0.7811188,-1.1912688,0.1737788,-0.62497544,0.22025703,1.5509531,-0.59678715,1.1975105,-0.96044344,-0.65034676,1.7675946,-0.94138366,-0.60737634,1.222795,-0.24988158,-1.1705135,0.8336636,0.1320814,-1.0406401,-0.48765376,0.29209137,0.49838433,1.4951814,0.45751634,-0.26462692,-0.29528636,-0.75067323,0.030829135,0.41159478,0.41842553,1.5563763,1.1316955,0.81637484,-1.0496199,0.8219288,-0.6502571,-0.4721221,0.7864416,-0.6203387,-2.64607,0.23585974,-0.09041984,-0.25401756,0.4104887,-0.99076015,-0.8524896,0.67426544,-0.24614702,-0.042191,-0.49160656,1.402448,0.5345002,0.9847008,-0.6035113,-0.2633753,-1.2342532,1.0986843,0.29041615,-0.61823964,-1.5047958,-0.249177,2.2144833,1.6420459,0.23856628,0.07671789,-0.98230845,0.38127908,-0.36287233,1.2140216,0.34133914,1.9709318,1.8232683,1.0442803,0.50420934,0.9213984,0.06290757,-0.54487485,0.28789622,0.75101537,1.0385232,1.1814303,-0.2298346,-0.59898037,1.5937681,0.37192225,1.7326669,0.0541007
http://www.benchmark.org/family#Mother,-0.27288505,0.20467193,-0.50789094,1.3314885,-1.0947093,0.00379035,0.43734664,-1.3402324,0.47297177,-0.5713965,-0.14398107,-0.3674906,-0.06455649,-0.21163015,0.034574505,0.43828973,-0.4476385,-1.0202312,0.51787406,-0.16989277,-0.32648885,0.48087606,-0.41056502,-0.3698239,0.603139,0.4309577,-0.0884631,-0.49190903,-0.99614733,0.64690787,0.35911623,-0.018260058,0.1758233,-0.78552413,-0.27335742,0.026605826,-0.13733023,-0.21377878,0.23636205,-0.21428412,-0.38790488,-0.24352254,-0.5773459,2.5893729,-0.60018593,-0.28589815,-0.45616135,0.9221938,0.20855348,-0.6825485,0.050383464,-0.1583721,0.29417434,0.68022954,0.60531765,0.174488,-0.7828818,0.61248183,-0.99696505,-0.42783967,-0.34934905,0.29940125,-0.7895467,-0.37566578,0.2656781,0.45073742,-0.7080534,-0.13689445,-0.70857096,0.5712297,0.60896534,-0.44936925,0.5911134,-0.4894124,-0.18873037,-0.14856967,-0.5834132,-1.1164237,-0.13748424,-0.004553694,-0.5199265,-0.116196744,0.032080628,-0.8743966,-0.396747,-0.5322049,-0.9567211,-0.14913589,-0.9961399,0.26263902,-0.0633366,-0.05686251,-0.0059150197,-0.5722187,-0.50277114,-0.7433505,0.10237156,-0.3707195,-0.46568123,0.7414266,-0.32070893,-0.9114907,0.3021445,0.29598182,-0.29084978,-0.34376606,-0.30130672,0.30460092,-1.0154617,0.3665766,0.26683018,-0.49148116,-2.0122302,0.21022657,-0.9478616,-0.12436071,-1.6970086,-0.29418752,-0.21387494,-0.42337313,-0.99283355,1.6226362,-1.105412,-1.0543008,-0.1938431,0.10560925,1.6259223,-0.10620148,0.25590634,0.51709485,-1.0911895,-0.7508259,0.34137607,-0.8693463,0.9800113,1.7533429,-0.38346627,0.6741195,-1.37944,-0.70164245,0.24999999,-0.0058372566,2.3891277,0.9599676,-1.0913273,0.32846388,-0.16670758,-0.8355498,-0.60662174,1.2484213,-0.9340615,-0.33322737,-0.46087405,1.1321129,1.0240194,0.9669267,1.8725418,-0.35103777,-0.7306694,1.498292,1.0845301,-0.87591636,-0.2082481,-0.46870658,0.15260193,2.6125064,-0.95013237,-1.4642035,1.7083519,-1.6431504,0.3436493,0.5160394,-0.73154324,1.1018285,-0.39407578,-0.75236505,-1.4075459,1.1382722,0.38688534,1.8080006,0.19736557,1.277837,1.9221629,-0.14756444,-1.3576834,0.44554853,-0.020259816,-1.8557192,-0.409529,-2.3201222,1.4558431,1.7581707,0.7743222,-0.56743723,0.42194277,-0.63747925,0.8348819,0.67090255,-0.6398009,1.5049961,-1.5195483,0.97515225,0.51977795,0.8755903,0.028522927,0.4472298,1.3606199,0.30614918,-1.682683,0.27934903,1.058461,-0.014969306,-1.1218319,-0.27481025,1.7703987,1.7048265,-1.1705797,1.5266011,-1.27436,-2.4812522,0.5877374,2.09683,0.40195408,-0.44109744,-0.9083728,-0.20538065,-0.19761094,-0.7310846,-1.9420514,1.3503312,-1.0248605,-0.028032172,-0.63079053,-1.5186703,-1.6058326,-0.06370372,-0.7227486,0.043008033,-1.8806083,0.40845636,0.013477679,0.8378978,1.6220496,-0.15372866,-0.9268788,-1.0355663,-0.3149381,0.21863626,-0.53144956,-0.45476174,-0.44073397,-0.14315867,-1.0226333,2.3543608,-1.5027447,-0.2175169
http://www.benchmark.org/family#Child,-0.20822075,-0.23655581,-0.14724946,1.208334,0.13273625,0.72069126,-0.5898968,2.1281885e-06,0.2414095,-0.3590008,1.1639962,-0.11052285,-0.35700446,-0.05279727,-0.4363404,0.798487,-0.63446707,-0.086895324,0.2913407,0.19705178,-0.9775785,-0.29134196,-0.7326813,-0.8811106,0.15922862,0.11928437,0.023142725,-0.27427122,-0.7341394,0.2777144,-1.3061515,0.10500607,-1.0006027,-0.13803634,0.4768099,-0.5201366,0.7505837,1.1784189,0.6509655,5.3820855e-05,-0.6536695,0.34850794,0.09460727,-0.67887706,0.7630011,-0.2742272,-2.1059194,-0.49563742,1.1800932,-0.3197139,-0.08567834,0.07702562,-1.3973136,-0.058816496,-0.039149623,-0.92930293,0.14409855,0.69335675,0.03125919,0.08113508,0.6623756,-0.9198539,-1.1836587,0.27976635,0.10631309,-0.43812874,-0.21022671,1.5752451,1.9647315,0.84820783,1.9888902,1.1615121,0.04419827,0.8221962,-0.799646,-0.99735135,-0.111092724,0.14048146,0.8386921,-2.4242275,-0.10246375,-0.5400164,-1.1206387,-0.37500945,0.73186386,-0.12063118,0.40921366,-0.55727404,0.35714468,-0.27210504,0.27117223,0.38265803,-0.48764092,-0.5724528,-0.38818663,-0.1704363,-0.10179256,0.11181769,0.05274721,0.14830838,-0.5960132,0.3150734,-0.030881751,-0.88995576,-0.25305277,-1.1784847,-0.22382846,0.65287703,1.5348978,0.10188471,-0.019786818,0.16765077,-0.70766056,0.608799,0.88854784,0.2801434,-0.5599907,-0.38675526,1.1705496,-0.7762103,-0.056080405,1.2210315,0.20842856,-0.14089954,-0.5411448,0.22572906,0.9986357,-0.13651077,0.56147397,0.2251019,-0.823039,0.58653724,0.8494779,2.6490834,0.46334153,0.9479798,0.42089126,0.7046924,-0.11521567,0.15321262,1.2272645,-0.29253563,-0.4535958,-0.074126385,2.2418408,1.3653989,1.4909755,-0.27228448,0.40048796,0.80733967,-0.20339853,-0.10892099,2.505562,-0.11812786,-0.0047277203,1.347529,0.3829447,0.030675562,-1.360789,0.26431435,-0.8245969,0.7441209,0.32359552,0.57784367,-0.35967222,-1.1458818,-1.5676011,-0.2469206,-1.1746104,-1.0200826,-0.8339956,-1.1525924,1.2828896,-2.107419,-0.3079992,-0.35872227,-0.7004326,1.0066489,0.7045869,-0.12034804,1.1513039,-0.23772506,1.1171943,-0.31073558,-0.34925303,0.49334836,-0.28246242,0.8122908,0.08507451,-2.6382205,2.0448434,0.071280636,-0.19732301,1.4584059,-0.40587837,-1.5666345,0.8459504,-0.05533075,-0.8133881,0.6478537,-1.6666948,0.10120007,-1.0255877,-0.8009575,0.56636727,0.26472956,0.6550504,-1.8498158,-0.24297205,1.7746795,0.7538831,-0.8733781,-0.30075932,-0.22948954,-0.317907,-1.0265584,-2.0202198,-1.0139681,-1.766649,0.12125607,0.16050507,-0.2587667,0.54880947,-1.3369724,-0.26718658,0.08353082,0.33065516,-2.3724136,1.0223849,0.7288899,0.2519741,0.25005618,-0.99820566,-2.7881422,-0.4783098,-0.38918024,0.09746281,-1.043105,0.28332174,-0.026352111,0.15012997,0.47016692,-0.31763935,0.34447727,0.82509655,0.3992042,1.556687,0.8090011,1.642887,-1.1002069,-0.20843294,-1.6267711,0.76696736,0.117948614,-0.0035309365,0.07657507
http://www.benchmark.org/family#F10F189,0.11989739,0.67539924,0.3632704,-0.44502407,-0.48970997,-1.1915014,0.73249024,-0.36636963,-0.072128214,-0.96828115,0.24594064,1.1174477,0.2520736,0.121049315,-0.36428627,-0.31543824,0.3871479,-0.017501995,0.1216386,0.49608985,0.7250047,-0.059003145,0.09526049,0.41639304,-0.17523488,-1.2610399,-1.0209655,0.016805105,0.47152072,0.67776954,0.9682886,0.11477767,-0.2893094,-1.1453688,0.206369,0.44867125,-0.266018,-0.50372905,0.21947026,0.78214735,1.7743134,-0.5480325,-0.6636935,-1.2164059,-0.6576739,0.20902944,0.8402206,-0.029376773,0.21622542,0.24028578,0.10313755,-1.1823614,-0.0069786166,-0.266368,0.325425,-0.18856588,-1.2394348,0.6268445,0.5194693,0.7184776,1.5260029,-0.6334543,-0.7182182,0.054245755,-0.39003807,-0.14556266,-0.19061168,-0.4217655,0.6238443,0.45589584,0.40640107,0.9755023,-0.12153496,0.35433736,-0.8737933,0.2532836,-0.048436634,-1.6859939,1.014926,-0.53479993,-1.8474222,0.2240174,-1.2831393,1.1859189,0.47959223,-1.5145451,0.66227424,1.0604583,-0.5546912,0.4247181,0.47443712,-0.3309398,0.72820735,-1.1566026,0.47614428,-0.5797081,0.6231093,0.4935877,-0.064850226,0.03263164,-0.14686395,0.25783765,-0.8191636,0.24966039,-0.073678836,-0.44657132,-0.24506299,0.5804695,0.009057247,-0.14672644,-0.90284324,1.6537888,-0.93344426,0.2219577,0.18692511,-0.035915177,-0.30747312,-0.43297178,-0.82021445,0.35341167,-1.3507426,0.9571887,0.59073275,0.06442715,-0.94085515,-0.64346254,0.025028601,0.044914212,0.35457253,-0.8516132,-2.122452,-1.0772935,2.1432097,0.5467593,-3.0299666,-1.0221981,-1.8281393,-1.0127753,0.2147105,-0.51530606,-0.66502756,0.6878216,-0.9341403,0.20244545,-0.24964891,0.51453984,0.8144003,-1.1449732,0.016828224,0.9703224,0.6736837,-0.89167064,2.0971673,-0.52509785,0.047589056,0.45655787,-0.21741016,0.5549482,-0.18517418,0.72418797,1.4446099,2.0683978,0.40848038,0.66573364,-0.92676264,-1.0179782,-2.024062,-0.23458079,0.6570985,-1.2891612,-2.1373568,-1.1328974,-0.43508816,1.6579484,-0.5726632,-0.73886925,0.16026029,1.8319844,1.0155313,0.07886954,0.351666,1.0499337,0.95395523,-0.4814362,0.6903282,3.080166,0.5744324,-0.53466254,-1.5283167,-1.5043007,1.8748267,1.9341561,1.1575203,-0.3561623,0.46865654,-1.0264193,-0.5899726,0.09321233,2.84704,0.14767538,0.31819895,-0.5421675,-0.24876584,-0.79882574,1.0591681,-1.2216518,-1.2095984,-0.35484523,-2.0823767,1.5541989,-0.9830064,0.38779828,0.93180746,-1.9670694,0.4682559,-0.47256175,0.59671664,0.957863,-1.7880261,0.30060765,0.59661883,1.5755996,0.7861432,0.21946746,-1.9618214,0.9414333,0.6601212,-1.5950897,-0.97204095,-0.07490322,-0.31485206,-0.2746893,-1.2753437,0.6309388,-0.41659376,-0.43609133,-0.74881995,0.008465744,-1.2489634,-0.62352055,2.0157747,0.34686485,-0.64505184,-1.0909246,0.9669873,-1.3446561,-0.5277903,0.95067763,0.9313494,0.2705468,1.1729943,0.27881715,-0.012658213,0.6789068,0.7042298,3.1116624
http://www.benchmark.org/family#F7M128,-0.5013626,0.90542424,-0.041740805,-0.4241316,-0.5442234,0.48509192,-0.44234753,-0.97641975,0.28214148,1.2072864,-0.21773691,-0.12347307,0.6103758,-0.044575837,0.4096441,-0.34297085,-0.7728039,-0.73483753,0.42821673,-1.0123928,-0.03734556,0.072311826,0.03135344,-0.8363925,0.91595924,-0.6157038,0.68588364,-1.0526682,0.40606257,0.6551874,0.18560673,0.3942508,-0.84015405,-0.79272693,-0.33526525,0.35171646,1.5056815,-0.14902136,1.7555659,0.18900228,0.04168046,-0.76374555,1.0401938,-0.52515674,-0.33980635,-0.5558277,0.3925559,-0.06307878,-0.70303035,-0.5563804,-0.16282372,-1.293557,-0.41679278,0.4732282,-0.11304645,0.6640571,-0.095616385,0.63682026,-1.0237174,0.26327825,0.24337752,-1.397871,-2.2863634,0.96105635,0.98650163,0.3012189,-0.8409511,0.33725792,0.05037413,0.52283865,0.55096817,0.35159394,-2.1616461,0.4183542,-0.822681,0.40477845,-1.0022737,0.016922882,0.98463637,0.03951518,-0.8558845,-1.3779877,-0.5823153,-0.1951924,0.6962866,0.79274124,-1.0778651,-0.21109328,-0.7260293,-0.29786447,-0.3877531,0.59498125,-0.13787703,1.1246403,-0.088269554,0.0480189,-0.3356365,-0.16002534,0.145138,1.0975293,-0.16467689,0.5824747,1.3150339,0.37246892,-0.13016161,-1.1534022,-0.4373232,-1.0085815,-0.6165539,-0.31652698,2.1934032,-0.3745141,-0.057217248,0.087730534,-0.7501774,-0.34039608,-0.75374615,1.15489,-0.46767354,0.37854803,-0.36386654,2.135581,0.47645077,0.15541825,1.1745474,-0.72498673,-0.39856145,-0.84050983,-0.7242569,1.822575,-1.1392287,-0.46574432,2.3963122,0.6012615,0.7328174,0.88242114,0.9144481,0.93533176,0.4782149,0.64361,0.04799812,-0.19888404,0.98028696,-0.7045698,0.9514147,1.4681386,2.0279658,-1.444162,-0.48263282,1.1776087,-1.5274609,0.443029,0.085781924,-0.02699735,0.7040131,0.93523437,0.7036883,-0.17306848,0.5525145,1.2758971,1.1001577,0.6593217,0.50681293,2.128495,-0.7836106,-0.65427005,-0.89074606,-0.36929396,0.12713212,1.2768188,-1.6872927,-1.3161479,1.6444972,-0.43209028,-0.5608109,-0.77375156,0.8631443,0.28899613,2.9163346,1.1692214,-0.30211973,-1.1188353,0.18189994,1.3188012,-0.18285319,-0.29817152,-0.3669472,-1.0611973,-0.968167,0.5238882,1.4703435,0.6454006,-0.6928727,0.1511226,-0.657021,-0.47358486,-0.3330268,0.5660151,2.3175204,0.42299363,0.8774742,0.38173378,-0.4924799,-0.29055703,-1.01631,0.297299,0.15533434,0.3330839,-0.82433146,1.5891948,-1.1976777,0.78751403,0.95758134,1.0949804,1.0938376,-1.1175315,0.6038468,0.18310796,-0.48678923,0.7503298,-1.2107869,-1.1390119,-0.16088112,-2.65336,-0.95066905,-0.92248225,-0.4237538,-0.790553,-1.0481844,1.5160942,0.57885844,1.3773217,0.048227638,-0.9439166,1.2244143,-0.5844421,0.10089285,1.4190263,0.231873,0.0032926858,1.32793,0.1625472,1.4066765,-0.8393842,-0.03781884,-0.2521232,1.0312715,0.7388903,2.4721076,1.7256093,-0.17619146,0.0712015,-0.7512597,-0.23609622,0.3621004,-0.1476615
http://www.benchmark.org/family#F1F2,0.39871946,-0.17488903,0.53199375,0.6198279,0.16094896,-0.44764403,-0.7211876,-0.05263093,-0.59910256,0.39716542,1.1052554,0.518894,0.26895618,-0.10637426,0.52213454,0.26600975,-0.8554685,0.089702025,1.4764221,0.63868266,-0.83124095,0.917176,-0.36574966,-0.17726754,0.94994336,0.88430345,0.32895833,1.3808172,-0.35892448,2.4192588,-0.4637182,0.38531455,-0.08208408,-1.4867015,-0.30935952,1.5879728,1.4599085,0.16171275,0.12049836,-0.49169633,0.20041627,0.17156464,-1.0331583,-1.2121775,-1.5252527,0.2538981,0.22637677,0.034375984,-0.09487838,0.35618147,0.0637642,0.32961115,-0.09817221,0.010167581,0.3037922,0.11573235,0.30187345,1.5346007,-0.86118275,1.1519918,1.1853564,-0.81210524,0.5297971,0.9452073,0.37695202,-0.11894138,0.3504725,-1.0732338,0.39609987,0.3558098,-0.15538295,-0.87487787,0.64047366,0.50588053,0.7220293,-0.17916048,-0.30835417,0.49896714,0.2290238,-0.32372475,-0.16239022,-0.19465114,-0.6464405,-0.035787072,0.6835139,1.4856102,-0.5469383,-0.64488083,-0.064939804,0.032479804,-1.366101,0.83434504,0.11672477,-0.40804303,-1.0843704,1.0825173,0.06979425,-0.13122775,0.7524312,0.6896838,0.25786406,-1.8363819,0.07165434,0.12368369,0.6390149,0.43893287,-1.0407089,-0.5082744,-0.3862814,-0.13458526,-0.57403994,0.34433416,0.12606381,0.44614515,0.1045558,-0.7350991,-0.21163402,0.29288864,-0.21691151,-1.2522783,1.3056946,1.5846117,0.25925988,-0.12150551,0.22745691,0.49065188,0.8107405,0.096297264,-0.78702474,-1.0609571,-1.6931405,-2.5182984,1.3932105,2.0578969,0.25322068,0.7667814,0.44448262,-1.4437357,-0.5644072,1.5730207,-0.5434754,-0.8863257,1.0924824,-0.20586705,-0.9104346,0.008002492,0.4668213,-0.57460254,-0.3228798,1.2172714,-0.27710882,-1.8272008,1.0800483,-1.8453875,0.5452156,0.020686235,-0.3626755,0.17909458,-2.0249126,0.2163733,1.9035884,-0.31341887,0.64797485,-0.8961838,0.37680158,-1.0855141,-0.8381552,-0.76002735,0.18009292,0.7411246,-2.251183,-1.4047253,-0.25373897,0.97120816,-0.27733117,0.7086295,0.0013299909,3.3492088,0.33812833,1.1141744,1.2559595,0.41744554,0.21291274,0.07959188,1.1873349,-1.2226307,0.83443147,-2.2402246,-1.7659988,-0.5603594,2.4202147,0.1465969,1.0911506,-1.142493,0.51677895,0.06190872,0.9189204,-0.63563937,0.7595203,-0.3875479,-0.4302646,0.70628273,-0.7133041,0.072068006,-1.5167046,-0.3480733,1.5126221,0.7973589,-1.1463687,1.4236629,0.6518031,0.7691948,1.2876828,-0.9253339,-0.4282398,-1.7208661,0.51538444,0.0035960646,-0.6993706,0.3980954,-0.018446501,0.15784445,-0.34942278,-0.5511119,1.3169852,0.29100573,-0.5673763,-0.30982402,-0.6713151,-0.024489705,0.7732592,1.8306445,1.3348676,-0.19760306,-0.57262254,1.7447788,-0.13630381,-0.8528037,-1.0714797,1.7378805,3.0323534,0.8388497,-0.17681259,0.634203,0.8641228,-0.22737871,0.75882614,1.7592304,1.6920058,0.93318725,1.4097766,-0.31166008,-2.1330671,0.6381322,0.9484005,0.3974418
http://www.benchmark.org/family#F10F175,0.058269646,0.16820806,0.39182898,1.1766182,-0.9647073,-0.3442234,0.025449082,0.17017755,0.26543564,-1.0099821,-0.29635632,0.9496914,1.4623644,-0.5530069,0.14914729,0.27356508,-0.6179015,0.22272502,0.27799094,-0.7618039,-0.05885036,-0.72852385,0.41914493,0.96980935,0.63281375,-0.900308,-0.36644968,-0.35190836,0.12427956,1.0011593,-0.5384521,-0.018921962,-0.14387384,-1.456618,-0.55813867,-0.024119375,-0.31619197,0.47803953,0.52719355,0.06155343,-0.42346436,1.9738506,-1.8031065,-0.35805124,-0.3576563,0.12683035,-0.28402817,1.010739,0.1729853,-0.7431941,-0.99918276,0.6204976,0.9997951,0.53973347,0.7768974,0.052121475,-0.13951364,0.033202972,0.30931777,0.55048925,1.1981918,1.1255732,-1.5510814,0.09341519,-0.49005482,-0.54101175,-0.10770327,-0.25165424,-0.49984044,0.28099978,-1.0372808,-0.5915592,0.4619753,0.26821932,0.14514121,-0.17458667,-0.49544665,-0.048225082,0.3627983,-0.0004490416,0.5137414,0.73403674,-1.7319391,0.97429305,0.9445495,-0.46230832,0.18400417,-1.8599186,0.45050332,-0.42490655,-0.118943,0.41351348,-0.016058877,0.37730414,0.10823871,-1.1238916,0.77424884,-0.018839166,0.7103896,0.23729914,-0.30993187,-0.41354153,-0.73939276,-0.06344641,-0.025504665,-0.34555912,-0.072711185,0.86521685,0.18951209,0.19224039,-0.5744819,0.7698136,0.21088052,0.3837171,0.11361105,0.17655055,1.596578,-0.7863432,0.07681833,-0.23151603,0.12635681,-0.63493294,0.23795298,-0.44422156,-0.022865556,0.48047394,1.1984838,-0.106936164,1.8337195,-1.0550627,-0.45263454,-0.62725884,1.2382582,1.7341311,-0.75595295,0.2828865,0.8157061,0.10417355,-0.19850665,0.26424447,0.37834716,-0.89197737,1.0296,0.059024375,1.6590714,0.32036623,0.50419956,-1.1010244,-0.0705498,0.5728506,-0.12535557,-1.4354907,1.4898247,-1.4456067,-1.7575513,1.5668473,0.5913798,1.5956928,-0.48990417,-1.1577984,1.4964365,-0.43422577,-0.60271394,0.13876818,0.70710355,-0.014032112,-0.5677957,0.23978697,0.6653265,-0.11680639,-2.145495,-0.537504,-0.01842664,0.16493887,-0.15708156,1.308236,-0.3172403,0.2644522,0.31577063,-1.0449128,0.018560326,-0.21522298,-1.6765378,1.1828471,-0.29398018,1.1999242,-0.16460493,-0.28598034,-1.5836494,1.0903586,-0.5310433,-0.31842068,0.06876717,0.19195288,0.259027,-1.6086091,1.5695536,0.21679682,0.5110521,-0.4302949,-0.2040425,1.1725516,0.9186406,1.075358,0.86977714,1.5800958,1.5125965,-0.3495164,0.14959013,0.09450159,1.6952069,-0.44719875,0.86115485,-0.66390294,0.004545418,-0.10782205,0.44737604,1.0774366,0.6167031,0.78522784,0.27999222,1.0585592,0.34725463,-0.58456624,1.3573503,0.37829658,-1.1018414,-1.3179928,0.1975192,2.1539996,-1.5645584,1.4410772,-1.2680959,-0.756522,-0.9908659,1.2897242,-1.147419,-0.5665814,0.06482748,-1.3728353,0.83316725,1.1175704,0.28104177,-0.34180054,-0.37371773,-0.42583445,0.27813488,0.3390206,0.38754767,1.9184078,1.4249434,-0.26627082,2.13803,2.1480951,0.9359522,1.1213444
http://www.benchmark.org/family#F6F93,-0.101399824,0.2701521,-0.030739753,0.72070855,0.09555935,-0.76723766,-0.6343721,0.26316875,-0.9507849,0.19585209,1.0427684,-0.4188096,0.19213916,0.35122165,-0.61590236,0.06467194,-0.92256004,0.68205106,0.38688803,0.37336433,-1.2122669,1.0838296,0.3541806,0.91346663,0.5960177,0.3561156,-0.30172178,-0.1457844,-0.619722,-0.62455356,0.21443799,0.42294878,-0.4849265,0.009063328,0.77754307,-0.2088839,-0.38018152,-0.22240303,0.9611304,0.010842042,0.30895352,1.6131431,-0.19206378,-0.7736911,0.34003577,-0.55835235,-0.024007566,-0.9480747,-0.046776436,0.3632849,-0.351134,-0.027899642,-0.46944898,-0.18467826,0.34587747,-0.13882652,-0.45945376,0.02207273,0.6221665,0.86266863,0.74290437,-0.254996,-0.087577105,-0.018550668,-0.08271916,1.4080204,0.0063867285,-0.5613373,1.1158816,0.777343,2.2167268,-0.48838928,1.7058512,-0.71934277,0.32256153,-0.29302114,0.16913106,0.56906444,0.27803057,0.44226328,0.31333733,0.39340132,-0.64586973,-0.5354657,-0.18621366,-0.59704053,0.6086962,1.599448,0.95109874,1.3541858,-0.141862,-0.5709031,-0.5131868,0.7288574,-1.4308735,0.5642805,-0.20030113,0.37055653,1.4122556,0.36025992,0.5655456,-0.5620009,-0.06667291,-0.2681868,1.9229888,0.045474075,-0.87126344,-0.000662243,0.87813413,0.2641479,0.15742186,0.46794483,0.15070127,0.46123314,-0.12014449,-0.6177344,-0.12255417,-0.25951666,-0.16335051,-0.3476133,-1.558003,0.21432582,1.6549466,-0.1391945,-0.018785734,-0.27852535,-0.26432478,-0.38454145,2.386872,-0.16954415,-0.6273508,-0.5585346,0.098607846,-0.12706754,0.68889445,0.038063668,0.15398481,-1.8480204,0.22360183,-1.5632674,0.020150786,-0.785021,0.072449975,-1.1456164,-0.31240863,0.12569875,1.9523525,0.2356055,1.985735,-0.46479502,0.2851456,-0.9115485,0.84236974,-1.4114293,0.008196866,2.0812616,-0.6172673,1.4082892,-1.8954347,1.022852,1.4922783,-0.9380334,-0.81863916,1.0142735,1.1217254,0.88748676,-0.99312675,-1.3628534,-1.0589433,-0.5800402,-1.9367901,-0.86395395,-0.047500614,-2.470877,-0.07340039,0.1056677,-0.5548328,0.7853927,1.4713452,-0.8275164,-0.5337805,1.5567089,1.0761818,0.43690822,-0.0163448,-1.2601182,0.40766802,0.45684093,-0.6450101,-1.6242362,1.0544686,1.1714712,-0.033496358,-2.4495258,-1.2031198,0.54218304,-0.4996349,0.4212188,0.9616859,0.8858898,0.33192706,0.10127354,1.0100439,0.2169367,-0.65946066,0.6835009,-1.1614096,0.38140994,0.36946556,-1.6462585,0.0028911757,-0.45597696,1.3679938,-0.0070593073,-0.3728008,-0.64695424,0.5816773,-2.2356038,-1.8143368,2.089412,0.36956564,0.13199309,-0.20813614,0.38396803,-1.0625421,0.38827744,-0.23834513,-0.41126135,-1.3787725,0.8594962,0.26887986,0.21372452,0.3412725,0.41898537,-0.7445938,-1.3351727,-0.26424387,1.1997286,-1.4295682,0.25620976,-0.17542285,1.0867387,0.85024184,-0.16799806,-0.09510711,1.824949,0.34043747,0.68840283,1.1936603,0.7332165,0.42770606,-0.35435197,-0.76231956,0.748142,0.51609355,0.04541239
http://www.benchmark.org/family#Grandchild,0.64979887,-0.07086911,0.03192629,0.75583786,0.0045593195,0.14053516,0.52766615,1.400441,-1.0751237,0.2110117,0.075457215,0.65460193,0.74996203,0.23518433,-0.29717618,-0.078437746,-0.5086709,-0.34680736,0.7165033,0.0655345,-0.15255708,-0.12342347,-0.2949864,-0.2564925,0.86105967,-0.32494977,-0.11371147,-2.3259578,0.13116467,1.1909151,-0.13530402,0.50004584,-0.58604985,-1.1657898,-0.005502884,0.26848114,-0.5090578,0.18488611,-0.5260474,-0.2319651,0.03674737,1.1829625,-0.37703148,-0.46671823,0.8317492,-0.79539365,0.31931198,0.43157297,-0.08110351,-0.38100007,-0.12345825,-0.2939372,-0.11579612,0.76764834,-0.82887024,-0.87022537,0.9542794,0.58843964,0.37984663,-0.1296048,0.96937746,-1.0225637,0.7164321,-0.46916455,-0.46809578,-0.31040198,-0.2478952,0.23374277,0.23189192,-1.4253712,1.6588322,2.0923357,0.25467423,0.30971202,0.14019346,-0.56066954,0.08191739,-0.78153074,0.15124065,0.15535653,-0.21622986,1.3662947,-1.0570042,0.4673378,-0.6136422,-0.16138586,-0.21246824,0.99271643,-0.20110361,0.33478597,-0.49456373,-0.89449596,-0.09907779,0.05787878,-0.39053974,1.0552925,-0.57156545,0.10903396,-0.71165985,-0.31132665,0.10174682,-1.3381904,-2.223087,-0.9253805,-0.2055665,0.09589292,-0.12117519,-0.09088996,0.3285593,-1.1562725,0.23666239,-0.22364411,-1.6191125,0.19746715,-0.12779056,0.8132587,-1.102498,-0.32928446,-0.44944555,-0.64964044,-0.88923657,0.5615003,-0.35727492,0.7658014,0.44582608,0.07235429,-0.15936707,0.14022699,-0.21010491,-0.75208545,0.059492953,-2.1084514,0.42243075,0.18710347,0.92055,0.06831379,0.33032793,-1.1337183,0.6398863,1.0362798,0.24856664,0.81540596,-0.51190674,0.50122434,0.8075405,0.35800356,0.9418341,0.7813664,-0.6825364,0.2447428,1.4431714,-0.79735434,2.8711615,-0.4132389,0.7661247,2.075399,0.07977893,0.27622473,-1.0783118,-1.1799232,-0.20851682,-0.98942226,-0.61842686,-0.110804476,-2.1471853,-0.14349248,-0.38072088,-0.18232214,-0.5313767,-0.04337389,1.2413684,0.12046217,-0.7841816,-0.73086727,-0.2997426,-0.4214688,0.4405441,1.2429882,0.80668265,-0.45354015,-0.38607523,0.60876155,1.9956316,0.1770576,-1.2904378,-0.0074670385,-1.1201452,-1.3882157,-1.1040583,0.75674284,2.5987372,1.1638741,-0.74961597,-0.09547737,-1.1970732,-0.5122906,0.30020523,1.704438,1.3948323,0.8015181,-1.4009815,0.74896413,1.0152965,-0.368955,-0.24395972,-0.37129205,0.6077026,-0.8660524,0.7812531,1.0225085,-0.5416066,0.36568236,-0.5606958,-0.41431308,-0.5685513,0.19662338,0.07676196,-1.2848022,-1.463301,-1.5001659,0.2029331,-0.26401606,0.023410194,-0.83850324,1.4159185,-0.8135548,-0.47169477,-2.0609715,1.0453641,0.80230665,-1.1679877,0.86221826,1.0088053,-0.027202686,-0.92664355,1.6913735,-0.29090667,0.36420202,-1.0203842,1.0660276,0.49231648,1.1000876,-1.1755347,0.570014,1.5176258,1.1895279,0.013272848,0.8896863,-0.25333056,1.8896856,-0.48632964,-0.51791567,-0.15274028,-1.1655279,0.40591505,0.61112916
http://www.benchmark.org/family#F10F177,-0.27891678,-0.06566763,-0.510493,0.47443366,-0.55357915,1.1630583,-0.31267196,0.77101254,-0.047603056,0.1504746,0.38268003,0.9255754,-1.8197196,0.6781348,-1.1596043,-0.94968045,-0.69356126,0.2752679,0.8798718,-0.08676199,-0.37906274,-0.80710924,0.8374162,1.2909925,0.48489878,-1.0448402,0.25595626,-0.27680317,0.45230886,0.41578913,-0.5405358,1.0219772,0.64195365,0.10812306,-0.8275815,0.22702277,-0.91834253,-1.0260965,-0.8254902,-0.85211223,0.17775601,-1.562056,-0.5141922,-1.7339343,0.1632919,-0.015732363,0.503971,0.50015104,0.039289366,-0.62082523,0.784473,0.22954096,-0.9802735,-0.20789108,0.79110354,-1.6340225,0.5985088,0.12178602,0.877349,-0.58208406,0.676838,-0.82647777,-0.91266257,0.58189934,-0.2768413,-0.41917506,0.34795865,0.82235897,0.46722817,1.4784184,0.9679057,0.21001537,0.6586309,-0.9385169,-0.064285494,0.36179465,-0.0044250526,1.0609391,-0.60968494,0.9599875,-0.73247176,0.59950316,-0.07748994,-0.7319678,0.27486098,0.0870154,2.0037904,-0.3323386,0.9253692,0.41653407,-0.36261445,-0.998255,0.52399164,0.58246315,-0.04888959,-0.8728503,0.5224057,0.4922793,-1.0837029,0.61953276,0.12977788,-0.30973965,-0.16536853,0.022160798,0.028524246,0.17728281,-0.15001667,-0.154248,0.8066808,0.46297723,-0.7468638,-0.023285493,-1.377242,1.4765104,1.483996,0.15213516,-0.06924621,0.36078742,-0.7591473,-0.8298274,-1.733943,1.8127445,0.82247424,-1.0385699,0.1276073,1.0234948,0.4656257,1.3476706,-0.31321356,0.4947604,0.58450913,-3.0759392,1.5843648,1.5148431,-0.32139295,-0.40082425,0.51219016,0.32358566,0.8091678,-1.0808572,0.6344763,2.8665679,0.7368744,-0.6581782,1.0099494,0.4096226,-0.113197446,-0.43299252,1.6692183,0.60205346,-1.9016012,-2.1366043,0.1664873,-0.8403422,-0.70163774,1.4750984,-0.61733896,-0.6436823,0.56871396,-0.754842,-0.28139904,-0.040085636,-2.1470773,-0.69490916,-0.8505855,0.076770686,0.4248732,-0.3675587,1.1374767,-0.99679947,1.4738475,-0.20253636,-0.40703252,-0.8976108,-0.18292527,-2.0932188,-0.8537197,2.569533,-0.38222513,-1.7385733,1.8534124,-0.4248345,-0.51503253,-0.7033545,0.8037919,-1.9681932,0.71682185,1.4372005,-0.7181566,-0.35923716,1.0758207,0.66537255,0.10525848,-0.5813674,-1.299076,1.2351702,0.9574703,1.2294077,1.0988446,-0.3490409,-0.24155876,0.63839674,0.079079784,0.9525453,2.0217264,1.4386305,0.10786151,-0.18961029,0.32448465,0.653359,0.008925253,0.04996686,0.546458,-0.04466986,-1.6716175,-0.23572,0.4341475,0.30077934,-1.0649732,-0.27924854,0.16589822,0.46891958,0.6129658,-2.152581,0.08512748,0.8141967,0.35376087,-0.6380299,-0.6770627,2.2425683,0.04428862,-0.6828412,-1.7050544,-0.121569104,0.84239507,0.4314618,-1.4766589,-2.6787975,-0.93070745,-0.20136996,1.2980403,1.8179679,0.74049896,-1.2263515,-0.4534287,-0.13800484,0.5061026,1.5830055,-0.9494635,-0.17874438,1.45162,0.23152824,-0.01600405,-0.034007736,2.0714037,-1.6660779
http://www.benchmark.org/family#F7M104,-1.1957791,1.6271702,-0.09355226,1.1946255,-0.8130028,0.7300825,-0.42434937,-0.47603008,0.5467542,1.1057817,0.10415077,-0.18355748,-0.118602484,-0.671815,0.28815588,0.06123421,-1.1087067,0.47170994,-0.19070031,-0.8388604,0.16323856,-0.47098264,-0.106688924,0.80914205,1.099641,-0.8053643,-0.6307936,-2.376568,-0.22993302,0.77150005,-0.6102872,0.10638207,-0.6977301,-0.25341117,-0.27463508,1.2872775,-0.6872386,-0.037915718,1.2107166,0.1939456,0.015898144,-1.2365831,-1.568519,-1.8387992,-0.43491113,-0.15465984,0.10098688,0.18472461,-0.43850887,1.6842834,0.81345767,0.19883151,0.10413248,0.1632513,0.48183146,0.11722692,0.5045494,0.726874,-0.6605299,-0.7588179,0.602303,0.29208997,0.53543365,1.369736,0.018508647,-0.6570096,0.95868427,0.7504737,0.62338173,0.3660684,0.12191234,0.3118581,-0.03681426,-0.5191651,0.537559,0.25047314,0.29529133,-0.13722762,0.053293448,1.3689812,0.098698445,-0.117453635,-0.39754957,0.10825253,-0.28172913,0.22374903,0.08804552,-0.09556448,-0.03059689,-0.18252301,-0.92541736,-0.1268968,0.3612573,-1.4442897,-0.72138214,-1.7778298,-0.40017402,0.29140678,-0.27208093,0.73951405,-0.520147,-1.1060222,0.37134874,-0.46828672,-0.111511394,0.321083,0.04073224,-0.41335207,-0.68789816,-0.19646062,-0.51262224,0.6643326,0.008794312,0.1353353,1.6619822,0.24463484,-0.36014873,-0.517417,0.07318566,-0.17967889,0.886639,0.6420381,-0.5178181,1.0812175,0.7343332,0.635012,1.5332569,-0.76479095,0.3574069,-1.6404448,-1.4678144,0.03306014,0.53251547,0.9843925,2.6908493,1.7040958,0.022530984,1.5397524,1.7689717,2.272729,0.44427314,0.6412253,0.53444946,-1.9079477,2.0350978,0.18503942,-0.5517438,1.0869706,0.37075925,1.3106865,0.6239339,-0.1087297,1.5178437,0.055833373,-0.60842407,-0.55138224,-0.529535,0.79614663,1.2048094,0.15797144,1.0247396,1.2505898,-0.4298886,0.599744,-1.6392535,0.48676142,0.1257756,-0.52885246,-1.4438092,-1.154355,-1.6843387,0.23203304,-0.20375766,-0.5882341,-0.93752366,-1.7648033,-0.001827829,2.2276275,-0.9125432,0.74049,1.3172492,-0.11027178,0.49965957,1.0799004,-0.01515891,0.54563963,1.8528209,-0.05716538,-1.6695007,-1.579165,0.53628963,-1.7981924,1.6809287,0.21336061,-1.5748928,-1.2690134,1.3330665,0.44806528,0.945971,-0.11774449,0.6634679,1.6572951,-0.3677712,-0.4801602,-1.2735713,-0.31926775,0.049159005,0.82075894,0.22256003,0.36228025,0.29805005,0.38355237,0.42492938,0.52219236,-0.26033643,-0.35096166,0.841347,1.4811549,-0.18549998,0.5692669,-0.94949394,-1.2570603,1.2109666,1.5753254,2.3695138,1.778512,0.30922282,-0.70376545,-1.861371,1.0699618,-0.6530522,0.21475984,-0.62158656,0.18973114,1.0665112,-0.017631795,0.86112535,-1.3375447,-2.0268261,-0.30115667,2.9124968,0.31295168,1.1114104,-0.73141575,0.046934903,1.7057449,0.20429096,0.0701022,1.8826556,0.23819453,-1.497047,-0.73197156,0.32738334,-0.5773719,0.60502374,1.0841256
http://www.benchmark.org/family#F10F181,0.36632493,-0.5462265,-0.399992,0.67482543,-0.44717535,-0.116141535,0.3784984,0.25709805,-0.0133555895,0.5250783,0.44614327,0.36227885,-0.3392309,-0.16232395,-0.28135583,-0.77524585,0.19665469,0.4777942,0.4486281,0.4957562,-0.8485499,-0.41565308,0.34929684,0.1059026,-0.823366,-0.5203771,-0.19875956,-0.048040662,-0.9710581,-0.3854767,-0.029008899,0.9615436,-0.26006782,0.048501704,0.30586356,-0.6482082,0.75147134,0.92897177,1.1247923,0.34238783,0.23830092,0.173684,-0.55652136,-2.5637443,0.08994652,-0.5096,-0.17587164,1.1994351,2.1918137,-1.4874277,-0.98151404,-0.6612861,1.534816,0.1322073,0.28940243,0.6334479,0.022853056,-0.068593524,0.58207583,-0.2732424,0.5577365,0.74509054,1.2123684,0.1756843,0.022990773,-0.1392258,0.252723,0.6763831,0.34540796,0.06994973,0.58985454,-0.0871051,0.32066673,0.11796261,0.10968209,-0.5440401,-0.5598809,0.48677847,0.6591483,-0.12692699,0.31691834,-0.4512369,-0.013075776,-0.49953732,-0.24233513,0.33749244,0.7754482,0.2434182,-0.8007658,-0.5594952,-0.8886191,0.035507742,-0.13863496,0.07953903,0.074596725,0.26514414,0.32232866,-0.70810837,2.2280846,0.69105554,-0.47696945,-1.4230477,0.12057425,-0.44708875,-0.6839303,0.4335479,-0.28402567,-0.14990012,0.12664525,-0.026772173,-0.6776992,0.4663573,-0.3625372,-0.5114511,0.05127914,-0.30993578,2.4312267,-0.36677757,0.7851496,-0.70314616,-1.9602329,0.8034906,-0.07883366,1.0294055,0.3790686,-0.2460079,1.1701859,-0.007060205,0.25131097,0.28812906,0.5780008,-1.9097509,0.534638,0.31761715,-2.6464105,0.1238375,-0.1582862,-0.41766226,1.0714613,-1.6771721,0.07644807,-1.2385969,0.53583986,0.15583429,1.7549665,-0.45798635,-0.04330624,-0.7666259,-1.7379937,-1.0285021,0.052676037,-0.27488512,-0.33899242,0.69218355,0.6931822,0.7064965,-2.5577772,1.1775072,-0.55175257,-0.5357684,0.3556189,2.259316,-1.0450188,0.12860124,-0.36579767,0.48390663,-3.3890138,-0.6048056,0.915082,-1.0020084,-1.6209955,-0.11670041,0.91585815,-0.17836341,-0.9424364,0.87029713,1.1162062,1.5991406,0.4709596,-0.6808423,-2.1485267,-0.24503596,1.9347539,-0.90463555,0.77376217,0.96739966,0.8397496,-0.28239852,-1.0882667,-0.48394695,0.81107223,1.0053657,-0.39106423,1.0892528,-0.3043379,-1.9526627,-0.7592778,0.16225916,0.4300073,0.14257976,0.992391,2.2982414,-0.40445092,0.10535872,1.1356674,1.1714151,0.44698274,0.6858905,-1.1317079,1.0860723,-0.22717956,0.1326783,-1.0958492,0.26534384,0.5617311,0.26654497,-0.16273737,1.0436598,-0.21709739,1.4092758,0.04260252,0.7988794,0.50298655,-1.7094998,0.03283773,-0.5774786,-0.5096105,0.22869313,1.1870757,1.5680331,-0.48290277,-0.56014115,-0.6460547,0.29831487,-0.15028739,1.2842385,0.38688418,-0.07567198,2.0865166,-0.07785469,1.0783136,-0.6732766,0.16931567,-1.2263882,1.3734405,1.0594778,-0.34238735,1.540667,0.12233818,1.2805567,0.017589541,-1.5068862,-0.6758698,0.39641544,0.89095986,0.7947544
http://www.benchmark.org/family#F2M21,-0.50835174,-0.690534,-0.15214866,0.94720477,-0.8488895,0.31970906,-0.38704073,-0.72253805,-0.061896414,0.4633626,-1.2717681,-0.14548065,0.08882646,-0.08299368,-1.1139604,0.012475973,-1.3855752,0.12238078,-0.08413794,-0.2293273,-0.40020424,0.029115114,0.77001584,0.38428953,2.0292528,0.010147551,-0.7645982,-1.0817552,2.0990171,0.11246553,0.09366164,0.99834996,-0.9353257,1.9553508,0.51157975,1.0840493,-0.9150871,-0.9546559,0.8503796,0.47301233,0.122648224,-0.16536948,0.49013984,-1.146902,-0.12467606,-0.4656364,0.33852214,0.38454825,-1.2160826,-1.3946602,-0.07474641,-0.6600569,-0.07421041,0.049991995,-1.2403148,0.22798675,-0.15383242,0.5444569,-0.017316882,-0.5189568,0.7541376,-0.65212905,-1.133288,0.30616993,0.0705734,0.07949784,0.0044866945,0.32809886,0.12882467,-0.21670814,0.4073677,-0.030051949,-0.5622,-0.4157476,-1.0884688,-0.10557594,-1.5780326,0.26888606,-0.12826085,-0.15275809,-0.8485581,-0.08111506,-0.7715706,-0.31116778,0.6005193,0.52652436,-0.6387165,-0.9126534,-0.66208667,0.79228085,-0.9365398,0.40632787,-0.32536682,-0.14555365,-0.90195984,-0.8526773,-0.42249393,0.623824,0.53056514,0.8754072,2.144574,-1.3281778,0.64049095,-0.7303113,0.43216684,1.3293298,-0.19227569,-0.5372931,-0.6733312,0.41852137,0.44258383,-1.3618358,0.23558219,-2.4869926,0.2841944,0.6737963,-0.26667908,0.31737176,-0.08344544,0.04366819,0.5629436,1.3064244,-0.49354127,0.74524176,-1.086151,-0.53730285,0.989312,-0.17713736,1.0250487,-0.5133545,-0.8295387,-0.19991004,0.46346468,0.720309,1.3150315,-1.0176865,0.17544247,-0.12214659,0.060966693,0.18575983,0.5433835,-0.40360358,0.6606691,0.39735666,0.8612628,-0.1311618,0.32228306,0.43680635,-0.050575364,0.20398045,-0.611731,-0.06094716,0.18307923,-0.30210435,0.15475896,1.7935013,2.45924,0.5914067,-1.0129586,-0.22450785,0.22550553,0.9909267,-0.98465973,0.52342755,-0.9373773,0.05482506,-1.0814584,-1.0017542,-0.640337,2.0339293,0.3758787,0.5131073,-0.46159407,0.7461047,-1.6168776,-0.56011564,-0.6850914,2.755961,1.5634011,-1.6201806,0.5458701,0.8096972,-0.8224201,0.17317684,1.3267078,-0.23943634,-0.23451151,-0.41769505,-1.59864,-0.9739229,1.0921639,1.5570709,0.22035281,0.5224286,0.38625178,-0.5387755,-0.2399611,0.9290471,2.0291023,1.4500594,-0.13307126,1.1329669,0.5788208,0.59163654,-1.1174369,-0.6814828,-1.1846668,0.45670718,-0.49122486,-0.034902308,1.4515148,-0.3885067,1.0458851,1.0730094,-0.40483814,-0.83213216,-1.2924324,-0.009568184,-0.89306384,1.4072307,0.50058526,-0.496882,-0.30316594,-0.56881344,-0.18560116,0.15947303,-0.065698475,-0.0040834714,-0.29393098,0.3356374,0.33911145,0.6874375,-1.3149012,0.7179936,-0.77771086,-0.92902064,-1.6009878,-1.0202107,-0.08955937,-1.1101246,0.7068144,-0.11920585,0.075291716,0.5560121,-0.30007613,0.27016944,1.2532996,2.649611,0.468475,1.3842912,-0.12717961,-2.3335495,-0.3606441,-0.50296277,0.8991916,0.37926242
http://www.benchmark.org/family#F6F83,-0.6044697,1.5303118,0.72907174,-0.34266692,-0.47099432,-0.8942102,0.1691208,0.27183637,0.57638556,0.13962701,-0.28688857,-0.39858246,-0.358878,-0.26199222,-0.11368294,1.1133343,-0.5728497,0.42364815,0.3300886,-0.29703102,1.067763,0.038403273,0.43187833,1.468603,-0.5814001,-0.54880303,-0.57105666,-2.0323408,-0.023086423,0.21764532,-0.18049201,0.15111007,-1.071397,0.07724636,-0.20586243,-0.6446328,0.6860884,0.10368492,0.36797166,0.2063913,-0.22142087,0.41794813,0.25841424,-0.63965005,0.40721616,0.5995001,-0.48155704,0.17073001,0.63247156,-0.27202657,-0.61894614,0.5853335,-0.5143201,-0.07102291,0.71157867,-0.42064732,-0.1608729,-0.1866403,0.21087213,-0.56464785,0.5599469,0.09151199,1.1037608,0.072519474,0.22553955,-0.8381639,0.02663022,0.39642206,-1.3252167,-0.12044689,0.5812625,-0.49865738,-0.2538348,0.24509269,-0.5852381,-0.37647074,0.58355063,0.43715543,0.385544,0.17979936,-0.4864728,0.5333313,-1.222282,0.060191628,0.4235762,-0.36962387,0.010699848,-1.4606212,-0.9284576,0.37889946,0.6129432,0.6048733,-1.490649,-0.15067637,-0.42874917,-0.14785741,0.41872028,-0.27739468,0.35232723,0.20059226,0.20070241,-0.75842625,0.99250925,-0.5155913,-0.17013633,-0.3973945,-0.1892702,-0.7264611,0.60299355,-0.5671129,-0.81901896,0.33434594,-0.8852634,0.8290899,-0.22704843,0.30753383,-0.6519479,1.0765027,0.03570628,0.5316535,-1.3908128,0.13288702,0.056848407,-1.8466624,0.32557133,0.2438591,1.0317982,-0.41961002,0.5079292,-2.4404485,-1.2984868,-1.6176274,0.42876214,1.3340325,-0.5056187,0.36980924,-1.2159635,0.65613323,-1.1983316,0.43673012,0.8269515,-0.8712264,0.8913896,1.0270321,0.82027406,-0.70544463,1.5509905,0.22787978,1.0332674,1.2640197,-0.634965,-1.0918206,0.9204593,-0.15184684,-1.1338854,2.0274117,1.5344143,0.7763285,-1.3969132,0.11775974,-0.37857315,0.54160845,0.16615644,0.7175034,-2.4652052,-1.0600557,-2.0506465,0.021117562,0.7758403,-0.32933995,-1.7983491,-0.8184073,0.5188562,0.7493996,-1.6366587,-0.21999146,-0.6872929,-0.05509247,0.21989985,1.3219461,0.2452821,-0.19216114,-0.8760945,-1.6724311,-0.32049614,0.32238436,1.7118282,1.3076987,-1.7964112,-1.797437,2.945967,2.0827427,-1.7016414,0.016178872,-1.0075479,0.4162912,0.17293936,0.43475947,0.26957053,-0.49317122,1.1185107,0.9907169,-1.4756252,-0.5754502,0.67783666,-0.3693523,0.6627712,0.34546107,-1.2950281,-0.5273737,1.0054766,-0.48199597,1.1433654,-0.70694715,-1.2736366,-0.0668351,-0.5674686,-0.6289081,-0.365503,0.08538182,0.8636358,1.2964312,0.3313991,-1.4343897,-0.5264986,0.2052736,-1.0864184,0.44911775,-1.2399871,1.784274,-0.8153388,-0.1860906,-0.40615225,0.70955545,1.3419182,0.013543054,-0.20598003,-1.5112189,0.037277892,-0.78747624,0.26616484,1.3996714,0.25506687,1.037528,0.5870914,-0.9759683,0.9241704,1.4116385,0.8943442,-0.75200844,-0.74876344,-2.408994,-1.4035343,0.62837875,0.22074665,-1.274776
http://www.benchmark.org/family#F5M60,0.70666933,0.41851375,0.3304504,1.2447754,0.25701028,1.1433479,0.22800465,-0.08420434,-0.32164994,1.6047516,1.5834423,-2.8969166,0.039410193,0.41932616,0.45932773,-0.58782685,0.9962338,0.06454438,-0.3639533,0.011132731,1.8491805,0.21473664,-0.69220954,1.0475765,0.6317051,1.2240475,0.6039058,-1.897418,-0.2863022,-0.34528542,0.5357547,0.19147792,-0.80830765,0.72852457,-0.66159624,-0.19082652,0.24155065,-0.15878282,0.18317805,0.90842736,-0.4443469,0.047202498,1.5320923,-0.45381725,-0.24758096,1.5620774,0.14741139,0.59109044,-1.3488749,1.3618094,0.035871077,-1.0660425,-0.27866924,0.182745,1.7933544,0.009581461,-0.38675356,-0.37156695,-0.73040336,0.9647463,1.4938298,-0.690317,-0.93859214,-0.26734805,1.7641423,-0.17800556,-0.5890633,-0.51524556,-0.27353433,0.086387224,0.42369217,1.0508751,-0.5312159,0.04695882,0.9734683,0.5793861,1.5107714,-0.6081256,-1.5393541,-0.61847544,-0.23897788,-0.45280603,-0.22039856,-0.68033206,0.38332507,1.8384999,-1.3427635,-0.10120644,-0.24313337,-0.63969064,-0.7336356,0.6757195,-1.8185351,0.27175185,0.55816615,-1.3773001,0.19001544,-0.033654366,0.5236995,-0.33849815,-0.8101847,-1.345501,-0.17667982,0.29561406,-0.7706707,-0.7811152,-0.18640774,0.23184818,-0.17112993,-0.47720942,-0.40740693,0.16262156,0.3616085,-0.4634529,-0.1532617,0.09633445,0.2895587,0.535297,0.05667909,1.0513291,-0.8065359,2.2636192,2.6654775,-0.36293265,1.2989103,-1.5632089,0.56857634,0.045799702,0.74748075,0.37717548,-1.2289612,-1.928167,0.938011,-0.20027956,1.9011065,0.86768365,0.2479065,0.30970567,-0.19623828,1.2404655,0.29905054,1.0949713,-0.12735283,0.8165764,2.3026154,-1.375884,1.308318,-0.55790555,0.26748365,-0.4264326,0.91294837,-1.5691053,1.4196924,0.2528594,-0.87333274,0.47904664,0.29869056,0.27571818,1.5755435,1.3769071,1.1258347,0.7091074,-0.0949052,0.59287125,-0.023508815,-1.0934317,-1.99474,-1.4585439,0.59695125,-0.065588385,-0.9729944,0.09609609,0.28193292,0.48923442,-1.328703,-1.1069758,0.66826844,0.89127,0.6144445,0.5419969,1.01462,-0.5838314,1.2314913,0.95577186,-0.34717578,-1.1160419,1.297002,1.0456352,-0.44860998,-1.3241217,1.3787464,0.58941275,0.16593534,0.35590866,0.08404035,-1.7446506,0.8818182,1.7027498,2.5252447,-0.46171203,-0.36523837,2.1340911,0.3566533,1.253631,-0.49886948,2.1704009,-1.2961973,0.29420057,-0.5840992,-0.46467468,-0.11260821,-0.45431817,-0.24810152,1.2974609,-1.7211956,-0.8448296,1.3214966,0.29616934,-1.0035067,0.55418384,1.2442904,0.024663638,-0.0984958,-0.42020354,-1.5472016,-1.5346955,-1.6486382,-1.7132529,-1.1363279,0.5728988,-0.23850954,2.3580124,-0.35368788,0.22411554,-1.3611046,-0.44194916,-0.87519467,0.55743957,-1.1955104,0.30721837,1.5241052,0.77827054,0.8982568,0.43251944,1.0247512,1.0118136,0.7047684,-0.17851573,1.2186823,0.29620722,1.1567352,0.07428443,0.21168041,1.0591449,0.68863606,-1.179091
http://www.benchmark.org/family#F6M98,0.3483842,0.4397575,0.081329554,0.8316591,-0.2958203,0.6125865,0.7381094,-0.35513023,0.5949162,1.2659347,-0.16738227,0.3738622,-0.009223258,-0.037384357,-0.35425916,0.154809,-0.7832653,0.3617858,1.3169744,0.31287852,-0.7696817,-0.59346,-0.63238186,1.0784715,1.1672387,-0.253669,-0.54741067,-1.213081,0.36384392,0.6312016,0.18907325,1.8532414,-0.63542026,-0.2187126,-0.36886674,0.1623983,1.2912449,-0.461651,0.030269962,-0.007920603,-0.08161813,-1.3035474,-0.20789441,-0.39322942,-0.97421473,0.73502403,-0.069736,1.2792867,1.2607282,-1.1398182,0.027579522,-0.8328592,0.18201765,-0.58878285,0.31348044,-1.0702406,0.4057585,1.7786431,-0.35379362,-0.27138507,0.9668522,-0.16314417,1.5144026,0.18092313,1.3236251,1.4037812,-0.031525724,0.058881797,-1.1015079,-0.19000703,-0.4084775,-0.06312618,0.49119917,-0.13512215,0.90933746,-0.32387507,0.087760895,-0.83509606,-0.02520281,-0.39541632,0.35170004,1.1254488,-0.5154062,0.38466337,1.2475393,-0.13109018,0.05900019,-0.49838832,0.8859951,-1.065799,-0.41062844,-0.41667494,0.29538757,-0.94159645,-0.015761046,-0.20846082,0.8458985,-1.1256192,-0.41017532,0.88861495,-0.48485425,-0.6876668,0.6384579,0.3590623,-0.5762611,0.75020134,0.28129965,-0.34102368,-0.3018929,-0.44407746,0.453506,0.6141656,-1.0442415,1.042664,-0.018606119,-0.3962506,-0.43490016,0.2841721,-1.1777296,-0.59733725,-1.1207936,1.2695131,-0.019926824,1.2937036,0.59603924,-1.3545477,-1.710435,-0.2611083,-0.26358628,-1.4724468,0.4476093,-0.018769005,2.3838956,-0.37641403,-0.5002974,0.72242844,0.79628426,-0.987905,-0.43309587,0.59191626,1.2894882,0.63172615,0.24969248,-1.3547895,-0.63646984,-0.62413484,-0.74627876,1.2239368,-1.4377003,1.7946445,-3.0658479,-2.256555,1.9410151,-2.0188084,-0.45968306,0.8829104,-0.054620028,-0.24605533,-2.253861,-0.8739466,0.51296574,1.7775158,-1.4905682,-0.20648916,0.8774051,0.4134486,-1.1296308,-2.0066862,0.15138146,-0.7665124,-0.6038569,-0.4637647,0.07450434,0.31009305,-1.1364274,-0.39325237,-1.1593895,-0.35649306,0.42642054,-1.3008329,0.10154532,0.5005555,1.2583365,-1.4700407,-0.10693804,0.32261252,-1.877511,1.1702057,-1.8157479,0.26646426,0.4605631,1.6266146,-0.88741255,0.1467855,0.18224679,-0.2689132,0.52173,0.6526031,3.3207667,0.17179528,-0.70674837,0.8965083,-0.2660735,0.3041093,0.41967872,1.0391065,-1.0745641,0.08742027,-0.08993217,1.7424649,0.5413329,-0.86200947,-0.48649725,0.30413803,-0.052122626,-0.48484,-0.06650467,0.33925566,-0.114437945,0.8797191,0.50404316,0.46863067,-1.6699609,-2.4651594,-0.19002424,-0.10158395,-1.4623141,-2.5986164,-0.29948372,0.9668519,-0.4501061,0.9967773,0.6704393,-0.30295265,0.09109404,1.3089522,-0.27689767,-0.5285066,-0.74201506,0.5106122,1.5666573,0.5691423,-0.16587557,-0.350014,0.8923488,-0.6409509,-0.334833,2.6795266,1.4380137,0.62979496,-0.5466525,1.0985441,-0.52697766,-1.2688303,1.0149069,-1.1338089
http://www.benchmark.org/family#F10F195,-0.46253586,0.24798527,0.69784045,0.415854,0.0008038542,-0.80627686,1.1750842,-0.23040509,0.43866315,1.4250365,-0.12235052,0.14323357,-0.5889988,-0.18905444,-0.0955151,-0.75835204,0.21355282,0.038072072,-0.5529414,0.07723763,-0.24963152,-0.19001888,-0.36900085,0.98840004,1.0862231,0.40304843,-0.49460608,0.036844857,1.5090096,0.121154234,-0.050933793,-0.8934384,0.40689936,0.22672202,1.2762781,-0.37482,-0.117429815,0.0533017,1.6206986,1.1293856,-0.01645104,-0.45125818,1.3020447,-2.2472491,0.74137086,0.47985506,0.19472335,0.23636967,2.2089217,-0.22109482,0.61317056,-0.52101576,0.110262305,0.16176495,0.18271056,0.2834818,0.45768425,0.78512245,0.30312672,1.4483999,0.80598354,-0.18677588,0.001388221,0.9869582,1.4281609,1.5720155,-0.31391472,0.5219085,-0.1482203,0.40148586,1.3778181,0.2619931,0.7690118,0.49612352,-0.73998135,0.06858579,-0.536251,1.4366254,-0.4122125,-0.24999656,-0.25075606,-0.2139128,-0.006704896,0.17008403,-0.849637,-0.3601834,0.5620984,-0.9980061,-2.0697784,1.0561666,-0.30298397,0.8562834,0.026785562,-1.2575556,0.34997484,-0.569954,-0.46812406,0.40454003,0.066104,-0.22157545,0.662308,-1.685281,-0.15367511,-0.61981994,0.77801764,0.30933934,-0.0308204,-1.327305,-0.05282628,0.9157852,0.21240026,0.52276623,-0.91571504,-0.096309595,0.11858921,-0.17500228,0.7990683,0.38513145,0.60729814,-0.5143636,-1.3025353,0.3210537,0.18257236,-0.08555198,-0.5982904,0.009211152,2.0107846,-0.8662541,-0.62410253,-0.39772037,1.2183963,-1.369714,1.2880257,0.08858379,-1.4227353,0.59822226,0.5122709,0.7598889,2.0759387,-0.7566285,-0.7338353,-1.5058416,-0.17619742,0.96102166,0.9899136,-0.0468041,1.0889897,-2.1307478,-0.25919724,0.7467192,-0.7696898,-0.6548694,0.066160426,0.030717209,-0.31431714,0.025287248,-0.46673667,0.5574366,-1.0440941,-1.0785795,-1.2679558,1.8288543,0.3023434,0.35091746,-2.5183365,-0.5892447,-1.2561318,-0.044112064,-0.5922774,-0.15372068,-0.42867395,0.4206802,-0.9056944,0.81065995,0.022142367,0.5392982,1.2627573,1.9370291,0.44326785,-2.7153091,0.5211285,0.13636494,0.4252816,-0.60067636,2.1113224,0.0011884819,-0.51844245,0.5310751,-0.6976812,-0.9012632,1.3657913,0.90558016,0.23093902,0.9511838,-0.709877,-0.38214672,1.4829476,-0.42529863,-0.48456526,-0.06933526,0.2924996,0.7464733,-0.44959986,0.13196515,0.1738437,2.2124507,-1.7121875,-0.5134489,0.049664833,1.9802463,0.3950558,-0.56452,0.3137786,0.4619619,0.40932527,0.7915224,-1.1566619,0.5333596,0.36766154,0.23482803,-2.516926,-0.33091894,-0.8930406,-0.5243213,-1.2646241,-0.2418096,-1.4433676,-1.5282482,-2.0980403,1.4923037,-0.41062498,0.9287494,0.5177922,0.4931375,-0.12812494,1.1635846,0.12585765,0.17146026,0.68580306,-1.2706988,0.87206244,1.5247844,1.3170834,-0.14434563,0.065511174,0.27926832,-0.07904693,2.629125,-0.91558266,0.79920536,0.8497736,-0.7431145,-0.023808701,-0.31596902,-0.78592485,-1.1203493
http://www.benchmark.org/family#F2M27,-0.76852506,0.8495772,-0.17321385,-0.033632245,-0.21156104,0.3891817,-1.2858336,0.07804423,-0.86098886,0.6689207,-1.8490242,-0.39231437,0.37675035,-0.29841122,-0.04118793,0.77391446,-1.0302471,-0.22373399,0.74979585,-0.17450379,0.6983162,0.4691848,0.14004672,0.25106215,0.7395731,-0.14879735,-0.2404247,-2.0901766,-0.3057753,-0.0051394347,0.18413591,1.2933029,-1.2854108,-1.296171,-0.07899463,-1.3007306,0.187161,-0.30742756,0.600945,-0.018945385,0.087753706,-0.24902226,-0.110975124,-0.9375507,-0.7076839,-1.0354276,-0.57431847,0.40115294,1.7186773,-0.3846985,-0.13048866,0.3854567,-0.06176763,0.026512412,1.815319,0.052359886,-0.025331473,-0.70276344,0.21755826,-0.4072953,1.1422671,-0.60027266,-1.632472,-0.45519522,-0.2702032,-0.11404749,-0.583766,1.9163067,0.47853625,0.8087546,0.005486475,2.0171592,0.51781964,-0.29236895,0.76690143,-0.506783,-0.4189811,-1.291373,0.2122317,-0.10885442,-0.7204715,0.45277703,0.16734992,1.3493007,-0.7877215,0.64863986,0.59981805,0.15965958,-0.3806568,-0.27716443,-0.112464875,0.010134725,0.3457901,0.09475674,-0.20931019,0.38568053,0.21701002,-1.9251181,-0.08233579,1.3180703,0.025888106,-1.8023796,0.5381852,0.7426465,0.15160325,0.049096346,-0.43262798,-0.7564088,-0.19521621,-1.4745538,-0.47850525,-0.34713045,0.9322251,0.51093715,-0.95981723,0.04843992,0.44936934,0.95851403,-0.08173129,-0.5664987,0.05283244,1.1966491,-0.5966366,-0.42159078,-0.44117805,-0.61435944,1.0153918,-0.1314477,-0.27687812,-0.36394182,-0.62324226,-0.55635583,-0.12243832,-0.16844407,0.47867298,0.4659231,-1.491604,-0.89220184,-0.050091658,-0.102343634,-1.1684802,0.52845806,1.2967482,-0.04653919,-0.014514364,0.026558563,1.0088207,-1.0782446,2.0030453,0.5805309,1.9799032,-0.2556458,-0.317213,0.5281251,0.45369473,0.42269638,-0.61539924,1.7090707,-0.76692134,0.1195652,0.5382488,0.060948696,1.2724819,0.6459276,-0.11367549,0.4013762,0.23072568,-0.83029693,0.009929531,-0.6015966,-0.28679684,-0.8083261,1.6050416,0.21812059,-1.55893,-0.79805624,-0.7287448,0.51942295,1.0576622,-0.34468064,0.48144075,0.95173126,0.54154754,0.6801181,-1.0462382,-0.09148367,-0.6535752,0.30037004,-1.7816606,-1.5487083,-0.16540396,0.069661625,0.2288378,0.8154619,-0.50364596,-1.9057724,0.17585973,0.90802974,0.12555386,-0.5761089,-0.7294955,0.4312563,-0.84420305,-0.17499375,-0.38882893,0.44951817,-0.4331589,-1.2151464,-1.1615636,-2.3953183,1.5148089,-0.32865426,-0.10388418,-0.46483538,0.89193255,-1.3649542,0.45552516,0.98022676,-2.068171,1.5693754,-0.24965325,1.9544612,-0.320627,-0.78586936,1.4857856,1.1710627,-0.88477284,-0.624834,-0.0031989587,0.30895823,-1.5394675,1.2340914,-1.2213959,0.56495196,-2.0226424,1.2325723,0.8034931,-2.2364583,-0.13778324,0.5647609,2.317618,0.7072367,0.65044683,0.73265296,0.27124262,0.5522128,1.1451114,-0.14502612,1.7739543,0.14239603,-0.36678717,-1.4247655,0.10608974,-0.6663633,1.2898046,-0.31264868
http://www.benchmark.org/family#F7M112,0.9847035,0.5300003,0.41352803,-0.5727863,-0.91321415,0.7886999,0.04891108,0.63208836,-0.113883525,0.78527164,0.16441576,0.6657705,0.14876083,-0.06952211,0.24369673,0.72693413,-0.35571638,0.07505369,0.12668446,0.3330155,0.11657133,-0.53975683,-0.14121224,0.052983202,0.903452,-1.2976847,-0.08306376,-0.33951846,-0.6353434,-0.48802492,0.47203717,-0.08797486,0.7770196,-0.82115054,-1.1648115,0.10273379,0.057027824,1.3119109,1.0034986,-1.213353,0.3209206,-0.6668666,-0.43329012,-0.38120297,-0.04311737,-2.2846293,0.018726418,0.4330762,1.2555838,-0.88899386,0.98980206,-0.37624428,0.7383863,0.13861299,0.8607779,0.45330116,-0.39281908,0.27025107,0.9945616,-0.54374385,-0.8686552,1.1732671,-1.8385798,-0.43574902,0.19038574,0.50887203,-0.14086813,0.5075088,-1.1248384,-0.24805695,0.97997475,-0.25294715,-0.051932815,-1.7956468,0.16339517,1.1378026,0.37299576,0.7417467,0.12996776,0.009627893,-0.63618475,-1.0852275,-0.8390044,-0.040798873,-0.08474518,0.30933788,0.78436196,0.69122803,-2.2113013,-0.7607876,-0.106373176,0.7199157,-0.32426414,0.18800774,1.2903968,-0.8368498,-0.833399,0.4355646,0.45133254,0.25061172,-0.07678936,-2.7729588,-0.25091678,-0.8865948,-0.14992517,0.1888935,0.29239833,-0.186363,0.3598311,-0.4358444,-0.18077408,1.2036048,0.14958094,0.48344547,0.4449736,-0.35381925,-0.08714224,-0.6983269,0.41103008,-0.4170258,0.44030774,1.4387178,1.3863456,0.111719705,0.23137727,-0.27367252,-0.19852757,0.07528797,-0.18555927,-0.018497206,-0.94184583,-2.337338,-0.4784376,1.4038664,-0.21982908,1.2040753,1.0530419,-0.2836687,0.5357806,0.19923653,-0.539997,-0.7564859,-0.3430082,-0.6115651,0.63984126,0.9645477,0.16948126,-0.017829945,1.926915,0.9043263,0.5170049,-1.9472976,0.6407558,0.7339127,1.5208746,1.0205861,-0.18455262,0.7878216,-1.3797072,0.66757977,-0.01829663,0.16680397,-1.652944,-0.6424946,1.115253,-1.5459955,-2.1835554,-1.8266834,0.39214563,-0.30979294,-0.45455638,-0.22599776,1.5925376,-1.3151952,-0.6124309,-0.2907663,-0.6539629,0.2973509,-0.26440093,-0.7566662,1.3845632,-0.19894484,1.639941,0.65426075,0.69522953,-0.192748,0.06209836,-0.26197654,-0.85782486,-0.55534947,-0.053791363,0.8886275,-1.1775342,-0.41692382,-0.71314836,1.5038124,-0.18969212,-0.6298205,1.2526375,0.269376,-0.012450682,2.383237,-0.15638496,0.6621128,-1.195117,0.68109757,0.39973184,-1.0212965,-0.5684275,1.2225598,1.0008911,-1.2448174,1.5080913,-0.2238801,0.5484043,-0.1555543,-0.7068035,-1.6956064,-0.8770451,0.8267124,0.34756038,-0.432003,-0.35954696,-2.6121395,1.7546592,-0.16272238,0.5289851,-0.83386993,1.1638113,-0.61461425,-0.8676956,0.8933238,-2.8250735,1.2327259,0.5964573,1.3212852,-0.024396496,-0.5584565,-0.77641004,-0.009638323,0.097130224,0.30422333,0.05431724,0.83222204,2.0518,-1.9465764,-0.56965894,0.71196896,1.9084123,-0.66296023,-0.45451403,-0.3705409,-1.2458532,-1.598534,-0.117057614,0.1368619
http://www.benchmark.org/family#F9M149,0.69720703,-0.09042125,0.10702737,0.8118401,-1.3883669,0.22181347,-0.864759,0.6956683,0.049748737,0.7264375,-1.669806,-0.8916329,1.4549007,0.50082874,0.45251256,-0.26779148,-0.78153074,-0.2381676,-0.1618642,-0.43193668,-0.4516503,0.3487828,-0.67626876,0.5111883,0.20221272,0.7964386,1.1807978,-0.7349972,1.0178133,0.5718413,-0.49222532,1.5655521,0.73118675,-1.2961234,-0.08064072,-1.0494763,0.52744484,-0.6018823,0.9372381,-0.3220712,-1.8132399,-1.0094411,-0.1787211,0.13891745,-0.24605379,-0.12940452,0.10947774,1.7328103,0.36234432,-0.7716607,-0.85980743,1.320371,-0.21186416,-0.14480753,-0.17188346,0.49443623,-0.1766156,1.6960286,-0.47037196,1.3591083,1.059997,1.8024104,-2.088996,0.5767531,0.33966005,0.06197733,-0.40081465,0.059206,1.3679414,0.5546223,-0.16850328,-0.43916413,0.21751249,1.0061462,-0.9080399,-0.55263627,2.2127962,0.31318942,0.3180404,-0.20463052,0.58122,0.01871597,-0.6842951,-0.20906354,0.28860876,1.0638095,0.7874959,0.7229034,0.3692997,0.14422584,0.31782436,-0.081916496,0.72160923,-0.4823021,0.5819733,-0.62101984,0.6322012,1.36672,-0.17338952,0.6602252,-1.7550597,-0.47294614,0.65740097,0.31491145,-0.54253554,0.8490721,-2.001129,-0.07111177,-0.2651941,-1.135392,-1.4032537,0.2385339,0.15215641,1.2446824,-1.1359262,-0.012169112,-0.9436067,-1.4815553,0.10883551,-0.34750888,-1.7566668,0.8398965,-0.50695306,0.06705893,-1.3215618,-0.8450423,-0.49911883,0.07770854,-0.39584714,-1.33731,-1.6823325,-0.91638577,1.9753038,1.427359,0.9731045,0.14148082,-0.16546427,-0.1923674,-0.9548155,-0.083566174,-0.39390534,0.9608497,-1.1645775,0.10577207,1.6154611,-0.35693797,-0.50012857,0.46658868,0.3889858,0.4569269,1.8949586,-1.3249013,1.1451131,-0.2807471,1.2599804,1.119096,0.03624638,1.7478224,-1.2450279,0.47132814,0.9123159,0.111732416,-0.49134693,1.67183,0.08074218,-0.23536994,-0.3028134,-0.13182263,0.99597985,-0.52440965,-0.90981364,-1.4062678,-0.93757737,-1.0276703,-1.0174346,-1.3083483,2.051247,1.8898569,-1.1174998,-0.27442542,0.6512886,0.3702759,-0.25659037,-2.045925,-0.8225143,0.22670823,0.38755,0.1106069,-0.1244429,0.5792567,1.2232503,1.1333784,0.56633526,-0.6204949,1.195287,-1.6753213,1.3482912,-0.38122615,0.78927445,1.3886387,-3.4782693,-0.67974895,-1.4657043,0.12707049,-0.5218014,1.169952,-0.11955844,0.16368538,-1.3180027,-0.5938293,-0.2815007,-0.7356283,0.791921,1.2427748,-0.84706414,0.8717737,-0.46962756,-0.13464302,-0.20023182,-1.8600732,0.22341794,1.1017951,-0.8686245,-0.29549843,-0.63582385,0.58373654,0.10840333,-1.3973391,-0.7826357,-0.12731232,-0.38425696,2.11284,0.56614006,-1.0555346,-1.4623266,-0.7654321,0.8392555,-0.31933078,-0.8801138,-0.05605444,4.1149244,0.031131487,-2.082924,0.67997223,0.1986389,0.71155006,-0.33580536,0.41529602,0.94788677,0.49139825,1.2572361,-1.5569901,1.7099428,-0.32208893,-1.1775066,0.054379944
http://www.benchmark.org/family#F9M153,-0.42265126,0.1772538,0.44216082,0.75418985,-0.32293501,1.2506318,0.22970618,0.6156384,0.24210984,0.96425,-0.60916674,-0.71390283,-0.10147887,-0.5082035,-0.49686134,0.65449435,-3.0434165,0.19014926,0.43000138,-0.08780599,0.9717798,-0.77280635,0.020618144,0.6284688,1.0941046,-0.28482687,-0.4520457,-0.5049073,1.4227414,-0.36805916,-0.6438079,0.19657558,-0.3881694,-1.3856429,-0.26977414,-0.11800438,-1.7304102,-0.041348185,-0.06404385,-0.21347742,-0.5487008,0.750418,-0.41680855,0.019056857,1.0008324,0.62591916,-0.2334329,0.31249556,-0.055578444,-1.207709,-0.518976,0.7328804,-0.70359796,-0.042300086,0.8223103,-0.9411494,0.38898572,1.0098073,-0.4068658,0.06278131,0.5616223,-0.7806721,-1.4468801,-1.2895391,0.70040953,-0.61359,0.75592864,-0.7132716,0.07851233,-1.2306827,0.89167553,-0.50174433,0.24806723,-0.43954083,0.19697128,-0.08245764,0.011437736,1.0650498,-0.7135639,-0.27253583,0.8965559,-1.2507596,-1.0011514,0.02042492,-1.5134672,0.11419022,-0.7974197,0.9284267,0.71158594,-0.4581248,0.27496803,0.11964086,0.3576016,0.41816515,-1.1825869,-0.065707736,-0.39723176,0.12523185,0.07140602,1.3698708,1.5960649,0.4408289,0.5641928,0.738888,0.23744719,0.13791214,-0.3406728,-0.3733693,-1.2416979,-1.7414124,-0.4111032,0.15285337,-0.684761,-0.45936087,-0.26842153,1.3911026,-0.51084995,0.1319439,1.169943,-0.20393401,0.093026444,2.006048,0.27164853,-0.57457674,-1.5597636,-0.3066302,1.0203905,0.26956248,-0.81518567,-0.9287788,-0.9981877,-0.95673037,1.9899126,-0.006602317,0.13691878,-1.0144796,0.2980354,0.6402798,-2.0283566,1.5022718,-0.086763114,-1.0233665,-0.4598461,-0.25037384,1.0639973,-1.7973104,0.61712855,0.5270212,0.1513652,0.30253297,-0.93926096,-1.7544146,1.0480963,0.3881963,-1.053317,0.5174405,1.4885647,-0.40322766,-0.4360632,0.9675333,0.4006393,2.5133095,-0.32679725,-0.22622204,1.0533851,-1.1268814,-0.38167095,1.2658677,-0.552183,-0.44663674,-0.7421385,-1.0037032,-1.4130187,-0.0038262494,-0.121846594,0.11348538,-0.55260324,-0.13203369,1.2457334,0.12161425,-0.4727353,0.8417357,0.52729315,1.637448,-0.36672172,0.06675323,-0.04388707,-0.18944271,-0.62342113,-1.3341038,1.6072301,-1.2160528,1.4307876,0.9166237,-0.40241653,0.2107369,0.9175101,1.1961472,0.2503929,-0.35446832,-0.010794135,0.4639573,0.27272552,0.44536084,-1.0774395,0.7768433,0.9500764,0.08118202,0.3866962,2.3362367,0.21095206,-0.45593047,0.6051296,-0.22426575,1.1826586,-0.91724813,0.29297566,1.2734221,-0.31016687,-0.5125135,-0.40718177,-0.45962936,-1.4184848,0.18899877,1.3308585,0.6935043,0.07565764,0.87803787,-0.36302897,-0.9949476,0.9950167,0.8267432,-1.1329606,0.23806465,-0.8552586,0.5268624,-0.46581048,-0.19266537,-0.40924895,0.71418196,-0.19354911,0.27198902,-2.1090052,0.018739494,1.9883326,0.59160835,-0.91011614,1.51974,-0.2686916,1.1065136,0.14138927,-0.3461726,-1.0022058,1.7606647,0.93807065,0.6531252
http://www.benchmark.org/family#F1M4,1.0309186,-0.1724903,0.17626643,0.6744648,-0.10382078,1.2743133,-0.5204963,0.33094978,3.0958977,0.9473112,0.083244994,-0.47779092,0.50294405,-0.699339,0.44384053,0.42444918,-0.9269432,0.33113694,0.45585632,-0.8073497,-0.87280345,-0.29505455,0.6034609,1.335567,1.3137671,-2.1508138,-0.27666804,-0.94581944,0.19867681,1.0285149,-0.058490735,-1.1365731,-1.3018385,-0.23764837,0.3281821,-0.14779298,1.1604176,1.1456937,-0.88090825,-0.4650735,-0.36748952,1.8534553,-1.3352001,0.20653078,-0.31549048,-1.3556272,-1.4782321,0.28405556,0.11031254,-0.70008934,-1.802967,-0.72494006,0.7216657,0.09322731,-0.39894927,-0.33607078,-0.27312416,-0.5836756,0.6249298,-0.8572196,0.0607459,0.20814174,0.23051758,1.4626002,-0.7857238,-0.6643885,0.23536548,1.3901595,-0.044221222,0.08781044,0.83110076,-0.6257053,-0.5043686,1.1831347,0.9030517,2.4651158,0.34503502,1.1175481,-0.4916979,1.500324,-0.46207845,0.87642294,-0.96827745,-0.16694301,-0.18763523,0.3113941,0.52250004,-0.39016113,0.54832643,-0.6127474,-0.0785974,1.1959776,-0.5137315,-0.09473479,-0.05974873,-0.6202806,-2.4582257,0.5478675,1.3475027,0.82222444,0.24800442,0.35975474,-0.29498088,-0.9386888,-0.2948295,0.6820549,-0.29583758,2.3345635,0.16160499,0.27357784,-0.60426897,0.914945,0.45789158,0.060074992,-0.5753711,-0.1306105,0.87219226,0.8112454,-0.24738665,-1.1228422,-2.1304357,-0.07185704,-0.2532485,-1.1960182,-1.2665459,0.04922571,0.2496162,1.5325849,-0.44079548,0.25351405,-2.1172774,-0.91430664,1.6753117,-0.7679061,-1.0341928,-0.16156842,-0.1485106,0.8499975,-0.5766884,0.019789513,-1.7425855,0.8710467,1.5755515,-1.3566477,-0.70995784,0.15562065,0.9111171,-1.0015495,1.9829774,-1.2650208,0.45040262,-2.1754196,-0.0021713555,-1.2611576,0.1982368,0.88930786,0.5435322,0.5909852,-0.57701063,-1.2703204,-0.12461298,0.5106904,0.7523424,-0.37975922,-1.0138228,-0.17992404,0.07513286,-1.1109751,0.59623116,-0.14607215,-3.0272474,-1.3554442,-0.42447597,0.053024344,0.3971272,0.37261733,-0.061085388,0.75548804,1.4611033,0.23159994,-1.4972215,0.76999664,1.2421696,0.84699976,0.7717317,-0.68479496,0.8043509,-1.9977018,0.32636812,-0.8220882,0.14616245,0.31294444,-0.31851548,0.7274828,0.38944742,-1.318233,0.5129327,-0.4148269,0.015029994,-2.6350048,-0.44742954,1.1400613,-0.22490156,1.0822622,-0.19863985,0.23890743,1.7019827,0.4354403,-2.5085754,-0.42974448,0.7264662,-0.53939956,1.9605671,0.54688233,0.09078887,-1.073654,0.8531124,0.12960422,-1.3090152,0.33450633,-0.16297987,1.0953412,-2.896244,-1.0956634,-0.040990602,-0.68198204,0.35331246,-0.92799675,0.23418431,0.99054396,-0.6704512,1.4347919,2.2614913,0.75203365,-0.76980144,0.01324909,-0.015001271,-0.7308878,0.82794124,0.6454056,1.8793018,0.8901328,-1.2958297,0.117655665,0.33972135,0.37230858,-0.9993846,2.035073,0.823005,1.1491082,-1.1994079,1.0576656,1.8238128,1.8111304,1.5570531,0.6094167
http://www.benchmark.org/family#F9F140,0.07438004,-0.22244993,0.5425578,1.1143304,-0.76207185,-1.1996665,0.40082142,0.14164001,-2.416432,-0.029447654,-0.17851757,-0.3683088,-0.13866949,0.217911,-0.16342491,0.32547978,-0.27849504,-0.29497707,1.1844649,-0.28179634,0.13340807,-1.0738786,0.7084795,0.6433811,0.5395615,0.24060267,0.18836266,-0.28137907,1.0879925,-0.081629656,-0.7502657,-0.6258262,-1.066185,-0.8705648,1.0688481,1.7972785,0.043561872,-2.3591151,1.8444562,-0.70885247,0.69390464,0.3438831,-0.28885394,-0.04255359,0.30785665,-0.14524755,0.18023309,1.5141387,-0.2570492,0.3003987,-0.8131538,-0.66706806,0.34991995,-0.19548656,0.6979538,-0.022891184,0.011996102,0.17699884,-0.4967435,0.9463865,-0.542337,0.8872068,-1.7361212,0.055410787,0.124265514,0.7487085,0.7038103,0.29245627,-0.10634261,0.054353736,0.41827694,-0.5124145,1.5465286,0.37217605,0.18649715,0.0013334111,0.032161873,0.40061426,-0.104986206,0.56078315,-0.7589914,0.269896,-0.3719704,-0.11674844,1.300668,-0.12558255,-0.39616218,-0.1928135,0.4337045,0.689081,-1.03662,-1.534913,1.1856546,0.0011717031,0.9560267,-1.0110388,-0.13496739,-0.5420243,-0.25306624,0.5748646,-0.20442691,-0.107028686,-0.77916217,0.5189084,-0.21611567,0.12015143,0.018890958,-0.5697791,-1.2931855,0.40539488,0.04867786,-0.008990533,0.39213723,-0.23739097,-0.019538146,0.22460502,-2.7730277,-0.58417,0.7211157,-1.6956524,-1.9644489,0.5096912,-0.8474486,-0.8609673,0.23258774,1.1308062,-0.23212393,-0.2144725,0.064097375,0.62167954,0.018651346,-1.6830089,1.0417933,0.8384484,1.2052432,-0.5198101,0.70453274,-0.0105162915,1.0805267,-1.7140449,1.4313056,-0.2797719,0.21422027,-1.0112966,2.0817468,1.3522457,0.26906282,0.37910807,1.5327005,-0.31643343,-0.54021114,-0.8175705,1.954546,-1.6155006,-0.13765481,0.3178868,0.2822607,1.4214606,-0.79359025,-0.46576956,0.11507982,0.09190311,0.50566286,0.62351894,-1.5094535,-0.39834198,-0.02952936,1.033509,0.8994937,0.5266759,-1.1893771,-0.61917716,0.32747886,-1.4893074,-0.19483115,-1.225187,0.4633685,0.04918058,0.26534367,0.27540427,1.1716887,-0.79889816,-0.3034666,0.032062653,0.14635922,-1.2515187,0.9048916,-1.4896853,-0.9827307,-1.9526362,1.3741251,0.1944183,0.34436315,-1.2396513,-1.330026,0.9970466,-1.1467569,-1.915883,-0.606577,0.39252937,0.04871373,0.28052917,-0.1363233,0.2603282,0.7828665,0.20685437,-0.20431215,0.6399195,1.2995387,0.63009465,0.124599606,0.18274662,0.030588603,0.75300765,0.47478586,-0.22913224,-0.5278873,0.3352295,-0.6868357,-0.967833,-1.225085,0.7887816,0.51807445,-1.2446685,-1.62312,0.52540064,0.37778977,-0.2550556,-1.1005461,1.4012216,-0.3120507,-1.6348218,-0.039571173,-1.3924857,-1.683655,0.8906932,-0.04861463,0.28379932,-0.85445195,0.6974931,-0.36267275,0.5238996,-0.3920211,-0.061418638,-0.17861177,0.9455422,0.0982091,0.5930933,-0.16525123,0.6678101,1.3787141,-1.3214315,2.5510404,-0.03773704,0.3948243,-0.3017386
http://www.benchmark.org/family#F5F62,0.11047533,0.061395258,0.9198334,0.12181788,0.5836186,-1.9956076,-0.16098247,0.64707565,0.32595775,-0.079636455,-0.2658153,0.7571404,0.17622665,0.379771,-0.06428275,-0.045962892,-0.4066504,-1.180333,1.2391219,0.6528247,-0.87835574,-1.2775718,-0.058966722,-0.36508167,0.4318336,0.39763027,-0.037536673,0.3782673,0.07846516,0.6500652,-0.8342946,-0.9054402,0.28983986,-0.5556798,0.29575056,-0.7069341,-0.36758652,-1.019086,1.2756584,-0.6306385,1.094271,0.5339129,-0.8473643,0.17825189,-0.20577781,-0.27777463,-0.68134964,-0.50535715,-1.9611717,-0.041500967,-1.0397784,-0.76638025,-0.7068028,0.4758459,-0.001594689,0.4512169,-0.6916906,0.05785267,0.58073294,1.0593619,0.6571049,1.5181168,0.13392903,0.047024608,-0.039557043,-0.65028,0.5719796,0.14475591,-1.3584881,0.8269188,1.6515409,-0.091857016,0.02464193,-0.34736302,-0.45124134,0.588218,0.09362671,0.30547616,0.14514327,-0.7323916,0.41657382,-0.3405626,-0.53687024,-0.16213502,-0.74642843,0.5302432,-1.8108119,0.9079902,0.22314067,-0.24434796,0.18969618,1.3095549,0.30998337,-0.32279086,0.032832883,-0.121144146,-0.5701422,-0.89313954,0.38155326,0.7328999,0.70310146,-1.0464267,-0.2985815,0.6539586,0.46395075,0.17308283,-0.1706567,-0.6034903,-1.2285651,-0.88950694,-1.7898871,0.91092217,-0.17293747,0.5305073,0.40663627,1.2212768,-0.1769634,0.23483573,0.24979255,-0.8353221,-0.8079969,1.2790502,0.039069753,-0.07970307,0.75016946,-0.95034736,0.90989625,-0.46223995,2.344442,0.44642305,0.6391955,-2.3187463,2.1346211,-0.012648805,0.24091397,0.5811385,1.69754,-0.34097204,0.5648874,-0.25442418,-0.2680211,-1.4435519,1.9455055,0.32540047,1.5176419,-0.7977461,1.2790492,-1.2789874,-0.6186574,-1.3351793,0.43618745,0.20577048,1.0871093,-0.33406207,0.66781646,0.7968203,0.37549627,-0.65475416,-0.06531938,1.2296132,-1.0080757,1.48913,1.8605686,0.7163855,-0.31890017,0.8416021,-0.54527134,0.39769557,0.052682888,-0.62229776,-1.4623488,0.27134937,-0.8520909,-0.5662812,-2.6189616,-0.11484854,0.3012344,-0.30050373,-1.142868,-0.5132915,0.42823994,-0.16731413,-0.9085473,-0.17759754,-0.4234932,0.5524529,-2.1733856,-0.18201306,-2.6719935,-0.7549652,2.527127,-0.96643573,0.8845765,0.032434925,-1.2443414,0.89706784,-1.6344231,0.16873944,0.53306335,0.03857898,-0.5078869,1.3892542,-1.4418174,-0.13717687,0.32740724,-0.9201863,-0.121161744,1.0089486,1.4471136,0.47376493,1.087876,-0.65958476,0.24751511,-1.4243517,-0.046956975,-0.24214351,-0.3652842,-0.83522886,-2.7648115,-0.023673262,-0.35855925,-0.2100198,-0.08673237,-0.3442692,0.42388496,-1.6591692,0.44089928,-1.6374131,-1.7657473,0.1019179,0.5784274,1.5673567,-0.29505306,1.8406119,-0.8485313,1.7192051,0.09545092,-1.7508577,1.0729135,0.22722307,1.0876447,0.20324013,-0.373201,-0.5194616,0.23602831,-0.7210319,0.1307981,-1.3967565,2.6694949,0.6793701,-1.9030687,-3.0955207,-0.17195892,1.1195161,-0.20311181,0.95813257
http://www.benchmark.org/family#F5F65,-0.47770435,-0.24020849,-0.2036197,1.0825565,-0.014409909,-0.26642013,0.27803075,-0.6068883,0.1698099,-0.21106498,-1.2112164,0.42832264,-0.9240758,-0.23515457,-0.4315172,-0.5093215,0.16059473,-0.38729143,-0.91177565,-0.026930079,-0.71850276,-0.924927,1.1672938,0.48650417,1.3595657,-0.6403188,0.47630575,-1.9031696,0.116077036,-0.5906607,-0.45196906,0.28757957,-1.2809685,0.25255042,0.5341676,-0.4125757,-1.2918162,-0.77336407,0.39233246,-0.30469394,0.46910793,-0.56925255,-1.0424807,-0.08102739,0.11066267,-0.77759147,-0.0491136,0.89366966,-0.1459846,0.98513645,-0.7065428,0.16107887,0.54446536,0.2109743,1.4610219,0.21961984,-1.2501955,0.17505243,-0.7448068,0.9419595,1.1312976,0.62642837,-0.85218066,0.21905524,1.1061078,-0.3816452,0.043450378,-0.8376234,-0.19102402,-2.061758,0.43573797,-0.19504453,0.012357667,1.9034312,0.6201895,-0.23651995,-0.81114584,0.1622824,-1.0828303,-0.10342825,-0.28351173,-0.09263605,-0.5503283,0.14563395,0.22800177,0.07407687,-0.2303064,0.050945006,-1.0293107,1.2275839,-0.3172039,1.4604821,-0.12485126,-0.39080703,0.17433879,-2.1217806,-0.057185937,-0.353767,-0.58343714,-0.45097172,0.6935344,-1.0768156,-0.12937185,1.979725,-0.109732874,-0.21534252,-0.71490735,0.18071494,-0.019023018,0.380604,-2.068172,-0.12805693,-1.7671195,-1.1901804,-0.61073846,3.0823848,-0.75747025,-0.39519477,0.2091502,-0.17274326,-1.5006942,-0.21395738,0.64801544,-0.4439076,-0.9200132,-0.27284268,0.21408843,-0.16341622,0.012382578,-0.035897546,-0.6306534,-0.4124394,1.5504473,1.4834585,0.6731669,-2.7698176,1.5550648,-0.24761862,0.18418998,-1.002242,-0.5198354,-0.16044123,1.166119,-0.24329577,1.5692557,0.31004626,0.53317,1.1296551,1.9337354,-0.010500997,0.5780205,1.0879141,0.74969447,1.8672184,-0.05720298,0.505774,0.49112546,1.6051748,-0.90134436,1.1833892,1.4434689,2.1237638,0.11356702,1.1173766,-0.2087627,-1.2680185,-0.8597132,-0.29957134,-3.029714,0.49190044,-0.5845253,-2.0848873,-0.28363925,-1.6805425,-0.850845,-0.6788484,0.5811293,0.17326833,-0.34296158,0.7712045,0.030948166,-0.2800128,0.26141185,0.60572976,0.92590714,0.6117682,0.55297947,-1.7273924,-0.98532987,-1.5588257,1.6795999,-0.1668904,1.9974073,-1.0018605,0.84902316,-0.054370705,0.8689952,1.2485385,2.3218336,0.6058782,-1.0316013,1.0915035,-0.6514282,0.91983074,0.16409533,0.44719326,-0.14662574,-1.9724957,-1.2946763,1.9253446,0.663616,-0.2534389,2.6499612,0.8686518,-1.9261372,1.5853426,1.265438,1.0849,0.31073838,-0.18160816,0.53589886,0.7859325,1.0578706,0.12655738,0.020872107,-0.94052446,-0.42120042,-2.9237328,-0.6421557,-0.22806261,-1.2565541,1.8309757,-0.18292639,-0.38143185,-0.46907157,-1.661135,-0.31164306,0.3277007,-0.82096666,-0.97615695,0.18912648,2.2567601,1.3158253,-0.047232773,0.19019578,-1.2661335,0.25261685,2.1827345,-0.59939903,1.3308362,0.017997,-0.5367951,-0.6749632,0.10789926,1.9615698,0.5069334
http://www.benchmark.org/family#F6M85,0.16442376,0.61611205,-0.49667495,-0.16008706,-0.06303698,-0.26686537,0.5531711,-0.4238115,0.8794882,-1.0310358,-0.31675386,-1.1713269,-0.33664194,0.10117166,0.16220902,0.23856641,-0.9081547,-0.17602982,0.38231128,1.4797376,-0.96066093,0.23843138,0.68883306,0.3478939,0.81662893,-1.7316822,-0.39740512,-1.1638274,0.1476212,-0.1741656,-0.12388491,0.6548843,-0.5516311,-0.54858774,-0.023631644,-0.09395211,0.118962415,0.4652398,0.5554547,0.8242261,-0.96623135,-0.48839363,0.13112472,-0.6889768,1.2805554,0.08331297,-0.6813228,0.8557186,1.2449064,-0.27818978,0.6586875,0.18070255,-0.5266029,0.28274396,1.327897,-0.3590271,-0.11018657,-0.58549356,0.13740607,1.037288,0.9899562,-0.46139857,-0.08944183,0.3259693,0.7621087,0.7842047,0.89175683,0.584484,0.867317,-0.24842936,1.3766643,-0.54928184,0.14352751,0.9304625,0.4173241,-0.94505256,-0.25551522,-0.73692316,-0.4486079,-0.6784633,0.30245724,0.67261225,0.2173818,0.32555398,0.6681748,-0.23723164,0.7660521,-1.7452503,-0.0872189,0.6510808,-0.8162631,0.23504356,-0.25489172,-1.5737942,0.26962322,-0.16395578,0.41906953,0.40455636,-1.2443279,0.5673655,-0.06757826,0.41664174,0.22572096,1.3234183,0.01990885,-0.010324236,0.3544084,-0.32304898,0.15633157,0.23512378,-0.24410802,1.2320539,-0.91052336,0.21346661,-0.8063436,-0.03301284,0.07247543,0.3751631,-1.1470379,-0.11800191,-0.81497157,2.2773302,-0.62158245,-0.2539874,-0.48023823,0.58530766,0.3645119,-0.3496986,1.3727351,0.27949423,-0.36282715,-1.0529267,1.7090528,0.6266146,1.0724332,0.2879851,0.90903664,1.0598198,-0.23192677,1.263028,0.18292809,0.23877433,-0.33739778,-0.9079475,1.4350524,-0.5824634,1.4795378,-0.051848583,0.39723986,0.12200055,-0.09934521,1.1540304,2.4329383,0.66839266,-0.69093966,1.558022,-0.020519992,0.2811709,-0.40953824,-0.50947875,1.8196028,1.3191855,-0.030804891,-0.04388259,0.53921103,-0.5443728,-0.061764196,-0.9210224,0.6489136,-1.2202799,-0.38200536,-0.26492023,-0.17913198,-0.7273001,0.84091747,-0.82906103,-1.2271956,1.5939691,-1.4063996,-2.0768244,1.6783428,-0.81349486,1.25719,-0.16051848,0.28280404,-0.05576327,-1.156333,-0.119283654,-0.8963152,-1.517441,-0.5642683,1.5810181,1.1529988,-0.7774088,-0.56678385,-0.030020857,1.8343676,0.29837054,0.43004918,1.0991186,0.006137292,0.5383191,0.020758549,1.1443567,0.21172304,0.48366845,-0.44712162,-0.73602825,-1.6390117,0.4381884,0.8376436,-1.8725944,1.3611466,0.6464485,-0.5989942,0.37921953,-0.44135594,-0.013736082,-0.4435073,-0.50478154,0.264042,0.68990415,-1.1989304,0.3880844,-1.9135895,2.075576,1.3564973,-0.65137535,-1.4744712,1.7648605,-0.3279833,1.2001737,-1.0107242,-0.6378669,-1.3551149,-0.29520515,0.058849286,0.53283536,-0.27750957,0.04337371,-1.434116,0.6028809,-1.67121,0.74748486,0.3745378,1.4416001,0.97645,-0.76463073,-2.198097,-0.2921866,0.8771197,0.82942253,-1.6020257,1.5013573,0.5614681,0.86260325
http://www.benchmark.org/family#F7M110,-0.20909223,1.2254014,-0.6039526,0.03779945,-0.4470007,-0.6255277,-0.18871824,0.73379534,-0.046619568,-0.6323729,0.31534782,0.14657153,0.037115782,-0.88441,-0.07813524,-0.48562756,0.27943343,0.050548017,0.27369875,0.08495061,-0.48828325,-0.5945026,-0.22430182,1.072543,-0.33252546,0.29932866,-0.285225,-0.96198994,1.0868577,0.6278677,-0.0034743987,1.5620029,-0.15222776,-0.56864715,0.19039069,0.35760486,-0.3277318,-0.97533596,1.0685359,-0.22963627,0.08358069,-1.2086154,-0.6498138,-0.34929234,-0.40594113,-0.6582823,-0.388181,-1.1001045,-0.3489831,0.30339128,0.7900149,-0.55983233,2.01554,0.023818448,-0.33813763,-0.60871017,-0.64502114,-0.47635442,1.2341232,-0.24545896,0.8092,-1.2938328,0.5083898,-0.8517324,-0.99986255,-0.49333194,0.4388445,-0.04269945,0.36402547,-0.4259465,0.71516335,-0.26615697,-0.0773717,0.54412293,0.010467277,-0.21664743,-0.60872585,1.3012159,0.034056254,0.23563236,-1.4939818,0.6971972,-0.2152484,0.2256078,-0.54982966,-0.35974762,-0.32903716,0.42250708,1.0671724,0.11063431,-1.4755944,-0.1451678,-0.6135807,1.0177577,-0.12674671,-0.2569792,-1.3317474,0.31746954,0.43154007,0.8798129,0.15126346,-1.6354841,-0.06988595,-0.5502448,-0.9553494,0.015380848,0.19385485,-0.024480918,1.250854,0.55529094,0.3348156,0.03687427,-0.4430807,-0.03292322,0.065758124,0.108541206,0.18404384,-0.09803232,0.22976437,-1.019563,-1.3124893,1.546756,0.12279811,0.74967426,-0.2696832,-0.33925733,0.30087197,-0.010750888,0.07460118,0.2818557,-1.7751389,-0.42145234,1.1108302,-1.3786592,-0.8083588,-0.17380308,0.099910825,-1.0300024,0.90762645,-0.7392392,0.2998204,-0.015272197,0.8215019,-0.11456891,-0.12162483,-1.6595523,1.7005486,0.20740747,0.62715083,-0.34800175,-0.40928945,-0.77074015,2.0240512,-0.19737273,-0.63808334,1.0774678,-0.015347717,2.3908265,-0.1077548,1.2408011,0.077502266,0.9339721,-0.78309304,0.37355193,-1.1376206,-0.8425864,-0.684045,0.09148848,0.91936034,0.036375053,-0.619885,-1.6271178,-0.06991385,0.17325565,-0.12384882,-1.6583782,1.5556267,1.863427,-0.818873,1.0059294,1.3998545,-2.1563733,1.2047794,-0.87796295,-0.7128717,-1.984797,0.07664294,1.9697518,0.2804511,-1.415662,1.4994271,0.38825193,-0.20883551,1.4632736,-0.92551476,1.0642542,0.1769825,-2.0430005,1.8631374,-0.9714457,1.4123386,-2.2828326,-1.2796295,-1.0674727,-0.13612156,-0.66198236,0.27551675,0.19964562,0.10606422,0.906845,0.55454016,-1.3395435,0.107672244,1.7728139,-1.5668725,-0.74232894,-0.2055286,2.283085,-0.3416025,0.38331366,0.39321,-1.9118611,-0.5655699,0.03873858,1.9930562,-0.27226162,0.33905014,-1.184246,-0.06885909,-0.30708724,-1.8931115,-0.024751652,-0.073444724,0.76819223,0.5176644,-2.7908676,1.2038459,-1.2946455,1.3900654,-0.48633227,0.20367423,-0.68573606,0.4010733,0.18716624,0.27735943,-0.6639952,-0.632797,0.7519939,-0.53885263,0.9551996,0.08360593,-0.72040474,0.09538049,-0.36309215,0.36337063,0.6372305
http://www.benchmark.org/family#F10M188,-0.024842348,-0.3513249,0.27822456,0.9486739,0.7105695,-0.006333584,0.31960705,0.14842732,-0.06834696,0.7566028,0.24451739,-1.4178253,-0.9472434,0.5520119,-0.31679386,-0.04455505,0.46689257,-1.203078,0.7555104,0.10255251,0.2559137,-0.49094933,-0.7855458,0.9003487,1.0621634,0.23617059,0.92912596,-1.5371008,-0.05810863,0.6206014,-0.2729278,-0.8080705,-1.0104681,0.17253463,0.47743866,-0.014268882,0.31654474,0.7391688,-0.3987342,0.8017937,0.9376778,-0.07280825,-0.6501699,-0.42366162,-0.066049844,-0.3251568,-0.60071796,-2.0904455,0.25837058,-0.4190748,-0.36684746,0.24385098,-0.065151185,0.72331965,-0.4599886,0.17568842,0.20474887,-0.19325502,-0.67027557,-0.26745945,0.28156245,-0.47574678,-0.8023189,-0.36423045,-0.4554532,-1.2525321,-0.20391546,-0.25310022,-0.24464154,0.19177766,0.43345723,0.23181279,1.0874448,0.29280153,0.57560813,-0.067707606,-0.28402877,-0.56225187,1.1446981,-0.09969595,0.2256134,0.25649783,-1.2134151,0.17943434,-0.2616514,0.18069033,0.03993366,0.14349568,0.50886905,0.060799375,-0.5392845,-0.12772188,-0.0335375,-0.17868295,0.71592426,-0.13263169,0.72718537,-0.6445934,-0.027732914,0.5010745,-0.35277244,-0.4751469,-0.17524269,0.7859775,-0.5965123,-0.28424332,0.52754974,-0.019981598,-0.40205145,0.13393849,0.24876064,0.7981924,0.3842417,0.24339978,-0.17152075,0.10011836,0.38443297,-0.1743366,-0.12948784,-1.2172464,0.27453387,1.8033202,0.38525733,0.57296896,-0.5007102,0.004113813,0.649906,0.30915797,-0.5890674,1.1057713,-1.5832006,-0.7331974,0.0031402549,2.0040786,-1.6361654,0.507475,1.1399664,-0.7843843,0.62529033,1.0061021,0.19868803,0.15040445,-0.1770822,-0.51005447,0.6913688,-1.0433142,0.24835615,0.038058788,1.4184418,0.29179105,1.7816687,-0.9350588,-0.027913233,-1.6013159,0.23851208,-0.23407732,-1.2237895,1.2420549,-1.9559674,2.630913,0.7666071,0.81009144,0.41793716,-0.5253613,-0.5385825,-0.9883703,-1.9255121,-0.8340614,1.4232311,0.8286357,-0.90562737,-0.80043435,-1.4246212,-0.118520126,-0.36190248,-0.8729817,1.3278196,0.7808621,-0.7643838,0.24846497,-1.6223618,0.2457913,0.042615414,0.73594344,1.2198098,0.057434656,1.4154624,-0.08718392,2.0353475,-0.5563059,0.6419748,-0.034737863,1.861645,-0.30756938,0.44609421,-1.5332028,0.63671696,-1.1289456,1.2306141,-0.15475157,-1.8725079,0.39849845,-0.1233555,0.042785633,-0.32092163,0.0144248,-1.0271714,0.54749876,-0.2816403,0.9453637,1.3917305,0.26806685,0.64514047,0.58980817,1.3918704,-1.0207,1.3877515,0.9652694,1.1831851,-0.0015918165,0.08678207,0.091654256,-1.2825001,1.1173935,-0.44429052,1.1425674,-0.08106636,-1.4760195,-0.36188188,0.79561156,0.25712016,1.0219839,-0.8068051,0.63572305,-0.5559824,-0.56352574,1.5993732,1.0985467,0.043979272,-0.99796677,2.4842436,-0.17048363,-0.91912925,0.497888,0.22541696,-0.71989703,-0.5369192,0.7209714,-0.19534029,-0.08403294,0.30041173,0.569698,0.81965756,0.48062107,-0.776481,-0.16870494
http://www.benchmark.org/family#F9M167,0.3428252,1.5151329,1.7736257,-0.508142,0.25747946,-0.26172283,0.29948372,1.2620872,0.5447498,0.40141392,-0.9660746,-0.4840995,0.41456893,0.1797705,-0.19860275,0.8576846,-0.2268281,-0.6266253,0.52226084,0.12513885,-0.5521821,-0.05531282,0.21528898,0.7640576,1.0785651,0.09941783,-1.5869272,-1.6335274,0.4191032,-0.34205619,0.37261638,0.30602738,-0.62156105,0.32475707,0.42985553,0.1000543,-0.20988485,-0.7225722,1.1626191,0.49346983,-0.7187956,-0.0069615035,0.40280893,-0.14024356,0.5343111,0.9352234,-0.66603905,-0.34272084,0.807495,0.16166937,0.2796427,0.4413451,-0.25410792,-0.503134,0.0019823997,-0.4944104,-0.184654,-0.07227004,0.15650003,0.79045683,0.4619247,-1.1675286,0.6035163,-0.7101248,0.38984102,-0.1803536,-0.6257891,-0.6506127,0.42717704,-0.18237409,-0.61779606,0.6718991,0.1300027,0.72755724,-1.1460028,-0.11448971,-0.1081987,-0.055413462,0.15817961,0.8133207,0.04402228,-0.0665802,-1.6962243,-1.7933683,-0.20791726,0.089601174,0.3344264,0.16428183,0.43573573,-0.5768571,-0.014258828,-0.48524812,-0.6830793,-0.64018613,-1.3547798,-0.6245688,-0.7805295,0.48505554,-0.72230935,0.62925076,0.17178918,-0.863397,-0.35433358,-0.6302818,0.08549278,0.46928406,-0.27736166,-0.94699526,-0.47714487,-0.48480865,1.136742,1.8099506,-0.8168068,0.44372126,-0.2597475,-0.15533976,-0.75918335,-0.006797391,0.66295767,-0.8899672,-1.4643799,0.048721112,-1.2003489,-0.25719798,-1.8799595,-0.1727716,0.8251059,-0.11081701,-1.4444063,-0.64909786,0.8661544,-1.0696348,2.0989954,-1.8069528,-0.4445596,0.15896834,0.10893689,-1.7046646,0.6153655,-0.08198054,1.4603248,0.38023278,-0.04397448,-0.656705,-2.0328567,0.3061659,-0.108678676,0.6925159,-1.2771208,1.4014188,1.2815144,-1.421599,0.5956838,-1.2622936,-0.04201801,0.5850416,-0.36497056,0.63951945,-1.5824902,-0.32928127,1.2604257,1.6249474,0.44013828,-0.36940578,-1.103918,0.35083437,-0.1424023,-1.6080663,-0.111349866,-0.6537829,-1.6842638,-0.49818984,0.54694015,-0.23283723,-0.42081267,-1.2741189,1.2610549,1.1817808,1.1879908,1.2918996,0.12427322,0.5809596,0.4767078,0.34352055,0.1639345,-0.14087048,1.5852759,1.0441035,-2.1377468,-1.6626921,1.6264439,0.85485315,-0.21702112,1.1265535,-0.37900862,1.1286062,0.033085957,-0.5900535,0.6223566,-1.0076829,1.5939507,1.6324767,-0.10774062,-0.0550241,-1.0954462,-0.09039113,0.03224892,0.1877296,0.30421725,0.24736606,1.6628109,-1.1563437,0.24199846,0.045909766,0.4895071,0.39885277,0.7752001,1.1286535,-0.23979503,1.0909759,2.0639277,0.2836801,-0.17269075,-0.8687904,-2.1129606,1.5018272,0.7191798,-0.23657416,-0.19714059,0.46724287,0.086154975,0.25168732,0.22675261,-0.34820905,-1.4253292,-1.6642565,0.089494325,1.1925012,-2.106369,-0.6907581,1.9733,0.3629975,-1.1909626,0.30242866,1.0771679,0.3547969,0.6885992,-0.38853794,0.13456431,2.531972,-0.7476744,-0.27894083,-0.86790943,-1.1407706,-0.03938563,-1.7872791
http://www.benchmark.org/family#F6F84,-0.7072358,0.5440438,1.0158296,1.7799028,-0.1976262,0.2573749,-0.7741366,0.26544175,-0.07501386,0.02551448,-0.68639475,1.2611567,-0.6590199,0.12786381,-0.24569233,0.4251311,-1.0742633,1.0006205,0.56491596,-0.7246651,0.10131526,0.061133612,-0.395836,0.12540597,0.016436765,-0.51955396,0.036003083,-0.90205914,0.29694057,0.14559281,-0.83105433,0.102144994,-0.86798584,-0.28362945,-0.36775807,2.0849495,0.3256285,-0.3942994,0.8546921,0.24083231,-0.48346606,-0.18513525,-0.29038775,0.5561229,-0.3351364,-1.3147162,-0.5019467,0.6714229,-0.2577182,-1.530525,-0.14286515,0.82210726,1.79595,-0.9415475,1.3407825,-0.067972474,0.27453658,-1.025608,0.72613704,0.04065691,0.0387895,-0.2965053,-0.66515595,0.19085562,-0.93219215,-0.18149,0.40263003,-0.6907547,0.26421505,-0.11691571,0.57546055,-0.2640149,0.7790702,0.9425271,-0.03501711,0.6392642,-0.58834195,-0.60521394,0.2954104,0.22387187,0.93705386,0.9956124,-0.60203665,-0.0059725847,-0.21701325,0.111869164,-0.20653564,-0.55304855,-0.5064287,-0.03960688,1.6326357,-0.81827563,1.1898035,-0.5919759,0.17885181,0.3717455,-0.40105698,0.79677975,0.38014954,-0.7166841,0.91326094,-2.0462615,0.21005873,-0.9808089,0.30477428,0.50213444,-1.0202036,0.1855867,-0.37312704,0.24772725,0.48432982,0.69111174,-0.121971026,-0.1359462,-0.14283055,0.52782494,0.08519163,-0.16668051,-0.06899769,-1.3617296,1.2316831,0.41365543,-0.6661492,-1.1758382,0.5669268,0.22334571,0.74840724,0.34210446,2.4167604,-0.24819946,-2.0136445,-0.705731,1.2205098,1.309743,0.81848776,0.7433049,-1.4180421,0.30009103,-0.32237557,1.3471525,0.123488955,0.062273636,1.4057126,-1.9861609,-0.070646316,-0.1861166,-0.2516898,0.45229608,0.729231,0.8397755,0.965932,-1.3713745,1.312508,0.09797357,-0.18452652,0.87374496,1.7764522,-0.20804444,0.21803786,-2.3524568,2.1280096,1.5592378,-1.3198805,0.9581648,-0.9229514,1.1312413,1.0690266,0.29825613,0.55851334,-0.24643649,-0.73711693,-1.8244754,0.30764246,-0.88317037,0.5494242,0.43523282,-0.44481742,1.2845854,0.50326,-1.5496478,-0.339188,-0.7157267,-1.1403406,-0.3829759,1.4343586,-2.0883172,2.5460272,-0.93476593,-1.2765816,-1.6188267,1.5224613,0.68436825,1.7497315,-1.1339823,0.015523411,0.63651115,-1.9396591,0.86895156,1.1217772,0.7437067,2.597721,0.69457346,-0.66446954,-0.09225173,-0.06602338,1.6187545,-0.96594006,-0.09171112,-0.1389462,-1.1890137,1.7866515,-1.1050014,-0.7254686,-1.0986968,0.08653874,-0.7902898,0.36337912,0.2700291,-2.173043,2.220108,2.6768804,0.11370694,-0.84630287,-1.1550167,-1.4347787,-0.025069324,0.15155551,-2.2327807,-1.5333427,0.03440662,-1.1211101,0.670587,0.27596772,-0.4738582,-1.460356,0.9202475,-0.25023177,-2.8737783,-1.2094915,-0.530388,2.0819287,0.062940165,-1.4071152,1.0155175,0.1319223,0.9667971,-0.77524686,2.1368017,-1.5809467,-0.1976907,1.3140296,-0.6170292,1.1780026,1.8868014,1.4158618,-0.9274445
http://www.benchmark.org/family#F9M146,0.3809759,2.1632414,-2.061343,0.5337056,-0.27961043,-0.32377297,0.5184649,0.30898827,0.06823588,-0.532066,0.11517758,-0.3748771,0.22246073,0.01615212,-0.7043209,-0.5858262,-0.55350274,0.41619956,0.5240778,0.7505923,-0.977912,0.168649,-0.6595671,1.8903903,0.8964757,0.47059274,-0.3562219,0.6890136,0.41638032,1.2153225,0.4447062,-0.49958605,1.4670982,-0.09347011,0.094228074,0.38363975,0.2788282,-0.6773055,2.0156894,-1.6972479,-2.0482726,0.656603,1.0202484,-0.5370655,1.300491,0.16290337,-0.20663974,-0.060991928,0.41946182,-0.95949584,1.5224197,-0.38779145,0.46265653,-0.8271269,2.6420918,0.48614666,0.0994901,-0.14349991,-0.16007042,1.4129635,0.66001207,-1.0417347,-0.72849876,-0.2095512,-0.8588524,-0.76707745,1.0131842,-0.044935007,0.7517821,-1.4812416,2.4613643,-1.030086,-0.20592329,-0.21870662,0.3353921,0.49498132,0.94741285,0.3595492,-0.18241893,0.03995547,-0.24795882,-1.222646,0.22495338,-0.5201274,0.393451,0.05061962,0.7963199,-0.52041006,-0.79400957,0.1742087,2.3602507,-0.26810542,0.80097574,0.29975608,0.0013176862,-1.4961132,-0.1654282,0.26367655,-0.03213925,0.9569424,0.049489662,-2.4348948,0.29823932,0.7575635,0.17216468,0.35243487,-0.65698534,0.1272913,0.19548641,1.143214,-0.9757045,1.0711416,0.25836673,-0.15057962,-0.14336587,0.38964197,0.5828392,-0.14484134,-0.020021832,-2.0266697,-0.7522633,0.04669074,1.3167982,0.7342203,-0.2664084,0.8823895,0.272758,0.22089829,0.6498643,-0.4080343,-2.3092558,-0.7655816,1.4661796,0.20612185,-1.1217057,0.25998566,1.3193792,-0.29526487,0.030036096,1.192356,-0.8332182,-0.7181982,0.74088913,-0.07149336,1.3923405,0.83202094,-0.47762907,0.6243268,-0.69096667,1.0361952,0.6168308,-1.4187261,1.9593058,-0.10146684,0.47123554,1.0746472,-0.34654447,1.1873828,-0.07851659,1.0488429,1.5719973,0.061895814,-0.20949984,2.0447214,0.7657896,-0.29485,-0.64036614,-0.19959597,1.2046456,0.90917903,0.026701435,-0.15313938,0.477676,0.8195399,-1.7147815,-0.35718858,-0.51778513,-0.66032064,0.57057804,-3.567602,-0.3179411,-0.12833689,1.1382315,-1.0204691,-0.862252,-0.6623011,0.63161725,0.4221213,0.34241614,-1.6580745,1.3684695,0.9811691,-0.48953432,-0.77796733,-0.55365694,-0.4432692,-0.37102202,-0.39836422,0.47253555,1.4228013,0.22575031,1.4441502,-0.59454083,-1.3200437,-1.5389333,1.0088427,-2.0835192,-0.28428775,-1.2474898,0.7469222,0.7150046,-1.6162632,0.04486152,-0.27175695,1.5960194,0.23564894,-0.9797165,1.5848159,-0.13254553,0.8912628,0.16726838,0.6917777,-0.29318485,-0.90445644,-0.16730586,1.3249735,-0.6068391,-1.6313791,-0.7230376,2.1567872,0.36769056,0.30332816,-0.62791234,-0.62771153,1.4020319,-1.6772329,-0.114386484,-0.47204363,-0.47470728,0.88338655,0.62977153,0.93982404,1.0268909,0.13111947,-0.67049474,-0.79511184,-0.7412595,-0.11611565,0.7012182,0.17533676,-0.7914459,-1.8860074,-1.6476287,-1.3713694,1.7148142,-1.3778329
http://www.benchmark.org/family#F6F70,0.76702243,-0.641412,0.1033366,1.2290558,-0.637906,-0.43202257,0.1923231,-0.30439565,-0.012779614,0.15372132,0.37893185,0.05330363,-0.35204813,-0.08912539,-0.14813614,0.8225638,0.6726042,-0.21622333,-0.25828975,0.37417915,-0.32762358,-0.3221685,0.7137352,1.1849674,-0.1958456,0.5456377,1.1721951,-0.52092516,0.5680398,0.64749056,-1.3606886,-0.13621339,1.9713054,-0.5638124,0.07242344,0.13454024,0.24076825,0.026105657,0.9321588,-0.2604544,-0.59453243,0.12974478,-0.51599723,-1.1548615,-1.0283647,-1.0736588,-0.3943314,0.033986878,0.26020083,-1.5164047,1.2335283,-0.20536314,0.029294366,0.12591332,1.275448,-1.0284902,-0.25022087,0.44920173,-1.2223659,1.2741109,0.48102042,-0.58538413,1.8333502,-0.05779698,-0.14816226,-1.4399897,0.13310547,0.419835,0.35452622,-1.2459838,2.0284274,-0.9225038,0.4256515,0.19077799,0.36888093,-0.23373458,-0.10972497,0.40241307,0.45960975,0.059174467,0.48767412,-0.36866632,0.036801405,-1.1163353,0.9539647,-0.5477323,1.0266054,0.112244464,-1.4665024,0.36549914,-0.8706723,0.57429504,0.5465783,-0.92134523,-0.9593689,-0.572205,0.31954882,-1.4961928,-0.14486209,-0.07872569,-0.36204228,-0.8161812,-0.7451057,0.68722737,2.1698625,0.17375734,-0.9543274,0.54986566,0.23182194,-0.38689193,-0.45812234,1.1040293,-1.049458,-0.3078896,0.19178025,0.6325068,-0.25486282,-0.5188727,-0.2501473,-0.45065147,-1.4106523,-0.75372165,-0.19710644,2.7804308,0.73021793,-0.18489175,0.0043351674,-0.7470172,-0.1872804,-0.706723,-0.3337057,-2.1566958,2.5636582,1.7627652,1.244503,-1.463176,0.18525153,-0.51242024,-1.5630193,-0.122226536,-0.09240383,0.073687315,2.0007436,1.5772337,1.5403637,-1.8121746,0.21169575,1.0301542,0.9481708,1.66768,0.05438289,-1.6630455,0.9319194,0.26827037,0.5532327,3.1227634,0.9530246,0.6820702,-0.36868078,-2.2208102,1.6602758,0.9097127,0.004027641,0.61294854,-1.2143251,-1.1279792,-0.8673952,-0.48348346,-0.060856648,-0.036692355,1.2604388,0.3575477,0.5410507,-1.3665134,-0.74270403,-0.46901,0.5307882,0.88139087,-0.22475222,-0.66850847,0.30713016,0.68345827,-0.4080607,0.8706311,-0.8435112,-1.0083884,0.31289664,-3.1471581,-0.62270933,0.37761456,1.6682428,0.60182124,-1.4340291,-1.1776501,-1.2959286,-0.49474666,2.1911979,0.25294092,1.6132085,-0.8536823,1.0914716,0.87526137,-2.6200397,0.56227154,0.94241315,1.3583909,-1.7383224,-0.066136755,-1.5362579,1.2582837,-1.4035318,-1.4403604,2.126985,1.0985181,-1.7797176,2.068985,-0.6172762,-0.40754116,1.6504685,0.0018833524,-1.7822176,1.1096616,1.051133,-2.816782,-1.1663733,1.206772,-0.5908306,-0.033567365,-1.3655218,1.0844296,0.44989815,-0.71643054,-0.15112717,-0.17577899,-1.0845858,-1.1787683,-1.3865733,-0.12672287,-0.59200144,0.43098068,2.0273595,1.3551313,1.5544844,0.21649578,-0.48034847,2.0511937,0.2468313,0.49851903,1.1277894,0.2577802,0.8004562,-0.10279963,-0.10241234,0.03130909,1.170189,-1.020259
http://www.benchmark.org/family#Brother,-0.56916183,0.7849351,-0.16666293,0.6143959,0.6703703,-0.040318858,-0.026813157,-0.012634174,-0.32633588,0.09138743,0.11833696,0.06679131,0.7460143,0.8620706,0.50627834,2.7756648,-0.60197306,0.08997954,-1.1161761,0.34471628,-0.10020773,-0.36794016,0.4036171,0.08339284,-1.1559495,0.19317669,-0.87151283,-1.2881016,-0.43840903,0.99399364,0.027929885,-0.11412448,-0.9851766,-0.8503698,-1.2192465,-0.08544382,0.91744435,0.9812722,0.21428172,-0.45192733,0.48494104,-0.4614002,0.0220543,0.007838976,0.31768978,-0.5270013,-0.61319387,0.3503886,-1.04024,-0.083974294,-0.2543164,-0.043176897,-0.1801334,-0.3026916,0.19998251,-0.5825728,0.86292595,-0.054843422,-0.15628599,0.74858767,0.47841796,0.0035666274,-0.57224685,2.0360012,0.26174134,-0.46048865,-0.17444684,0.6537883,0.28343624,-0.69355226,0.94672996,0.107814826,-0.034098193,0.12281262,0.05959649,0.3153638,-0.7988801,-1.2248801,0.09103998,0.1539126,-0.17095089,0.41413477,-0.9347118,-0.32513824,-0.32534885,0.52473086,-0.11003189,0.3381288,-0.72527486,-0.48286834,-1.2374358,0.46480826,-0.42534927,-0.15401942,0.4169768,-0.30565506,-0.588868,0.46154234,-0.60601246,-1.3278804,0.29824585,-1.0198181,0.14215644,-0.7875769,0.32694694,0.15051351,-1.961127,1.2347592,-0.1170084,0.14175817,-1.7826127,0.118437394,-1.4710476,-0.38400468,-0.8062519,0.20324163,-0.028401088,-0.37367868,1.1395551,-0.117152266,-0.6540507,0.4032458,0.3262506,-0.47511867,-1.3047392,-0.57748556,0.5298696,0.23007387,-0.20339932,-0.8768414,-2.1583517,-0.7485229,0.15287547,0.3803927,-0.71969557,0.9939564,2.5560865,1.292556,0.18328813,-1.407221,0.23526731,0.36981693,0.9306226,0.32730857,0.6557319,0.49054044,1.7859585,-0.3949453,0.3702022,1.6228946,-0.103867374,-0.56005234,0.35754126,1.9713354,-0.138229,1.302066,-0.6321594,0.031104699,-0.8655241,-0.10429532,0.81351614,-0.27605662,1.3276647,0.0690734,0.44841382,-0.27271536,-0.8691356,-0.46304452,1.5393108,0.62175864,-1.451638,-0.6643942,0.8604792,-2.02129,-1.46223,0.877468,-1.0997479,1.2718017,-0.2742451,-1.3353093,-2.030946,-0.40105328,-0.34063482,0.73843914,0.5316499,-0.41667876,-0.47090796,0.40151528,-0.42593926,-1.248561,1.3052841,1.166924,2.8518803,0.5046292,-0.4876912,-0.8700406,1.4804926,-2.1683967,0.46990535,-0.12801406,-0.18109615,0.8663901,-0.5923863,-1.0430292,0.15922794,0.80810434,-0.4876177,-0.5225136,0.29762033,1.2111706,-0.43298113,0.21817394,-0.696296,1.195803,0.12190154,0.12912218,0.25199726,1.0047663,-0.30673325,0.69459194,1.2367702,1.5017805,-0.2806151,0.24134879,-0.90024334,-0.19120657,-0.15872784,-2.3491673,-0.28954518,-0.65627116,1.5786128,0.35545614,-0.9812907,-0.0918974,-0.556668,1.317789,0.106841065,-0.94493955,-2.0714915,-0.5700307,0.89205855,0.7121848,-1.3206083,-1.6892037,-1.3269252,-0.9963424,1.3243741,0.0034726434,-0.7853174,1.9784393,1.0392687,-0.32712048,-1.2786167,1.1966572,0.8308381,-2.618151
http://www.benchmark.org/family#F6M95,1.0790955,0.13790715,-0.006415293,1.4252527,-0.30056047,0.8638614,0.563585,0.3895209,-0.35353896,0.799861,-0.69754183,0.38941717,1.3459408,0.2966555,-0.5708915,0.57879084,0.08836433,-0.41568863,-0.033248864,-0.5437003,-0.65085554,-0.20480248,-0.298058,-0.27119133,1.1188188,-0.24103235,1.1321572,-1.0523688,-1.196999,0.61855507,-1.1814735,-0.6718018,-0.97615546,0.22580844,-0.06702653,1.1528479,-0.269802,0.4964847,0.8618012,-0.34471983,0.096472,-0.023687836,0.585299,-0.043373603,-0.14362264,-0.24859858,-0.15519555,-0.25369573,-0.34085917,-1.168378,-0.48117414,0.8686947,0.84350085,-0.78549206,0.081705846,-0.6010734,-0.50046355,1.8298564,0.2078608,-0.051219605,-1.3357893,-0.61858594,-0.40868998,0.755903,0.78854984,1.3665055,-0.64978224,-0.1455464,1.0705479,1.5311445,0.9014772,0.25888705,-0.005157792,-0.004011328,0.06313297,0.19094627,0.92075175,1.2066268,-0.38600838,0.4006639,-2.2020333,0.71642715,-0.91876155,-2.080608,-0.119044036,-0.040184107,-0.9927207,0.1394367,-0.45500708,0.007741309,-0.13570699,0.7068188,-0.04612152,0.42573223,-0.38115525,-0.7715938,-0.99963003,0.63736933,-0.5438959,-0.047964834,-0.22302581,1.940284,0.7778676,0.92434597,-0.1976312,0.086981915,0.66282624,0.3109252,-0.21254012,-0.05288029,0.1204171,0.07044248,-1.3563534,0.86630064,0.24063586,0.52452797,0.44206598,0.39193255,-0.18749183,-0.5608291,-0.03268738,1.4322325,-1.0426636,-1.6767379,-1.2837296,0.4839168,-0.53116786,-0.40665558,0.2871267,-0.08428031,-0.057645593,0.7958394,1.6319575,1.6702751,-0.42859045,-0.3526372,-1.156093,1.103347,-1.0169877,1.1371176,-0.5255756,0.5694322,0.81888664,0.9739953,1.8244611,-0.21548694,0.31385675,-0.63126636,-0.51706797,-1.340296,-2.1692736,-2.0758817,0.52089983,1.0985925,0.27400425,1.2977619,-0.705875,-0.0340418,-0.8731906,-0.098231025,0.02343827,0.6335006,-0.15500443,-0.22394472,-1.1665108,0.4704018,-0.9404928,0.57355475,-0.118000545,0.5110231,-0.30715263,-1.1259431,0.81024504,0.32835662,0.4808227,-1.2554245,1.4228612,0.885715,0.23875548,2.7047687,-1.3149056,-0.9227801,0.36899483,-0.59946525,0.026022904,0.007479553,0.3367506,-1.3011752,-0.7703422,-1.5815698,1.1743623,1.3246695,-1.6920909,1.3466667,-0.1465184,-1.2047052,0.52822095,0.101877436,1.7036407,1.0425109,-0.555015,-0.25064757,0.086973876,-0.780007,0.74242765,1.142581,0.21880251,-0.11174042,-0.1963571,-1.6644173,1.6697108,-1.7815031,-0.44630566,0.63600975,1.1774687,-0.44128975,-0.5121413,0.5697506,-1.6392955,1.2648551,0.15485828,0.28447542,-0.15939118,0.2117822,-0.7532655,0.59606814,-0.095277525,-2.227171,-0.4256188,0.74958414,-1.4958544,0.4844881,-0.46058878,0.9944074,-1.4651392,0.34370467,0.7978068,-0.05163182,-2.0800052,1.295802,2.743381,1.3178515,-0.014625582,1.1727465,1.2607704,-1.4265238,1.1708976,0.051632833,0.86336404,1.0855824,-0.3333041,-1.2774312,-0.087586775,0.21648556,0.24456511,0.24034618
http://www.benchmark.org/family#F4F56,-0.11195121,-0.43261003,0.40092853,-0.018136453,1.1178762,0.2050679,1.1222646,0.12085575,0.10361006,0.8880291,0.53472424,0.1552455,-0.3064231,0.14381126,-1.1606063,0.09509214,-0.7494218,-0.9904224,0.31090316,-0.5569387,-0.5301921,-1.0476797,-0.33102894,2.2649503,1.1738427,0.56630975,-0.14179312,-0.972463,-1.9981635,-0.29806998,-0.19397102,0.37868077,-0.7994352,1.684926,1.4740545,-0.2412082,-0.104363255,0.10290105,0.7705352,-0.7491458,0.4116125,-0.9863204,0.30110925,-0.5754947,-0.8833537,0.33958113,-0.4095765,0.15165128,-1.9323834,-1.2815667,0.53231037,0.30010447,-0.7263247,0.11532634,0.0060899174,0.3812606,-0.35434666,-0.6012212,-0.038835037,0.5284519,0.32414794,-0.16451691,-0.59092015,0.6357966,0.22511575,-0.06518056,-0.27341196,0.18455465,0.55892324,0.3320529,0.6980602,0.28039172,0.53311086,0.99676615,-0.8313041,0.5751725,1.1495134,0.44138741,0.77138114,0.83491504,-0.5552377,0.55774903,-0.7027735,-0.11255349,-0.5977974,1.4874201,0.110828675,0.06442227,-0.2962778,-0.10706073,-0.1560478,0.21867302,1.271234,0.37991753,0.16466014,-0.59080845,-0.23939726,-0.40726236,-0.1537918,0.80560696,0.32903972,-1.2385644,1.5942879,0.5868299,0.1680174,-0.51363665,-0.3684652,2.2983289,-0.002944984,-0.005619135,-0.14223213,1.0033028,-0.681516,-0.18615605,0.5484769,0.44881544,0.6522954,0.6053282,0.3160135,-0.7508871,0.017308911,1.2165426,-0.18545645,0.23826365,-0.043118484,0.5324529,0.44170147,0.04982719,-0.9338628,0.8662124,-0.22739057,-1.3373108,1.4565108,1.8850287,0.40473995,-0.64454436,-0.69948566,-1.0907816,-0.5627742,1.8040605,0.727309,0.52376956,1.9898889,0.50747496,0.08185292,-0.5163138,0.2899091,-1.7536662,0.3099517,0.022742614,-0.12812379,-0.5621235,1.8125966,0.32463428,-1.6716647,-0.02421509,-1.8474125,1.1671047,-1.8218699,-0.15608737,-0.56104606,1.3992198,-0.5327105,0.85681427,-1.6103569,-0.6087555,0.9904429,-2.0034108,0.2885654,-0.32137924,0.3183378,-1.1852002,0.05472626,0.1724007,-2.1035118,0.17121728,0.8948191,1.244938,-0.14092891,-1.0602266,0.13291346,-0.33387282,-0.61876243,1.2161106,-0.11295947,-0.031932127,2.0709932,0.49030823,-0.9649842,0.75447285,2.6110122,0.99314064,1.7423633,-0.55211836,0.2946915,-1.751848,-0.4783969,1.008776,0.7786118,-1.00166,0.9377186,1.3531548,0.02195784,0.5179391,-2.146808,0.5560228,0.19183442,1.6386817,1.8194586,1.4470576,0.86325705,-0.47990146,0.12058418,-0.44323894,-0.5491283,0.12913622,-0.57741374,1.1512287,-0.58650374,1.4670298,-0.04914568,1.5613474,-1.055859,-0.97980833,2.6371295,0.13683283,-0.59206265,0.37986708,-0.26258016,0.19522096,0.5318418,1.2163099,0.31148362,0.98584276,1.3100722,1.6636025,-0.4410122,1.0239488,1.2066875,-1.7240113,0.8893416,1.5690949,-0.44373372,0.5391853,1.1138275,0.9130325,1.6211151,-0.34383655,3.2912755,0.012511596,0.97643006,0.86557734,-0.98969424,-1.1459578,0.9366821,-0.6838124
http://www.benchmark.org/family#F2F15,-0.32933185,0.30234605,0.05143822,0.54596275,-0.6653486,0.615747,-1.7004688,0.71462655,-0.74583864,-1.0976983,0.3764254,-0.27693292,0.0011563895,-2.0311978,-0.44219336,1.7566411,-0.08125229,-0.2815268,0.36370057,0.058740478,-1.547561,-0.4316509,0.28901356,0.29458064,0.19174539,0.15794042,-0.025972653,-1.0819091,-1.0792222,-0.25389108,-0.31675008,-0.34310088,-0.40450618,-1.4609725,0.28352028,1.0911533,0.30262554,-0.06168598,-1.0240191,-0.16434225,0.90891427,-0.104046226,-0.54055685,0.1367873,0.47774383,-0.28124392,-1.2755584,-0.30032834,0.39892367,-0.2800974,-0.36234468,-0.015010321,0.79449534,-0.188376,0.21900894,0.25354397,1.3972862,0.003221251,-0.3511796,0.50870144,0.6447268,-0.23750493,0.46350607,-0.87125283,1.3304995,0.93284637,1.3653307,-0.14458881,0.19709983,-0.94908655,0.92693156,-0.114816524,0.17308016,0.3597535,0.9581658,-0.36658007,0.08870656,0.6473515,0.24780543,0.3298197,-0.45601425,-0.8410783,-1.6131371,0.16803396,-0.058691487,-0.6166479,1.4100002,-0.46041098,0.6526477,-0.7098981,-0.6371713,-1.3743657,-0.11182874,-0.06589322,-0.78573334,0.40302584,0.56006026,0.21377137,-0.8181875,0.78710395,-0.0400746,-0.5924972,-0.52698565,-0.17692553,0.15328665,-0.99990654,-0.65291375,0.5249117,0.22803806,-0.07985057,0.27577233,1.4443697,-0.16733286,1.315702,0.35655776,-0.13630551,-0.45405936,0.08694444,0.6284019,-1.3041495,-0.93996376,0.93530005,1.0914336,-0.09181401,0.16545783,0.7017143,0.51277506,0.23943624,0.8084168,-0.54321873,-0.07607086,-1.7691435,0.44976005,1.8813702,0.16943325,-0.20269923,-2.672432,0.27943245,-1.1265973,0.78076035,-0.05582643,-1.0148203,-1.3749033,0.91735965,-0.4182438,0.42749295,0.43332028,-1.1326193,-1.0036342,1.1453215,0.080530286,-2.2113132,1.0641856,-0.38385248,-0.56510633,1.6849383,0.99733865,1.3246078,-1.2090338,0.9637639,0.4006497,1.9120501,1.3544395,1.1251602,0.23803376,0.19105306,-0.48508435,-1.1461287,-0.76927054,-2.1775918,-1.5926056,0.30485687,0.21679492,-1.3937434,-1.2000505,-0.19420189,-0.6905491,-0.5940204,0.20039004,1.4310124,1.115918,0.9455642,1.8816419,-0.063203655,-0.06580783,-1.3725154,0.39525893,-1.7611833,-1.2398869,0.4219012,0.72660226,0.9947954,-0.12968683,1.0274498,1.3743427,-0.23976459,-0.43752387,0.03323773,0.10769025,1.9401848,-0.40802923,-0.10718819,-2.0096679,-0.10705452,1.1557325,0.59337276,0.23644406,-0.34878388,-0.90637726,1.2231096,1.5672096,1.2073946,0.4987791,-0.8660111,0.7044146,-0.124854065,0.026454898,0.66731906,-1.1224693,-0.16592729,0.19726007,-0.1087219,0.6220723,-2.1042943,-0.011858285,0.3958389,-0.17415136,-1.1106026,-0.18711117,-0.36757642,-1.1844747,0.060163733,-0.041928746,0.63955134,-0.98815024,-0.7511852,-0.07886543,-0.6218583,-1.6831867,-0.6832452,0.80987734,1.0828137,-0.2860333,0.90330213,1.4354658,0.876626,0.8687477,1.7432226,-1.3104174,0.0852923,0.7674242,0.19285046,-0.23196909,-0.75537425,0.58724135,0.4193734
http://www.benchmark.org/family#F9F169,-0.8430361,1.2945967,0.57894325,1.3626962,-0.36444476,-0.95412016,-0.16719475,-1.6766701,-0.7231341,0.62137055,-0.252224,0.5771371,-0.46329704,-0.32744145,0.6518041,-2.3065486,-1.134442,-0.28726432,1.4838037,0.54498494,0.30363703,-0.51403236,0.36793715,-0.060376115,0.77090573,-0.79457736,0.7994874,-0.9266964,1.6944007,0.0063223145,-1.0152373,0.77978647,0.5451166,-0.26832494,0.14691563,0.057082064,0.3549114,-0.080614366,1.3785119,-0.00633894,0.32059166,-0.94252175,-0.9305894,-0.5087306,-1.2030562,0.96002436,-0.7779828,0.054887693,0.032961354,-0.90490353,0.7563006,0.32706213,-1.0034246,-0.7446005,-1.1697481,-0.538351,0.31610826,-0.07373114,-0.2628237,0.19482446,-0.2265977,-0.6233902,1.2619057,0.38675657,0.57643557,-0.19001587,0.34313908,-0.45438424,0.39445174,0.42150545,1.7084243,-0.11189368,-0.43039727,0.3184265,0.31482062,0.28243896,-0.12807834,0.93279207,0.31710738,-1.1106906,-0.40138426,-0.9108755,-0.37734815,-0.3155054,0.5624894,-0.37165537,0.23979077,-0.29697224,0.003467981,1.7767003,-0.44521978,0.13905977,-0.3152691,-0.74812603,0.41605762,0.1417243,0.37155774,-0.17153858,-0.15372317,0.056908995,-0.36475304,-2.6790278,-0.0452426,0.43222752,0.12931179,0.12720867,-0.33388576,-0.09483892,0.23942098,-0.39318115,-0.59530324,-0.73535186,1.880079,0.84866214,-0.20520447,-0.92575824,0.36651033,-0.3336846,-1.0778348,-0.97663134,1.1821672,0.8654806,-0.3739106,-0.2874793,0.48503372,-1.2306477,-0.0197507,-1.2321843,-0.052494105,0.9375931,-2.273059,0.39245567,0.55788267,-0.04199765,0.21115255,1.0825789,-1.011616,0.25369942,0.80319935,-1.4828601,1.1282462,0.4351101,-0.39837593,-1.0202137,-0.24026614,0.96691334,0.6048348,0.547924,0.52803755,0.98629963,0.31135505,-1.5052186,1.3417137,-0.24017084,0.0035577486,1.0043732,-0.13817179,0.038063906,0.12921436,-1.2532034,2.0804553,1.2193061,0.75545025,1.7665584,0.10213314,0.16187838,-1.9171082,0.04422377,-0.5511851,-1.6015477,-2.5406861,-0.5389836,-0.22159638,0.29773003,-1.5708151,-0.62510276,1.2553124,2.2526255,-1.2107265,1.4511553,-1.0233914,0.5231986,-0.950807,0.7444964,0.05123812,1.3417021,0.14630394,-0.20293583,-0.8356266,-2.773514,2.174749,-0.63367623,-1.4589176,0.6804364,-0.7645438,0.35677087,0.18353775,0.9307442,0.22593208,1.0908736,1.8715845,-2.3223803,0.022290573,-0.43820664,-0.35278013,-0.47698876,0.47652322,0.36073226,-0.89003754,-0.22417581,1.1986054,-1.3673899,-0.009967625,-0.073246494,-0.39225864,-1.0941738,-0.4970484,-1.0284362,-4.009359,-0.581344,-0.68565613,-0.43959582,0.46061954,-0.9094853,-1.0853908,0.7269956,0.0429242,-1.140222,0.39604935,0.38202658,0.11062472,0.49912846,-1.0519264,-0.25747064,0.9086532,0.9029111,-1.5840956,-0.35986543,0.7290456,0.15391916,2.4510195,1.5237318,0.7106465,1.2613965,1.0458695,2.7614207,1.4901199,2.605379,0.47507685,0.9727319,-0.5997309,0.161653,-0.80430627,-0.99736166,1.4163829,-0.7984622
http://www.benchmark.org/family#F10M176,-0.21518758,0.8137187,0.017396173,0.22041586,-0.14558609,0.8204414,-0.67177176,1.0043672,-0.0182358,0.30116788,0.24105519,-0.00731501,0.1949862,0.46202642,0.00050809665,0.2587454,-0.07916206,-0.3657381,0.7638784,1.2134758,0.13231757,-1.432957,0.162601,0.18973584,0.96099854,0.12467295,-1.3072746,-0.22581239,-0.097734384,0.7220376,0.7999446,0.6086251,-0.7367924,0.16244066,-0.45344043,-0.47627258,-1.116076,0.24893211,2.243359,0.447586,-0.19460574,0.05824219,-0.43034613,-0.49704808,-0.24783902,0.083079726,-1.2375026,-0.13591869,-0.427883,-0.4287147,-0.5260649,-0.2644815,1.7679771,0.011511317,0.18409112,-1.3322573,-0.65049934,-0.026468799,0.96755725,-0.541049,0.9313623,-0.32628772,-1.1112225,0.07720058,0.8214939,-0.5835292,-0.22064282,0.19195853,-0.004911075,-0.1799219,1.4971665,-0.24069986,-1.7579681,0.3364897,0.21560588,1.2200745,-0.6806719,-0.3755475,0.7390082,0.11605211,-0.07596443,-0.30083296,0.15707803,0.14510737,-0.80193627,1.4532262,-0.19870366,-0.11176501,-0.06485769,-1.7150064,0.06911927,0.36590177,-0.15468107,-0.079487175,-0.7195765,-0.97200394,0.30972698,0.4590416,-0.8860606,0.27822417,0.0067582205,1.2606531,-0.05960512,-0.09781589,-0.16928975,1.0165272,-0.21324451,1.293057,0.553789,-0.0188909,-1.980332,1.3884919,-0.8332124,0.16638352,0.81683683,0.69210744,-1.2608787,-1.0656993,0.28316507,0.17484204,-0.7404478,1.465024,0.91311467,-0.59313744,-0.2003317,-0.47909728,-0.87825465,0.5077102,2.0222056,0.43870002,-0.9357559,-2.100314,1.7014558,-0.1626459,-1.053634,1.0155313,0.32259604,-0.19607216,0.22135365,0.085154034,-1.5516909,0.8668049,0.28007358,0.3060519,0.46782818,1.2681439,1.410505,-0.91320175,0.8525854,-0.21137711,-0.81610936,-1.7043555,0.4805584,1.3967663,-1.7961147,1.7542586,-0.21739788,1.0295714,0.46278912,0.58221984,1.2839077,1.4473474,-0.7137176,1.3354753,0.8987916,0.07164197,-2.1533592,-0.5687803,0.16856547,1.506606,-0.59252864,-0.33969766,-0.82832366,0.6312947,-0.45555547,-0.0962096,0.13742611,-0.68551344,0.5723221,-0.723693,-1.1262921,0.72734934,1.3433443,-2.3133357,-1.1628263,-0.31948203,-0.5340556,0.09508021,-2.3063595,-0.75382596,1.1086429,0.4821026,0.22423632,0.08077437,0.34373978,-1.6124169,-0.05322013,-0.98071545,2.3089619,-0.94787365,1.1014007,0.83425975,-1.2388836,-0.7060191,0.116474666,0.7312145,1.5562084,-1.6837968,0.1967156,0.1459192,1.8029104,1.0125558,-1.2427747,0.031600215,-0.15916196,-0.7640779,-0.34910423,1.793303,-2.1609359,1.1039822,-1.2788943,0.56495774,-0.11572557,0.54194206,-0.5918492,-0.013049429,1.7021805,-1.030563,-1.7612913,-1.226101,-1.2192138,0.57243854,-1.396874,0.8373228,-1.5721953,1.7646992,1.0527387,-0.6092706,-0.77368665,1.2497447,1.977987,1.5191009,1.0060283,0.9327679,0.39235583,-1.338898,-1.3645725,-1.2451589,0.020084733,0.75387406,-0.025750073,1.1236014,-0.001326239,1.4088166,0.81555635,-0.86242425
http://www.benchmark.org/family#F9F148,0.5651943,-1.2957169,0.6298299,1.2623063,0.34180948,0.21972075,2.9769907,0.66919744,-0.49309742,-0.63605416,-0.22516072,0.01479993,-0.4341952,-0.7466893,0.24436231,-0.54663706,-0.30424303,0.7165464,0.33332577,0.28059056,-0.06095673,-0.79562896,0.49174076,0.6859525,1.1412137,0.122819684,0.3804715,-0.1658626,0.13884914,0.45183706,0.39638606,-0.7512662,-0.28647152,0.64863133,0.367933,-1.2894508,-0.008570639,-0.25533924,0.06412772,0.14181735,-0.51367694,0.6502708,-0.5391554,0.23463501,0.07157078,-0.06869156,0.45266083,0.23584388,0.07264126,-0.20576912,-0.5192174,-0.46654403,-1.203504,0.044237588,0.11288329,0.932247,0.5420735,0.41998503,0.69609505,-0.40896344,0.5760435,-0.31117436,-0.9858223,-0.107761204,0.22887689,0.90498114,-0.42061278,-2.2624786,-0.07244116,-0.18176092,1.0294343,-0.0854831,-0.18947108,0.7428012,-0.0057260497,0.38910326,0.45766324,0.49878642,-0.07817727,0.0059734886,0.1530388,0.7579574,-0.17709571,-0.786659,0.0011792808,0.44254166,-0.26180092,0.20881374,-0.10117988,-0.63759035,-0.22540146,-0.36507207,-0.08392046,-0.28461656,-0.026002288,-0.0994493,0.0351651,0.40919283,-0.07486972,-1.1234919,-1.2276635,-0.68320507,0.39596638,-1.8641461,-0.3765256,-0.03834589,0.40382546,0.38452545,-0.4714602,0.0037752017,0.39266264,-0.39582768,-0.592304,0.4795506,-0.5618958,-0.35088044,-0.37206757,0.6897888,-0.6535745,-0.91818154,0.28310454,1.901556,0.12895402,-0.19162221,-0.93462056,-0.25857037,-0.06522719,1.2044274,-1.411136,-0.3576873,-0.63778186,-1.2712978,0.36715814,1.7978485,0.33146548,1.4986838,-0.87729335,-0.15806112,-0.25883278,-2.1541486,0.3679083,1.2185594,1.66779,0.051312905,1.41822,-0.87882626,0.24163307,-0.69750255,-1.0808413,-0.7274252,0.21563496,-1.297562,0.16335972,-1.4471292,0.31875435,2.2793021,2.1653671,0.2258183,-1.5238281,0.3616944,1.5965095,0.5789192,-0.81279516,2.516713,0.044694196,0.5974795,-0.6521989,0.24305703,1.4502311,-0.09409817,-0.6631336,-0.40680447,0.3162623,-0.46694365,-1.4118415,-0.3894957,2.356096,-1.0497019,-0.20081195,-0.64383715,0.36550778,0.2902282,-0.7665208,1.1631563,1.2232139,0.2476857,-0.50029796,-1.4478496,-1.7642223,-0.2953888,0.79074854,0.7570829,-0.7830262,0.56493616,0.039943174,0.6148149,-0.6942983,0.6801621,-0.05369679,1.1163208,0.71079326,-0.39140162,1.6329443,-0.81112605,-1.1633465,-0.8202993,-1.0699435,1.0337381,-0.65519583,0.7738016,0.040805686,-1.3243648,0.7432958,-0.9768426,0.495271,-0.13049725,1.591891,-0.17965414,-1.2242496,-0.27164164,0.028105604,0.40088087,-0.14554091,-1.9653656,-0.3623778,-1.1870484,-0.108148254,-2.0276852,0.29378217,1.9534045,-1.6531692,1.3782437,-0.7639277,0.43473753,1.0607778,0.107996516,-0.38541588,-0.9028085,-0.87514794,-0.64752746,0.13031748,1.0008149,-0.06895458,1.3554095,1.2353752,1.1856794,-0.26882082,-0.74035203,0.9251681,0.30645767,0.55273396,-0.3663492,0.21552259,1.0645063,-0.33882466,-1.3805841
http://www.benchmark.org/family#F4M54,-0.13351701,0.15366054,1.1471863,0.09894703,-0.18713781,-0.094583854,-0.52286863,-0.3482866,0.47222152,0.05002576,0.25987473,1.5245779,-0.47857267,1.082051,-0.20161472,-0.4060317,-0.8599225,2.1384525,0.418552,0.05952,0.8020496,0.9324622,-0.51963615,0.5566767,1.2786822,-0.3476205,-0.12940466,-1.1985666,-0.016580718,0.3460366,2.20894,-0.083972946,-0.7078273,0.32428706,-0.16881046,-1.6340424,1.4404068,0.1330744,0.09724754,-0.32338366,1.2523247,1.071251,-0.37985414,-1.497083,-0.8256035,0.70496476,-0.89247316,-2.195012,-0.30446517,0.24989903,-0.31649992,-0.34999913,-1.6626124,2.6200213,-0.10528126,0.18753356,-1.1433264,0.5899449,-0.8521673,0.9027926,0.8590825,-0.37398565,-0.12613887,0.67890406,-0.026477031,0.18109234,-0.2518373,1.432927,0.6763339,0.49129206,1.7945653,-0.029746715,0.71336645,-0.3411538,0.7166797,-0.19061892,0.21287116,0.031845402,0.11484163,0.050655108,-0.14903751,1.2926564,-1.215408,-0.7676526,0.044160787,0.63107145,0.3456173,0.34678125,0.5281534,0.8558952,-0.13600238,0.17688696,0.22041303,0.4695406,0.090082094,-0.3205602,0.12558144,0.3663678,-0.6961858,0.9151711,0.27193627,-0.5178543,0.21912694,-0.3555777,0.2798104,-0.6201549,-0.7152965,0.4079033,0.067909405,1.1409328,0.414916,0.22389083,0.055793505,0.9576895,0.11217938,-0.024084603,0.29449734,0.47874576,-0.41480875,-0.3664665,-0.81953675,1.3485426,-0.092517726,-0.16307595,0.034016363,0.23465395,-0.50818306,0.1668272,-1.3399926,0.6822044,-0.33417833,-1.761517,0.9341321,1.8241549,-0.23401606,1.8014834,-0.06705065,-0.51131403,-0.27245954,0.83314204,-0.47362083,-0.21056831,0.96289796,-0.51203454,0.67631096,1.4005787,1.5039122,2.3514154,0.24888073,-1.9824433,-1.1493213,-0.89135104,0.21442693,0.517187,0.10822401,0.5388541,-2.473347,1.7226392,-1.2059789,0.595204,1.2922195,0.17619577,0.34858954,-0.19004206,-0.2511892,-0.55189407,-1.3845388,-1.2904978,1.3569218,-1.2614133,-0.6561947,0.8341989,0.48134798,0.0841078,-1.334777,-2.4194121,-1.7296984,0.0740858,-0.52561444,0.4786317,0.8954483,0.23004648,0.03751424,-0.8235497,0.69773394,0.26840898,1.25169,-0.10893447,-0.7797866,-2.4486723,0.62085956,0.57840705,-0.796646,0.009497531,1.3233328,-1.3519422,-0.15335172,-0.85687727,-0.10679375,0.338282,0.37832573,0.19235629,-1.0415987,-1.394006,-1.5162325,0.9672723,-0.0076195817,0.5227293,-1.0300683,0.4390733,0.05496755,0.4584966,1.448122,1.288835,0.07508488,0.7111778,1.6227655,0.28548458,-0.39637223,-0.3678108,-0.09306512,0.2726149,0.6006532,0.12183426,1.3616188,0.10448938,-0.95309204,0.077283725,-0.38498533,0.7045649,-0.25169474,1.2973604,0.22836047,0.43267623,-2.4350843,-0.23258592,-0.8178172,0.038208555,-1.9347475,-0.12165485,3.2996163,0.0011737001,-1.0327516,-0.075519435,1.4163818,1.6322103,0.7072548,0.75037134,-1.4690629,3.4005659,-1.4154434,-0.32841432,-1.0660754,1.0684321,0.7590143,-0.9975969
http://www.benchmark.org/family#F8M132,0.25956428,0.88726777,0.19780973,0.7841666,0.17886181,0.92587984,-0.17393366,-0.17117454,-0.0786534,-0.09058903,-0.80560386,0.36343893,-0.9352929,-0.20073994,0.33061385,0.74563843,-0.533057,0.14575304,0.17857698,0.20412675,-1.302854,-0.77912813,-0.32856584,-0.29878572,0.9271715,-0.23768376,-0.014468149,-0.82687235,0.32938302,0.037160803,0.03325566,-1.6522675,-0.7676101,-1.1034167,-0.014766625,-0.036928885,1.2517117,-0.27356055,0.35438955,0.2640631,0.43911585,0.4479034,-0.4911826,-0.43764982,0.09637351,-0.30935413,0.27695426,0.38461888,0.4981185,-0.9160459,-0.9594154,-0.17550208,-0.88901514,0.2906525,1.1896149,-0.059820745,-0.8712173,0.05915861,0.92922187,-1.6639514,0.14984448,-0.24102229,-0.052413154,-0.1586438,-0.81220716,-0.6770075,0.36088288,-0.8522894,0.28330356,-0.05102128,0.75815916,0.6635105,-0.31699288,-0.54388,0.31458777,-1.3793212,-0.59312874,-0.5087138,-1.1130598,-1.2252337,0.04454555,-0.42547712,-0.37412322,0.17702805,0.28473037,0.5308349,0.3923468,-0.53719974,-0.58984125,0.39286903,-0.8389443,0.7220841,0.049081936,0.40447807,1.3223528,-0.46843457,-0.22170919,0.23730864,-0.14611094,-1.113348,-0.13363066,-2.4416585,-0.08634598,0.22854514,-0.33015364,0.1703752,0.23539516,-0.17932768,-0.2364151,-0.094316415,-0.08005864,0.1440408,-0.7240902,-0.017646402,0.30265903,0.112726405,-1.2631698,0.42359096,0.09219307,-0.056296874,-0.6455131,0.14821886,0.2562002,-0.2151651,-0.5797149,-0.17045125,4.1898806e-05,-0.661266,1.8366883,-1.3497945,-0.78784317,-0.6044806,1.4623225,0.9523332,-0.03817392,-0.3041865,0.086384535,-0.9160344,-0.30085653,0.08069361,1.1367134,-0.009589473,-0.32894915,1.1328182,1.7681955,0.8936908,2.0322306,0.5905083,-0.054287717,-0.42075104,-1.9897616,-0.6311441,0.17354354,0.3129452,-1.6285416,2.1629605,-0.2327873,1.3349254,0.75320625,-1.3986102,2.0484746,1.8345482,0.23202324,-0.056943472,-0.28704986,-0.19544518,-0.025844399,-0.83676016,-0.004012945,-0.6931072,-1.9515036,-0.9155008,1.4123673,-0.66424817,-1.3335115,-0.117475234,-0.67814434,0.70644104,0.20535193,-1.6524322,-0.6098696,0.5285842,-0.20509599,0.08477505,-0.28664404,0.097794645,-0.43546262,-1.3057628,-0.6305146,-1.1585201,1.8833362,1.4668947,1.1688685,0.4384087,0.69399166,0.9765067,0.89568144,0.36004916,0.6971927,0.4745524,-0.9421972,1.3809248,1.9765364,0.7550589,-1.7338598,-0.011449303,1.8776877,0.15034533,-0.7026194,-0.6014424,-0.6651752,-0.103115536,0.46206325,1.2405616,0.6604345,-0.5854702,-0.59638816,-0.5518408,-1.337188,0.5548881,0.37571955,-0.5036433,-1.0715283,-1.5403309,0.3860532,0.2340752,0.70945626,0.17300223,-0.5340527,1.2181808,-0.17174114,-0.4019252,-0.7195685,-0.39750594,1.0217317,-1.0236149,-0.5050456,-1.1258705,-0.6570647,-0.32010043,0.23013444,0.48001805,0.6792966,0.344992,0.4830765,0.029256498,-1.0364678,-0.8591776,0.15851183,1.9512094,0.9245323,-0.38783988,-0.6626784,-1.2359746,-1.243421,0.99534947
http://www.benchmark.org/family#F2M23,-0.6840052,-1.3134217,0.4102216,-1.1122639,0.045895435,-0.95065486,-0.44592386,1.6305826,0.18947607,-0.53286463,-0.3749167,0.14072691,0.37020093,0.06725483,-0.724714,0.1677512,-0.9387407,-0.10154621,0.635853,-0.08460721,-0.1783189,-0.5006534,0.80321544,-0.9009699,1.1054124,-1.1795721,0.5998971,-2.0076466,0.39764994,0.678615,-0.60285974,0.10435676,-0.9276679,-1.3417087,0.17842028,0.3948776,1.063713,-0.09442249,0.051216193,0.06763093,0.1354775,-0.02436235,-0.7939771,-0.5351919,0.6381051,0.49898037,0.8895735,0.016400803,0.25010026,1.0475255,1.7487797,0.73828644,-0.3606477,-1.7134371,-0.043778647,-0.255036,-0.021851672,0.94920564,-0.15780324,1.1138475,-0.088430665,-0.73516285,-1.5504127,-1.1286807,-0.40618142,1.0162956,0.6003361,0.799839,0.18062802,-0.12713419,0.73329186,-0.8532273,-0.4867324,-0.13653836,1.4454277,0.61361706,-0.25390664,0.18764493,0.27361715,0.96192414,-0.9760614,-0.07761947,-1.46639,0.2505616,0.1037303,0.6891778,0.44241273,-0.7030291,0.043353673,1.2301648,-0.83473885,-0.6590088,-0.8029654,-0.14169583,-0.26776823,-0.07444831,0.62365353,-1.2718543,-0.103304945,0.25403348,0.18044248,-0.5955968,-0.27776837,-0.16172673,-0.2196059,0.3179174,-0.5393195,-0.8975365,-0.07234539,0.4785227,0.30002055,0.53929627,-0.9087379,0.426541,-0.45940548,0.20028947,0.12469988,0.23299079,-0.26828432,0.31794775,-0.786147,1.3352739,0.45049655,0.8245471,-0.36587217,0.98780996,0.4645953,0.24452224,2.2342727,-0.8066804,-1.2961938,-1.0106486,-0.43767977,0.20706773,-1.2667569,-0.35708424,0.71023494,0.09594057,-0.3032472,1.0663079,-0.076626986,-0.10945714,-0.64083993,0.3645795,1.0586538,-0.4565374,1.2779478,1.4078472,0.10294336,0.38796702,-1.7365359,-1.1065571,1.4051566,1.3016019,0.360561,-1.5740685,-0.19257529,-0.15004487,-2.9109704,0.38159537,-1.6516676,2.0163157,0.22231592,0.62094027,0.051301315,-0.50129735,-0.8706964,1.7587304,-1.3959936,1.041659,-2.2125359,-0.9677229,-1.8584948,-0.39606577,-0.60928667,-2.2971652,0.88417995,-0.053458028,0.026369322,-0.16570623,-0.9758735,-0.99867654,1.1243407,0.73727125,1.2280312,1.2379874,0.73095506,-0.9764927,0.9785424,-0.23230483,1.4973365,-0.56670666,0.26549187,0.18606548,0.50810206,-0.276354,2.1410966,0.91419,2.28525,0.5535964,0.12911725,1.2304941,-0.8929203,-1.0883317,1.1565752,0.50037944,-0.2640489,0.0050239144,1.686216,0.8387811,0.9674592,-0.11067969,1.5281652,-0.3128056,-0.84728706,-1.141712,0.436585,2.0617871,-1.206645,-0.81841177,-0.23352349,-1.7208667,0.0009534494,0.8154439,0.49776983,0.4895542,0.4301368,-0.91560715,-0.68594104,0.9283176,-1.3534017,1.1931382,1.8428854,0.61559147,-1.219301,0.3014839,-1.1284509,0.12989095,-0.622507,0.5918426,0.08029184,0.6761608,0.84220773,0.41355348,-0.36696538,0.59006375,-0.18210767,1.5429739,0.95869935,-0.031483937,-0.037926525,0.37866476,1.6841764,-1.9051166,1.2852857,-0.27153432
http://www.benchmark.org/family#F10M184,0.3758333,0.13378681,1.8437341,1.1029934,-0.27166164,0.8380525,-0.13806868,0.072570845,-0.40495807,-0.41875198,-0.18696816,0.10103097,-1.5383502,0.094650835,0.1608601,1.0023322,-0.3895583,-0.9735478,0.6180945,-0.32788432,0.31666544,0.7220892,0.31390196,-0.49349168,0.27063844,0.052045394,-0.22529998,0.15108958,-0.09058897,-0.23355256,-0.6765995,-0.18881832,-0.057912607,-0.62063587,-0.35170314,-0.32830906,-0.538127,-1.6605343,1.8663476,0.21347955,-0.4334867,1.8247812,0.025660258,-2.614667,0.762792,0.51890016,-0.21905889,-1.4103812,-0.54385877,0.22213307,-1.0444266,-2.1750472,0.2534746,0.6690199,0.801456,-0.24202475,0.067047395,-1.1082333,-0.19328994,-0.40384609,-0.21031642,-1.0093982,-0.44611228,-0.29840767,0.2868496,0.83899724,-0.63232476,0.5129001,0.34097326,-0.03819823,1.6687703,0.30369166,-0.94364804,0.2906341,-0.33374706,-0.11599484,-0.138127,1.1435826,0.053424854,0.114080586,0.7238804,-0.6589836,-0.67730516,-0.6925282,-1.1998256,1.5451334,-1.182408,0.5841112,-0.12637037,-0.6671196,-0.1142026,-0.42330918,-0.9301991,-0.60982347,0.4553269,0.10550993,-0.050756205,0.23184638,-0.3023667,-0.30060673,-0.50728846,-0.7274622,-0.37913895,-0.18782017,0.63921386,0.36462852,0.02938197,0.019121308,0.14168838,-1.0019556,-0.35233712,-0.083994724,1.7187976,0.56298393,0.5514706,-0.07384806,-0.8695445,-0.059039664,-0.47925308,0.78278935,-2.18755,1.1087298,1.4492222,-0.1980053,-0.014181962,-0.60893226,1.9188318,-0.16009054,0.22759792,0.7754818,-2.0280495,0.31831408,0.9512895,0.82264185,0.020839795,0.2863154,0.94274443,0.38098443,0.26505905,-0.9857015,-0.6420086,-1.4259608,-1.9297702,0.22456008,0.44329715,1.7974442,0.80805254,-0.68102324,-0.5322417,-0.781511,0.3575987,-0.87845266,0.5971984,0.7407953,0.20540838,0.61703706,-1.0261916,-0.2646713,-0.6362812,0.8180398,0.9452622,1.4018276,-1.689612,-1.1020045,-2.0759964,-0.86698735,-2.1960268,0.3782994,-1.8086692,-0.45650408,-2.5978377,0.08353274,1.6631913,1.6204467,0.1273182,-0.715094,0.9445887,-0.007117279,-0.108003445,-0.67520916,-0.08687428,0.70378,1.4794881,1.0164906,1.419371,-0.5645569,-0.42730835,-0.13416685,-0.9921289,-0.4110538,2.184688,0.465816,-1.5317303,0.41733307,-2.431635,-1.074962,-0.5249485,0.9411805,1.1979996,-0.08751032,0.3228367,-0.18510872,-1.6980357,-1.0441908,0.6170754,-0.16420281,0.011953878,0.36348113,1.1313573,1.5471339,-0.44575554,0.90881,0.29985377,1.5965891,-1.5142063,0.5887803,-0.74934477,-0.77896154,-1.5554866,-0.13151756,-0.7552433,0.9776784,-0.42768532,-1.663168,-0.15914197,-1.040203,-0.77207977,-1.8355542,-2.5051544,1.9721475,1.5821899,1.2772906,-3.0602136,0.110827595,-0.74710906,-0.44250003,0.32829827,-1.5951301,-0.6476038,0.5037378,3.0057318,-1.5939528,0.14232086,1.8303264,0.5709709,1.1653156,-1.4861751,1.4012978,0.4380003,0.12835489,0.39096415,1.2365112,-0.19528826,0.5749683,-0.7017977,1.6765782
http://www.benchmark.org/family#F3F52,-0.089133576,0.6066423,-1.8256624,1.0882633,-0.4234851,0.38183543,0.688276,-0.34344813,0.74134326,-0.29179928,-0.6524162,0.32962847,-0.0652634,-0.15798666,0.87648696,0.021745367,-0.3635393,0.2901007,0.5607375,0.3673229,0.07509317,1.6386127,0.3195623,1.5323772,0.7554265,-0.5317988,-0.7029216,-1.0348556,0.12147643,0.92444474,0.19668017,-0.34070995,-0.7348598,-0.27461275,-1.0735984,-1.3801495,-0.7927963,1.3093026,0.66156006,0.512165,-0.505399,0.12244246,0.45999035,-0.21408814,1.4617305,0.9482463,-0.113424525,1.0855112,0.2853182,-1.0522519,1.5969148,0.001175235,0.70697814,0.4988849,0.075325124,0.77262145,1.5320649,-2.2226734,1.4535024,0.49626747,0.58339083,0.04318007,-0.5914648,0.18723798,0.67873454,-0.88192964,1.0766417,0.014458572,0.5793068,0.45924848,0.8518335,-0.046825826,-0.17817345,-0.099279605,0.0789178,-0.31326574,-0.33199662,1.1628244,-1.1290067,0.039959356,0.39757127,0.06250619,-0.16334052,-0.16287312,1.6346685,-0.6444983,0.82443106,-1.5726454,0.68918973,-0.5755099,0.03264399,-0.12953041,-0.10763636,-0.20268103,0.7785096,-0.19043288,1.0239806,0.49255183,-0.5885184,-0.26046923,-0.30187157,-1.7306026,-0.4403116,-0.5567078,0.077676855,-0.8048793,-0.3778335,0.049218148,0.45938554,0.07356678,0.1418081,0.28317994,0.26469254,0.63846546,-0.33760935,-0.3538657,-0.42801157,-0.2899104,0.31532055,0.37316704,-0.26285353,1.4068713,-0.8455585,-1.075693,2.0764353,-0.2504465,0.7042436,0.11045205,-0.69004446,-0.9586353,0.27820393,-3.340455,0.6602916,0.07328559,0.712653,0.85214865,-1.3725024,-0.4410075,0.22651221,-0.36540854,0.14829433,0.015940476,0.446164,-0.94408244,1.285316,-0.98299116,-0.5776497,0.5957787,0.3040188,0.48725525,0.54844457,0.19431274,-0.09976961,1.9683267,0.6461143,0.6550951,0.8171439,2.0615134,0.31109822,0.8193683,-0.086010315,1.9384469,0.20462671,0.63218766,0.036278237,0.19763441,-1.8128555,0.17523478,-0.94066894,-1.4325982,-1.4951602,-1.6537923,-0.099215835,1.5358939,-0.24566881,-0.41192505,0.4274232,-0.20405157,1.174854,-1.1948714,-0.8389741,-2.1076508,-0.7153671,-0.1453907,-1.016894,0.37074777,-0.19909023,-0.59782326,-2.3080482,-2.833052,-0.86179596,-0.6188395,-2.1201031,0.63999486,-0.7963542,-1.7093871,-0.017139573,1.1143767,0.67596644,0.82401407,1.9012654,2.1543515,0.0058591086,-0.7119828,1.085181,0.17598191,0.93387496,-0.49684188,0.9043676,0.88034505,1.3067981,-0.07785011,0.20209053,-0.83760947,0.66405094,-1.0046378,0.7842558,0.40417382,-2.3699813,0.25756177,0.68564093,0.25045288,-0.49495763,-1.0332419,-0.49087086,-0.03464952,-2.2625284,-0.5282234,0.28450003,1.5072734,-0.079855904,0.19211365,0.31241882,-0.36728764,-1.0151511,-0.13865258,-2.1994412,-1.6179031,1.2057391,0.5475449,-0.33365145,1.5407256,3.19939,0.67957366,0.42616612,-0.58779407,0.8189571,1.2921338,0.19100744,1.4632117,-1.8370925,-0.057776492,-0.33120015,0.12997179,0.22535121,0.9153461
http://www.benchmark.org/family#F7M122,0.76843655,0.38548845,0.18745568,0.869896,-0.4607513,0.10623463,0.07222802,0.09831251,0.3716428,-1.8259777,-0.6536347,-1.1786689,-0.1718868,-0.05284807,0.30782604,0.12580904,-0.9093442,0.34620443,0.79066956,1.4243089,-0.44211385,-1.2898486,-0.70283085,0.6026045,1.223807,-0.9905422,0.15591721,-1.441004,0.1729574,-0.14535496,0.28111863,-0.19417848,-0.54926264,-0.022080384,0.24265443,-0.25828266,0.067482114,-0.7496676,1.0509148,2.1778655,-0.9319911,-1.1242452,-0.93284214,-0.2932351,-0.33900324,-0.8122731,1.2127193,-0.23314413,0.1438394,0.2654546,-0.887722,0.4270283,-0.90984154,-0.049596097,0.65219176,-0.8623127,-0.33811793,-0.778775,-0.6682,-0.35320023,0.26713228,0.18929946,-1.6985524,0.094255805,0.63073254,1.3093662,-0.0014909036,-0.35628664,0.38043028,-0.7368331,0.1985435,0.2473623,-0.38905844,0.66915643,0.016734373,-0.17121364,0.21032006,0.22736496,-1.4910833,0.09331128,0.07911875,-0.12321212,-1.2223928,-0.8292661,0.45557293,0.7867133,0.21102421,0.57347083,0.4232174,0.23696573,-0.23234878,0.38400307,-0.35179392,-0.22483042,-0.5381588,-0.44110268,0.611395,-0.4584998,0.56243855,0.55947447,-0.39864942,1.2656602,0.007110348,-0.014882665,-0.1623352,1.6537694,0.1438036,0.28453764,0.7030867,-0.0020767446,-0.30661955,-0.06373255,-0.23099105,0.2634663,-0.40694037,-0.13032998,-1.225524,1.4142061,0.13294545,-0.8508576,-1.0827898,0.90094805,0.75650936,-0.16970861,-0.22659954,-1.7713747,-1.1369286,-0.45811522,1.1456876,-0.0041445307,-0.62693906,0.009980891,2.0034919,0.58124155,0.87592834,-0.05537598,0.21327497,-0.7483791,-0.5500357,0.25608015,1.0339375,-0.09671277,-1.2810192,0.32903007,2.0141532,-0.23108672,-0.9679952,1.9702172,0.4965633,0.16838488,0.35582805,2.0459151,1.1461685,-0.11042329,-0.58307064,-0.10902862,0.4423104,-0.42452514,-2.2540975,2.1022856,2.3704994,1.8539513,0.6383169,-0.0806962,0.31394047,0.19127744,-0.7912785,-1.2828418,-0.77400297,-0.57136834,1.3945723,-0.4608143,-1.1763433,-0.1579297,0.53670585,-0.45382223,0.3650344,0.3631808,0.46555865,1.1038157,0.32540503,-0.18445347,-0.77050483,0.29419965,-1.1370888,-0.5953985,0.12801623,-0.44996497,-0.65135986,-1.8663765,0.9776264,0.5208035,0.87951064,-0.6257146,0.04373292,-0.5463323,1.4647219,-0.23200779,0.58529127,0.023297822,-0.41738835,1.5615052,-1.4502593,-1.4772916,-0.6221111,1.6531646,-1.0126004,1.825588,-2.2269924,-2.3527195,-1.1847286,1.8560578,0.6920978,0.6933568,0.5863469,-0.7704677,-0.21758327,-2.0358038,-2.1012294,-0.08273498,-0.7482893,-0.35632768,-0.99280936,-0.6354971,1.0838853,1.0763544,1.275178,-1.5478141,-0.6651866,0.9119018,0.2058871,1.7409034,-1.0094391,0.45167902,-0.70986205,-0.5895295,-0.6879697,0.23338175,-0.7578488,-0.46440098,2.2049775,0.72079283,0.7581752,-0.49120402,0.37568983,-0.6296618,0.17602815,-0.08681802,-0.123237655,1.5629596,-0.09855242,0.5987591,-1.1452003,-0.11997024,1.3917595,-1.0763915
http://www.benchmark.org/family#F7M102,-0.39543018,-1.1576645,-0.451901,-0.8603035,0.09160283,-0.10436642,0.15015678,-0.758437,0.10652251,0.1475352,1.1019396,-0.75389266,0.8439551,0.26915416,-0.9788551,1.2344947,-1.1125206,-0.4640213,0.80436736,-0.042816423,1.648622,0.32745776,-0.32268715,-0.1395137,1.3766297,-0.15300636,-0.6785966,-1.144166,0.06984873,0.8527391,-0.23759705,0.28932852,-0.3943126,-0.4952476,-0.79656374,1.7632017,-0.63580114,-0.15288942,-0.0014338903,-0.52297276,0.5699554,0.28786623,0.24303696,-0.33517182,-0.4777355,0.1260179,-0.13426702,0.07790363,0.3991175,-1.0896621,1.3558979,-0.21369913,-0.04374222,-0.8122708,0.21948873,-0.4336185,0.13690747,-0.73013157,0.06657007,0.23612936,0.029966535,-0.79812294,-0.5413102,-0.33767268,0.5793587,-0.72433317,0.100977264,0.038736437,0.0042757764,-0.07592462,0.06578192,0.068514414,0.12609309,-0.38553008,0.36519507,0.19871177,-0.6335163,0.70762604,0.6352018,0.06738715,0.20351127,-0.21142726,-0.85964864,0.07790192,2.0539289,0.99639606,0.32199132,-1.1755432,1.6602467,-0.029857986,-0.88732177,0.6489744,-0.3956328,-0.9438293,-0.3102589,-0.52670956,0.2901978,1.0187012,-0.53176653,-0.95037043,0.42351773,-1.0434515,0.07471418,-1.2681514,0.8840029,0.24497508,-1.4230143,0.7343207,0.12845708,0.09178322,-0.26050425,0.02345563,-0.2982057,-0.8470827,-1.4505233,0.25883088,0.97469085,0.10697833,0.9128003,-1.5534225,-0.728342,1.3310171,0.124968864,0.019338615,-0.51562697,-0.23140462,0.12514226,0.054677702,-0.07076357,0.6975713,-0.34844714,0.8701339,1.8082917,0.63865745,0.68360674,-0.73373467,-1.3919535,0.5944408,-0.05218675,-0.36214808,-0.023010839,-0.75536627,0.40263483,0.45594355,-0.37139654,0.29388377,0.5020385,0.07337031,0.96960497,-0.23035131,-0.34286782,-0.060897548,0.70270777,0.39853808,0.45486706,2.194915,-1.1879342,0.056270834,-2.4719107,0.7820929,2.1173315,1.286496,-0.5748177,-0.949969,-0.5690608,-0.3176966,-2.9259372,0.6059978,1.5990697,-1.1995119,-1.1527166,1.4064417,-0.6004616,-0.77328,-0.9150527,-1.688755,0.5330618,1.1604023,0.20362484,-1.2638699,-0.009754464,-1.6962628,-0.251041,-0.16992888,0.14803581,-1.9022777,0.18800017,-0.14259721,0.0041749664,0.052192546,1.349088,-0.21745242,0.2948981,1.3411504,0.6872526,-0.5657862,-0.869862,-0.29037145,1.1426848,0.6455755,1.0624434,2.9929562,-0.4003356,-1.3972414,0.16329373,0.5097432,-0.33669013,0.4741372,-1.0728543,1.4430338,-0.3282707,0.1050018,1.4967062,-0.008610989,0.49904886,-0.27498475,1.0110679,0.40049684,0.6894438,-1.6058517,-0.37990466,0.03660965,-0.08614294,-1.0845907,0.9736411,-0.1511601,-0.8367589,-0.9413763,-0.89436543,0.69363725,1.9172227,0.3865142,-1.1750284,-0.5815454,-1.9270102,1.330259,1.0663104,-0.8833778,-0.43691063,-0.955657,1.3714058,-0.9930186,-1.1013002,0.6096534,1.5759873,-0.8907085,0.38468304,0.842611,1.7697487,0.72834927,-0.4636284,-0.80903924,-0.50473434,-0.47329637,0.51232976,-1.5361767
http://www.benchmark.org/family#F2M39,0.70609325,-0.81981987,-0.06067098,0.91183734,-0.90900195,-0.24530031,-0.42068008,-1.5146075,-0.41409272,-0.15609255,0.48446995,-0.5147402,-0.37527078,0.3587294,0.49959242,0.81698906,-0.84153837,0.7800192,0.4391907,0.409334,-0.8896317,1.105842,-0.5579888,0.3941377,1.4288479,0.38471743,0.40679857,0.99290323,-0.53599846,0.36317122,0.48081774,1.5511593,0.14633223,0.9425766,1.2023786,-0.5106947,-1.0152582,-1.9769677,1.3097155,-0.3357406,-1.326169,0.3345034,-0.74261177,-0.21750566,1.0096992,0.5347524,-2.8288763,0.27267942,-0.25309286,-2.629536,0.14352617,-0.9053938,0.33810103,-1.4139404,-0.5470875,-0.47764173,-0.15428397,0.45940238,-0.7695521,1.4647498,1.5934951,0.40882343,-0.46819752,1.6749523,-0.31365597,0.72815216,0.3981422,0.37976426,0.88394564,-0.15634999,0.20087337,-0.08889133,0.4611522,0.843426,0.83627623,0.57632816,0.4952455,0.29576114,1.5624537,-0.049719874,-0.27269885,1.1609313,-1.0307205,-0.50485176,-0.22720239,-0.004071745,-0.34682924,1.9176291,0.6248122,0.5638047,0.22414935,-0.114259586,-0.2966939,-1.5543412,0.58568907,-0.9963532,0.20536742,0.24194181,-0.39911658,0.7439599,0.80290335,0.5079367,0.22050484,-0.2176717,-0.017804598,-0.32405093,-0.2181578,0.17125325,0.32060227,-0.7969752,-0.72942954,0.74407166,-1.025689,-0.37936857,-0.17750727,1.2057165,0.7143372,0.1991649,0.20154236,-0.6537042,0.03861792,0.3362144,-1.2748685,-0.1443421,-1.0374942,-0.35804528,-1.786544,0.9453746,-0.1234883,0.40308207,-2.2050352,1.0776643,-0.51256514,1.2002449,-0.7454637,1.0050038,1.518076,-0.77769005,0.5713355,0.30456877,-0.45368472,-0.9340642,0.79506654,-0.19861393,0.27463937,-0.9699976,1.2117075,0.795265,-0.6011943,1.7571496,0.37409616,-0.29968396,-0.17385957,-1.6879048,-0.027438076,-0.12490145,0.6598145,0.7946456,-1.5148871,-1.465817,1.2592946,1.6453896,0.9065267,1.6141772,1.3542945,-0.1663588,-2.052257,-0.36140466,1.1161327,1.7194637,-0.8665476,0.7963486,1.8238511,-0.08340159,-1.0361296,-1.0691882,0.3011189,0.09369366,0.8401201,-0.23998058,1.5185356,0.27646515,-0.05503795,-0.45437452,-0.31425497,-1.9020174,0.82951385,-0.23205908,-1.7574936,-1.8476696,2.0498893,1.6601838,0.7264196,0.75202936,1.8775076,0.09673303,1.3213336,-0.49195084,2.220518,-0.34854338,-0.8808191,1.8640696,0.42649308,-0.30565035,1.1097121,0.9530587,0.761302,0.9025767,-2.5412292,0.9363688,-0.09705852,-0.0064028343,0.67607903,0.08316935,-0.14579944,-1.2572863,-1.5708146,-0.019117497,-1.0802556,1.4895374,-0.97784257,1.6863359,-1.2111437,-0.5751753,-1.6332141,0.09884845,-0.4035265,-1.4495988,-0.9802142,1.1269395,1.1979693,2.4545496,0.73289603,-1.2662543,-1.4569508,0.84897494,0.06497324,0.08218613,-0.3663872,-0.24524823,0.42816457,0.06206563,-0.46402866,-0.7616631,1.3631052,-2.4080553,1.1304816,2.826332,2.3523035,1.5530318,0.94511515,-0.4445731,1.2357433,0.032606985,0.9340749,-1.1609447
http://www.benchmark.org/family#F7F116,-0.5665698,0.52887356,1.4475095,1.0904964,0.9912834,-0.17582093,-0.57392764,-0.1891021,0.37228715,0.32911658,0.2128545,-0.09989278,0.40205485,-0.40942043,0.029253414,-0.18076582,0.737228,0.07558618,0.7619661,0.9012581,-1.3371538,0.23041794,-0.34647325,0.745804,-0.011052127,0.4316814,-0.14482361,-0.4037879,0.5861414,0.10706642,-0.510259,0.5417969,-0.23794289,0.2559968,0.89788914,0.18059812,-0.6597363,-0.4131366,0.8103785,0.071048886,0.20894901,0.97322273,-0.018338058,-1.0037922,-1.2992805,0.7756153,-0.30806747,0.062410362,0.18751718,-0.42174274,-0.06629434,0.34880456,0.04645305,0.03317664,-0.8612188,-0.6645677,-0.40534216,0.44076958,1.4166702,-1.0193976,1.2156844,0.17179285,-1.0295024,0.14119722,0.49998358,-0.29301912,0.18315896,0.06125351,1.4505744,-0.93293095,1.0222592,0.092958495,-0.12361679,0.5988335,-1.336951,0.66469705,0.83654004,-0.2260707,-1.0635644,-0.446224,-0.014919267,0.30486503,-0.3712659,0.58839047,1.1420333,0.004194418,0.22415431,-0.400202,0.4573064,-0.72571355,-0.30235314,1.3297838,0.71330595,-0.12235263,0.0032325154,0.003139783,-0.4950503,0.9356788,0.29910514,-0.06747313,-0.16188268,-0.4393354,-0.58316565,1.7630827,-0.22268374,0.8987752,-0.464324,-0.18033193,-0.140561,-0.18513697,-0.14061056,-0.24300417,-0.29157582,0.098011866,0.29428416,0.26731956,-2.3219504,-0.17030114,-0.7604532,-1.7967769,-1.2675114,1.1772401,0.31398416,0.031161135,1.0105332,0.7986198,0.1665567,1.9338456,0.3332814,-0.58924407,-1.3802562,-0.5900874,1.0095174,1.5505605,-0.4795731,1.8285241,0.39698747,-1.0808026,0.22957653,-0.30005598,2.9111168,1.8035342,0.9361209,-2.12942,-0.26308066,-0.2960667,1.5535458,-0.65087545,1.9336836,0.089511245,1.2084703,-0.5199247,0.7268277,-0.342335,-0.43214682,-0.5771202,0.26799214,0.65325975,-0.2499895,0.1476428,0.7232991,1.4857457,-0.44397098,0.22165337,-1.1496326,-0.8328183,-2.1363406,-0.5184885,0.25278246,-0.30941635,-0.44391575,0.15816356,1.2167097,0.502082,-1.1558585,0.74843866,1.5560005,-0.90589124,-1.2998619,-0.6737739,-1.0765964,-0.32341713,0.509585,-0.7374196,-0.09167714,1.1411481,-0.22191845,-0.15977786,-0.3002475,-0.75782377,1.3851385,0.6512127,-0.29250038,0.2184721,-0.91027844,-0.705351,1.4640013,-0.8540374,1.1467788,-0.52818483,-0.83707815,0.5264187,-1.7139254,1.2789184,0.9552957,0.58173317,-0.07669792,0.24701977,-1.4870566,0.5600886,0.22018749,0.47532034,-0.13404581,-0.82410175,0.6711887,0.18088321,1.3553646,0.24074441,-0.6350066,1.0719603,0.4330379,2.0386105,0.36533767,-1.0791799,0.26059997,-0.258251,0.28655913,-1.4902118,-1.1503489,3.016873,-0.2927106,0.7795243,-0.3052945,1.4961,-0.0065354384,0.9958585,-1.0965557,0.6925034,-1.7243671,0.31255335,1.9570398,0.7427126,0.82658505,1.057666,-0.5907816,-0.15203148,0.065951824,0.34550312,1.2042674,0.47630855,1.7248479,-0.32578054,-0.53613025,-1.0708206,-0.20192857,-1.4866494
http://www.benchmark.org/family#Grandson,0.31323135,0.3351158,-0.6064324,-0.13891885,0.70691717,0.5030616,0.55536836,0.004782031,-0.081885815,0.8722942,0.19930936,0.36506486,-0.36497143,0.47338685,-0.5519134,0.8754611,1.2509154,-0.8090152,-0.6740661,0.1613368,0.61237353,-0.2179138,1.3302263,0.09550923,1.4797475,-0.42249665,0.40817764,0.123558745,-0.76008755,0.12995006,-0.18237613,1.0478923,-1.4419562,-0.18529303,-0.9135467,-0.34210584,-0.743408,-0.25392866,-0.11804288,-0.2576174,1.408466,-0.75755006,-0.59788287,-0.67079026,0.8599291,-0.00882192,-0.6987486,0.08020302,0.18879277,0.4868903,0.0030904484,-0.6735413,1.0418233,-0.029165182,-1.2598867,-0.5892267,0.07049687,-0.2010123,-0.5997333,0.30418926,1.453867,0.12267779,-1.1264437,1.9369531,0.023894073,0.88897866,0.24056897,-1.0400702,1.0005175,-0.416181,1.1747817,1.115448,-0.10285435,0.61128354,0.31843808,0.8269682,-0.93732816,-1.1035088,0.4700874,0.37378386,1.329777,-0.0011184746,-1.1049796,-0.5126529,1.5707164,-0.28251567,0.08477934,0.12901019,1.3433086,-0.28982806,0.011416684,0.7111012,-0.85341734,-0.2180898,1.0280826,-0.410195,-0.40379876,-0.247822,-0.116451785,1.4516379,-0.16566105,0.021399092,-0.22000138,1.6385899,0.9227927,-0.115826294,-0.07614005,0.15979366,0.664281,0.6499303,1.0274922,0.19706354,-1.2880085,2.0760856,-0.04202108,1.1022991,-0.33344373,0.6233066,-0.1698895,0.6448186,0.13440855,1.642763,-0.79602665,-0.9266037,-0.17168345,-1.3817005,0.59901124,0.029146826,2.3580332,-0.3248175,-1.1206759,-1.575189,0.858476,0.9029898,0.05121009,1.3791978,1.4063991,0.035231948,0.4540311,-0.5026742,0.41293183,-0.102834895,-0.46309558,-0.34456152,0.85811967,-0.7177753,2.2895622,0.5698976,1.7255496,2.5301142,1.3124828,-1.8893404,0.026082924,-0.3318874,-0.2640217,-0.43335992,0.3481624,0.81869715,-1.2473783,0.06651496,1.2056682,2.3638227,2.5645707,-1.2044691,-0.40917632,0.44783345,0.57641894,-0.28299427,0.15317236,-0.2659574,-1.9238281,0.30042744,0.88239366,-1.0296104,-1.3230187,-1.7923645,-0.042076655,1.0866271,-0.70141065,-0.8826004,-1.2039994,0.5593195,0.9083701,0.48947155,0.59510976,-0.8429605,-0.7365182,-0.6141226,-1.5486938,0.6000948,-0.950435,1.4442741,2.54226,0.1753244,-0.32221174,-1.8606437,0.10952057,-0.77288866,-0.75471574,-0.81619346,0.51734716,0.14885496,-0.3189284,0.036484674,-0.964435,0.2806684,0.36592725,-0.8861213,-0.34241167,0.46763378,0.67732674,0.5661855,0.57222563,-1.42314,-1.2430472,0.016308933,0.101448916,0.9724814,-1.2667878,-0.61718273,1.4092563,-0.35820958,0.6505271,-1.920452,-0.1615198,-1.6449183,0.17693606,-1.017782,-0.5688454,2.0939567,-0.61659217,0.8995796,-0.3265436,-1.8902329,-0.7785657,2.0603068,-0.22912766,-1.377105,-0.18953553,2.031373,2.3031857,-1.7234551,-0.67146826,-0.65442073,-1.038648,0.23897047,0.55768096,0.7848487,1.106269,0.30350453,-0.22208321,0.36040077,1.1384091,-0.8131499,-0.20498088,-2.178707
http://www.benchmark.org/family#Male,0.53873235,0.59379786,-0.038994398,0.88007855,0.034729294,0.0867394,-0.20040025,0.17182383,-0.41143522,-0.023387432,-0.4950967,0.3073692,-0.23057042,0.5102477,-0.11872221,-0.027382031,-0.041541528,0.2509745,0.7150434,-0.0025945562,-0.2074093,-0.13722263,0.5001206,1.0138395,0.028592858,0.061663944,0.47654775,-0.8850082,1.9775769,0.12835185,-0.18100825,-0.4366733,0.039560538,-1.1741251,-1.2724607,0.05140691,2.7496316,-0.08089329,0.55584794,0.09208994,0.6221151,-0.9269562,-0.7407096,-0.028783048,0.4701842,0.60225356,0.92259353,-0.08023458,-0.16600198,-0.071148925,0.40466148,-0.049969174,0.07261742,1.3573443,-0.27451605,-0.2951697,-0.018018585,0.24293472,-0.5733406,0.2910403,0.40297893,-0.63507116,-1.3127455,0.58174944,-0.49183246,-0.39513144,0.22066231,-0.25607717,0.31413913,0.23929326,-0.8391388,0.7241147,0.5960883,2.2444446,0.30523264,0.10567015,-0.064168945,-1.0978311,-0.24631405,0.11616861,0.36880928,0.2241806,-0.4388007,0.00804909,0.22478393,0.33801615,-0.39727935,0.3273284,-0.35627437,-0.7950494,-0.1747418,0.44617227,0.016021436,-0.15024655,0.35920012,0.1684352,0.32966036,-0.32268047,-1.0537001,0.25807503,0.40766594,-1.5200481,0.5673595,1.0613774,-0.15812193,-0.2302883,-1.2910453,0.39455613,0.10643055,-0.81183267,-0.62349576,-0.43036416,-1.4656211,0.12390595,-0.13081597,-0.03565316,-0.009187553,0.6219974,0.042020895,0.5727464,0.11250064,-0.49411651,0.37259915,1.2743874,-0.17730714,-1.2997124,0.5065139,-0.34006456,1.2658459,-0.004160676,-0.43067724,-1.4009396,-0.7637368,1.6766216,-0.25778425,-0.47473943,0.3162198,-0.06561647,0.61956286,-0.17072442,-0.46250436,0.10805004,-0.4792086,-0.0021548017,0.10839467,-0.17017089,0.30953005,0.8995794,0.03371817,0.6524658,1.717881,0.49167368,0.6053735,0.1591597,0.743452,1.9170405,-0.62306553,-0.27973288,-1.6618351,-0.019481517,-0.09769738,1.790497,-0.94404685,-0.78343827,1.476714,-0.1818658,-0.34753996,-0.28033894,0.12891576,0.6311622,-0.3995448,1.312788,1.560306,0.89607245,0.03227566,-1.9371511,-0.5165925,1.7241422,1.1682218,-1.4595778,-0.5874531,1.1782387,0.53829724,-1.03958,-1.5706538,0.14015175,-1.0526522,-0.078104615,-1.5304638,0.30888352,-0.95972717,0.4269728,0.7635258,0.82432944,-1.0445001,-1.5083321,1.2429256,-0.6072165,2.534103,-1.7320243,0.9356616,-0.20409541,-0.7523764,0.082929716,-0.97640467,-0.45708904,-0.090669416,0.5536991,-1.6494224,0.2979752,-1.9816138,-0.38444108,-1.0178399,-0.01855066,0.20771904,-0.2438724,-0.63118535,1.2212386,-1.5486217,0.1072979,-1.7402598,0.22450227,-1.4378831,0.008463841,-0.17974514,-1.5425998,-0.34061018,-0.23219724,-2.2514684,-0.5339255,0.22618732,1.4430827,-0.80227584,-0.9022367,-1.4543138,0.8281269,-0.0014120145,0.19879347,0.18859513,0.3967792,0.940694,0.025666513,-0.3617502,-0.7830813,-1.5141767,-0.8359089,-0.31079698,0.34916463,-0.7901483,2.1172466,-0.0058802865,-2.2751687,-0.47810817,-0.8031888,0.7417402,-0.20743877
http://www.benchmark.org/family#F9M162,-0.3839217,0.5051596,0.7662503,-0.91770524,-0.11675925,1.2052408,0.6966485,1.2000836,-0.14641266,-0.30879408,0.37510908,0.663038,-0.14977176,-0.0961047,-0.30864486,-1.3396254,0.08019119,-0.51099896,-0.29683134,0.6788775,0.27185038,-0.38168538,-0.2636207,1.2967426,0.74659777,0.3099699,-0.42207992,-0.37176633,-0.22893906,0.90198284,0.17147651,-0.7635447,0.37828946,-0.3753525,-0.2730096,-0.15901081,-0.5801815,0.34542334,1.1100545,0.4324845,-0.07599719,-1.2572322,-0.9052354,-0.111547835,0.11632002,-0.24833772,0.16641288,0.51786536,0.2077243,-0.5210918,0.53878665,1.2234033,0.7589677,-0.9986186,-1.0489757,-0.15730576,-0.65449315,0.24204771,-0.0032588474,-0.60039145,-0.6095833,-0.57881916,-0.34234557,-0.50691473,-0.10285891,-0.41009676,-0.67860335,-0.10426943,0.59950846,-0.018534413,1.12414,-0.21788885,-0.43051478,0.30719995,-0.2584888,-0.007971471,1.3334532,1.1994201,-1.0430863,-0.1331558,0.3235741,0.15535738,0.07842153,0.16474177,1.1439321,-0.94822806,0.51578486,-0.53799975,0.47095275,0.17650677,0.10403786,0.4898824,-0.24535537,-0.045214254,0.9232343,0.78916216,-0.49075842,0.922322,-0.25054598,-0.7503884,-0.43761492,-1.1901228,0.1928391,0.5287863,-1.6630784,0.04342854,0.22964878,-0.11966065,0.08487323,0.43102154,0.106793694,1.5049343,-1.194027,0.14573671,-0.43253943,-0.20783138,0.8028747,0.2726767,1.0165592,-0.4343905,-1.745431,1.4883064,0.3607344,0.37493768,0.45239514,-0.15652117,-0.14587203,-0.29728615,0.5047768,-0.24398768,0.1459684,-0.4966336,0.3695221,0.5113132,-1.1452396,-0.06081826,1.17133,0.3872527,0.06272616,1.0634128,0.7260451,-1.2536032,-0.67487,0.7648348,1.6186068,-0.89254415,-0.2884467,1.2110094,0.31743285,-0.5242649,1.323068,0.27632856,1.1903161,1.0248983,-0.93756616,-0.49190065,-1.9125036,1.6388649,-0.93452513,-1.020622,1.6663108,-0.19974808,1.0871335,-1.2723532,0.5369078,0.87947655,-1.0873485,0.20887281,0.039435912,0.19564384,-1.0910314,-0.18554012,-1.6722063,-1.5101818,-2.089702,-0.7620365,-0.4183068,1.4590276,-0.58961034,0.4933293,0.6655471,0.17249784,-0.9995947,0.70582443,-0.65028673,-1.0820371,0.027562696,0.11142753,-1.1635988,-1.9085549,-0.5647879,1.3731856,-0.31185085,-0.07169299,0.20679103,0.26329723,-0.55087596,-1.2627527,1.186752,0.72343946,-0.10759064,0.8394833,-0.45293075,0.4051875,-0.84597814,0.5337153,-0.191939,-0.9865639,0.10057357,0.39127964,0.78494483,-0.92098,0.9912408,0.3266814,-1.5658807,0.92569935,-0.75976217,0.40668818,-0.25708097,-0.591138,-0.024383675,0.0031047408,0.065289386,1.0771861,0.5905211,1.9966618,-0.9549218,-1.095671,-2.0356119,1.3327459,0.4769415,0.027698832,-0.31672913,0.22740802,-1.0676923,-0.29731295,0.5438298,-1.0347838,1.0870535,1.3616334,0.41716552,0.31235263,-0.35552484,0.38296396,1.3209288,-0.7625725,-0.16596639,0.45060572,-0.3040447,0.7666566,0.11839506,-0.0051844465,-0.7722449,-0.33979017,-0.13115424,1.3442144
http://www.benchmark.org/family,-0.10414931,-1.0645938,-0.0759858,-0.18827581,1.539285,-0.2755895,0.47878394,-0.7067374,-0.34265077,0.65100443,-0.3106807,0.095524214,-0.18681887,0.900452,-0.13801743,-0.49105114,-1.1958557,0.6220446,1.3482566,0.20979139,-0.28678548,-0.3234831,0.81688917,0.60678613,1.9108393,-0.66337454,-0.55982316,-0.98021954,-0.07718509,-0.8405129,-0.9895228,-0.14616159,-0.37298235,0.16439664,-0.30496755,-0.8207038,1.0948635,-0.44486117,0.87993884,0.2735995,0.5516354,0.26041782,-0.34328276,-0.8905234,-0.24937701,0.10023805,1.7175868,-0.46277174,1.4626459,0.31236666,0.7225186,0.37315425,-0.77647126,-0.23895879,0.2414598,-0.24417576,-0.4153721,0.79747856,0.21815671,-0.94319,-0.20939136,-0.7818686,0.19469784,0.18193826,-0.11461362,-0.21748959,0.1992363,1.6895372,0.82744056,-0.17624272,0.011268323,-1.326053,-0.07483301,0.91644967,-0.41582638,-0.526919,0.7709265,-0.18216282,0.37216893,-0.71690935,-1.3089062,1.2812803,-0.8335182,-0.095945135,-1.5577421,1.7762423,-0.5478809,-0.40194958,-0.7192619,0.43694508,-0.72465867,0.6197692,-0.3349453,-0.64513475,-0.85765606,0.40339726,0.14990996,-0.6681687,-0.5805839,0.8365697,0.5594524,-1.8415004,0.31940618,0.10105906,0.54221183,0.30147207,-1.1011796,0.3927249,0.48794425,-0.40872413,1.9741107,0.8766809,-1.7967916,-0.6667014,-0.711615,0.0785857,-1.8079946,0.28224474,-0.67886925,-1.2183692,-0.47840002,-0.4206412,-0.7564184,-0.015921678,-0.3528942,0.4249565,-1.5604281,-1.5180651,0.42692223,0.3312719,-0.3770136,-0.7215808,0.67314404,1.0980307,0.79274213,1.3405604,-0.37262487,1.3767267,-0.39036876,0.4961293,-1.2341298,-1.3130372,-0.5704002,0.3337793,0.17590031,0.4874578,1.2610359,-0.32375586,1.246851,1.3276161,0.5819226,-2.318224,-0.59806883,-0.08332805,0.14632384,1.1034095,0.55386245,0.91900474,-1.989647,0.90439886,-0.35980996,0.7465733,0.5542109,0.90312946,-0.44024646,0.76620895,-0.82552725,-1.2771146,0.334727,1.106935,1.0482447,-0.12551935,0.26594993,-0.32839337,-0.13349576,-0.5472503,-1.8243951,-0.06829798,-0.7045309,0.23509435,-2.0108957,1.7095295,-0.45377415,-0.6894067,-0.48488832,-0.8043096,0.5343936,0.2717104,-1.8288386,-1.2676324,1.3558664,0.6950866,0.35417566,-1.0546664,-0.8790759,-0.41583502,-0.76996815,-1.5435874,1.4353001,-0.040216554,-0.113484785,0.6314916,-0.6528367,-1.1866491,-2.5319216,0.4160856,-0.9407719,-0.5532925,0.8771643,0.16879876,1.4599622,-1.850592,1.7920969,1.9017458,-0.74190587,-1.3191881,0.56852376,0.90678674,-1.6772529,0.64154446,-0.71423566,0.97054106,1.8641093,-1.3091705,0.23045275,-1.1657631,-2.3630805,-1.0884199,1.2449633,2.828516,-1.9384748,1.3941088,0.013248242,-0.49774337,-0.9617032,-0.15688306,0.9656763,-0.28739673,0.10871323,0.630798,0.039372712,1.8085474,-1.1578835,1.3324436,0.251539,-0.3410697,0.8211804,0.9942034,0.20296098,2.5943456,-0.05582362,-0.2593083,-0.20405504,-1.0138457,0.6996625,0.48401543
http://www.benchmark.org/family#F7F111,-0.36173987,-0.14757577,0.016831456,0.2709872,0.20801543,1.1063292,-0.27280036,0.012555326,0.13718018,-0.23733175,-0.22218227,-0.55325973,-0.30119556,-1.8063748,-0.5476617,-0.41201904,-1.6140407,0.26960906,-0.14559773,-0.76314956,-0.6562002,-1.0390713,1.7898995,-0.47618482,0.0820928,-0.8851479,0.2503698,-0.6806075,-0.585861,-0.23399405,-0.88219345,-0.20311294,-1.1690063,-0.97645575,-0.7234145,0.16014636,0.8930334,-0.37490422,0.97289366,0.09557106,-0.08139423,-0.72200155,1.1316489,0.12552525,0.14027382,-1.2346579,1.0342355,-1.6639818,-1.0732553,-0.91942567,-0.074741684,-1.8252747,-0.14316258,0.111828,0.5471326,0.24189234,0.6343722,-0.5803259,0.5970421,1.001408,0.8142741,-1.0931113,-1.0521874,0.13297978,-0.7523489,0.16164717,0.9331373,1.2097085,1.3569436,-0.5304926,0.5022844,-1.2652426,0.56205827,0.6992455,1.020873,-0.20363994,-0.19013526,1.0585369,-0.11657235,0.9224081,-1.3537141,-0.92560685,0.5108602,0.31447038,-0.2779231,0.34266388,-0.06667486,0.464791,0.7045596,0.17761794,0.33109826,0.35908902,0.23365463,-0.5686018,-0.16873378,-0.87121254,-0.19493875,0.076711155,0.018915856,0.016518058,0.32977676,0.11771539,-0.0322791,-0.23769249,0.16905268,0.20020482,-0.44389448,-0.27063656,-0.52269614,-0.61316854,-0.4460733,1.7992802,-1.267487,0.14651102,0.6952591,0.4755602,0.8066527,0.41449016,2.8634522,0.38037252,-1.8107066,0.6798912,-0.00021183689,-0.021465333,-0.55957997,-0.1157466,-0.054806057,-0.32823384,0.9335395,-1.4002782,-0.04048611,-0.82125396,-0.045759007,1.3179882,0.0857831,-1.621404,-1.4276477,0.70522547,0.20358512,0.33896104,-1.3839386,-0.20181155,0.5360584,-0.9308104,-0.5924049,0.5825394,0.9989706,-0.1700454,0.16627416,-0.8156184,-2.0315263,-2.1386216,1.7718809,1.1667246,0.32206807,1.9860908,-0.7847633,0.06928118,-0.40741277,0.97976094,-1.1013262,1.5375122,-0.97096634,0.49762493,-1.7568052,0.55159605,-0.95024425,-0.9076404,-0.052189898,-0.28266788,-1.7487781,-1.103774,0.8914572,0.9257214,-0.57614595,0.20251322,1.195964,-0.5947746,0.0032449148,1.5509852,0.7050512,1.3221002,0.07912683,-0.28741673,0.053311486,1.2749745,1.0671585,-1.3422022,-1.8546518,-0.26415786,1.5618676,-0.119962044,1.8061545,0.32271796,0.2637569,-0.16713709,-0.94218934,1.0160861,2.420868,-0.19458367,-0.8398581,-0.12740174,-1.4177872,-0.26307192,0.22060798,-0.056996763,0.41654992,0.8798746,-3.1113207,0.5976297,1.4068447,-0.7998052,0.41078976,1.9626836,0.3214322,0.74759793,-0.99555266,0.798117,-1.3417267,-0.10275255,-0.6579288,1.7977316,0.7288306,-0.6174266,0.9842274,0.37462124,1.8070904,0.20897941,-0.58478236,0.7540688,-3.0760186,0.1924074,1.2436509,0.88304967,-0.5748924,-0.58295655,0.9511452,0.644992,0.20409483,-0.21269135,1.5485086,0.9858669,0.6951052,0.22064896,0.22628626,-0.63796383,0.9359411,0.5422695,1.5913461,0.90858966,1.164552,-0.23417568,0.99182963,-0.12249674,2.6277308,0.16896607
http://www.benchmark.org/family#F10F185,0.6667931,0.8744258,-0.32564184,-0.2425595,-0.2615502,0.29612982,-0.7815586,0.17124702,0.23572351,-2.0678732,0.58021826,1.8418517,-0.3014323,-1.9535997,0.35008898,0.9129909,-0.6550652,1.4733946,0.26975366,0.3208785,-0.31253597,-0.9628993,0.92400104,0.7129195,1.298035,0.4595194,0.74915,-1.693747,0.42547867,0.39427438,0.5110035,-0.48329595,0.47120366,-0.44022545,-0.9002304,-0.9814669,-0.44678783,0.14975391,0.92605686,0.31600085,-0.83820534,0.20991497,-0.3180435,-1.0790945,-0.647884,-0.30251545,-0.75248635,-0.030740269,-0.7282769,-1.8609537,-0.16630395,-0.38031507,-0.5092401,1.4203085,0.25798473,1.7961911,0.01740287,-0.63717186,-0.17947166,0.71993357,1.0411395,0.9125922,-1.3245826,-0.021959262,-1.3581192,-0.1733668,-0.32743973,0.534984,0.7079919,-0.53673947,0.28721005,0.31532127,-2.2581937,0.26931384,-0.07633892,-0.20659725,-0.17461911,-0.020208325,0.40221256,1.0073508,-0.11430868,-0.091184296,-0.23743452,-0.7732589,0.7068504,-0.64403516,-0.73806137,0.5447894,-0.6802792,0.61033064,1.4109578,-0.5421025,-0.18317597,-2.6122847,2.1601543,-0.13357782,0.50291395,-0.35829324,0.541899,0.5339717,-0.13351537,-1.5296738,-0.64422303,0.28422892,0.34009594,0.463241,1.2943454,-0.7769997,-0.9977697,0.6821387,0.057116907,0.74152416,0.033708233,-0.5888325,-0.14215147,0.2310037,0.34655488,2.1659808,0.3865872,0.45461297,0.6274318,0.5010685,-0.031072713,-0.45897484,-0.45933545,0.43920252,1.3258454,-0.06298461,0.5479154,-3.024289,1.1930566,0.44488797,0.7865645,2.8297894,-0.8006554,0.057848178,0.8810896,-1.1467723,0.36855978,-0.8342754,-0.047589265,-0.26720247,1.6204147,0.14594962,0.51455975,-0.7312784,0.74982935,0.031457946,0.7591723,1.131664,0.99701124,-1.9582207,2.232909,0.8678525,-1.0607126,1.975861,0.96242815,-0.2917354,-1.8155596,0.07278606,0.5901608,1.798491,-1.1512659,0.45428857,0.40759695,-1.2866589,-0.0017803556,-0.6362062,-0.63472927,-0.4133558,0.19917753,-1.5585432,-0.2327875,-0.21012211,-1.3938581,-1.4905858,0.9075257,0.92725945,0.3934082,-0.6259424,0.39714754,-2.0565085,0.6524551,-0.47485727,-0.3040505,-1.448097,0.31601927,-0.77102226,-2.117652,-2.9346554,3.7416074,0.9367485,-1.5825208,0.45704195,-0.9554884,-0.5546239,0.7042419,0.63658345,0.91030127,-0.945997,-0.021564407,0.32829836,1.052645,0.40867835,0.062896855,1.2924851,0.52505493,1.9687054,-0.081967086,-0.36286944,-0.45391873,0.18415995,1.2415094,0.90615666,1.0344781,1.6384304,-1.806646,1.1182169,-0.06329768,0.3222686,0.13925447,0.27672192,-0.12938423,-1.5951647,0.585385,-0.57365197,-1.7731267,-2.013728,1.1554911,1.1297472,1.815249,0.66169703,-0.27065524,0.8292037,0.6236428,1.4012433,-0.5454115,-0.17847408,0.70664173,-0.5495049,0.10197335,0.15954693,0.85022086,0.82629794,0.29856983,-1.147608,0.2879681,1.8453829,0.4953966,0.31014374,-0.47225437,0.495173,-0.6738619,0.92481095,-0.48170918,0.68628633
http://www.benchmark.org/family#F6M80,-0.37255603,0.9413501,0.26066768,-1.2944317,-0.3655347,0.5568304,0.16877048,0.7468232,-0.5546057,2.6699364,0.19497746,-0.37123582,-0.56848085,-0.12661676,0.5659923,0.6918914,-0.8971276,0.44965035,0.6696813,-0.7329366,-0.20740743,-2.4193661,0.04615034,1.8010077,0.9452726,-0.04261695,-0.02798968,-0.27193448,0.2639112,0.28356007,-0.58303845,-0.8807425,-1.0919898,-0.58300763,-0.93047935,0.26681808,0.16229218,0.9573735,1.3000723,-0.03095118,0.3522793,0.034453657,-0.64770484,-0.7446726,-0.1809117,-0.4746368,-1.0543686,-0.14954078,0.40409407,-0.27082416,0.081707574,-0.13092467,-0.57726246,0.25316095,-0.038283147,0.4962872,-0.7869299,0.58428186,-0.7743302,0.7159888,0.8341269,-0.6219293,-0.35022125,-0.006633559,-0.37957203,-0.5840761,0.28518057,0.9397222,0.4508174,0.34459746,1.3398609,-0.034359723,1.0771997,-0.45407495,0.26288903,-0.77182746,-0.0123453755,1.2502922,0.2870941,0.62916285,0.20146556,-0.7958325,-1.3256582,-0.57029146,0.94829357,1.1400151,-0.6230794,-0.2041709,1.1969205,-0.88886803,-0.81261265,0.6011235,0.8038111,0.13690196,0.16366255,-0.5990809,1.4331839,-0.79237217,0.26151094,0.0019640366,0.51619846,-0.310502,-0.16433913,-1.2790642,0.775874,0.17936678,-0.19329447,1.0281825,-0.7135427,-0.34096104,-0.16929193,1.087725,0.5480009,-0.28636605,0.013210561,-0.8574912,0.13738398,0.22766289,-0.8145947,0.0884127,0.23968662,2.6772325,-0.40466458,-1.078866,0.7398837,1.0605519,1.0261039,0.067965396,-1.3370563,-0.98095995,-1.5930873,-1.311923,-1.2811192,-0.6719064,0.8394907,-0.010770454,-1.3558085,0.18655415,-0.20156334,-0.5105834,0.43190095,-0.4593312,1.9008666,-1.6538664,-0.62926215,1.208458,2.3893092,0.32160565,0.96255016,-1.5785831,1.0708311,-0.94772583,0.23918174,-0.12032807,0.1697112,0.745607,-0.5479247,0.8106929,-0.5768508,0.54428816,-1.526439,0.8496342,-0.49949366,1.8738779,-1.9219118,-0.85455453,-1.1204507,1.2934171,-1.568237,2.455031,-0.52501243,1.1319574,0.39482185,0.1501076,-1.6451718,-0.749649,-1.0986027,2.556456,0.45231664,1.2160988,0.40312025,0.7471394,0.011411047,0.40403223,0.05796011,-1.833164,1.4867127,0.51898944,-1.755399,-1.7520205,0.81787705,2.0251591,-0.9864688,-0.6138527,-1.0301743,-0.0070826877,2.3910966,-2.3319597,-0.16461703,0.835434,-1.6769772,2.0038507,1.3376431,-1.1408727,-1.3227865,0.4107051,0.93569285,-0.55344987,-2.8263772,0.8038718,1.3862445,-0.1698388,0.013036699,-0.26732132,0.7276991,-0.66080344,-0.37141964,0.13550588,0.61477935,-0.32939103,-0.18645863,0.7461878,-0.99601126,-1.8452661,0.82549554,1.0385826,-1.201405,-1.2652878,0.030286122,0.21322644,1.7076215,0.5617583,0.24214621,1.3833371,-1.6986829,1.551888,-0.824242,-0.83948827,0.19915873,0.16158694,1.8630185,0.5376904,1.0179777,0.09296046,-0.25972524,0.16128595,-1.3639458,-0.12043744,0.658551,1.2411631,-0.5755762,0.30999458,0.8334076,-0.7453097,-0.2534772,0.48743176
http://www.benchmark.org/family#F5M63,0.2447919,0.531908,-0.037437994,0.8520803,-0.068253815,1.0688664,0.057593383,0.79062164,-1.1268032,0.7339148,0.25685275,-0.2654985,-0.80006796,-0.31680492,-0.12552184,-1.3783197,-0.8032687,-0.40958008,-0.22033992,-0.03557487,0.2933675,0.19229154,-1.2196245,0.2857286,1.5400927,0.3065981,1.8875167,-0.12138455,-0.35087603,0.557726,-0.057827502,-0.42144772,-0.9022948,-1.1478227,-0.8576937,0.1855728,0.38877815,-0.7984184,1.7539145,-0.86342096,-0.9547488,-0.9137227,0.05218511,-1.450767,0.3101803,0.041290153,0.09733241,0.13654228,0.24654481,-0.5478446,-0.5119078,-0.17984787,-0.35292572,-0.60824996,1.5244526,0.8010864,0.53931314,0.0782445,-0.17899361,-1.9990083,-0.42587408,-0.3509493,0.048129033,-0.04775296,0.44979516,0.25575945,0.40393555,1.2006034,1.1500403,1.0858245,0.9808965,-0.2609322,-0.02538978,0.7367409,0.37093857,-0.9307714,-0.34934595,0.92251617,-0.19674733,0.14634182,-0.93237036,0.55826616,0.3002929,-0.02518371,1.0022434,0.3319396,1.7548705,0.32544225,-0.018109301,0.48181406,-0.5785698,-0.546612,-0.026721466,-0.6910714,0.6905449,-1.0686716,0.39580953,-0.57988197,0.15556827,-0.84808797,0.8594973,-0.37010658,-0.7421496,0.7982715,0.2533945,-1.0671434,-0.53898156,0.9742176,0.29145765,0.15987372,-0.02181116,0.5703844,-0.13667431,0.12662467,0.2370156,0.33445176,-0.09844205,1.4700009,-1.4741285,-0.54688007,-2.5699024,1.3876268,0.083058335,-0.12855144,0.4410279,0.3839853,-0.76361203,0.16523726,-1.2038852,-0.01967893,-2.3157454,-0.93366426,1.6777232,1.3425285,0.56229377,-0.56129247,0.0697179,0.13783686,0.85947996,-0.8901427,-0.6479872,-0.18651907,0.757273,-1.1222445,0.35525557,-0.1894816,1.6568698,-0.64787674,1.1341431,1.953379,0.078461304,-1.9116721,-0.0015877187,0.5673213,0.879749,2.3814085,-0.54385275,-0.22173968,-0.2371812,0.7794576,-0.06231909,-0.22340097,0.63942105,-0.295704,1.5329932,-0.51940805,1.0605466,0.13541847,0.3977943,-0.39815393,-1.3866253,-0.16229384,-0.54303944,-0.4182576,1.8549348,-1.543882,0.08873397,0.3712917,-0.8629851,-1.6624212,1.1241977,-0.3544297,-0.019787775,-1.0272532,-0.09486692,1.2376479,1.9754306,0.7215931,-1.2670552,-0.2496679,1.6646141,1.3671848,-1.2004554,-0.4082064,-1.3967217,0.19506249,-0.03839158,1.6502813,0.85708,0.5489881,-0.4900295,0.42887267,1.5684217,-0.12725581,-0.11708162,-1.2059724,-0.03291463,-0.22669926,-1.3584949,-0.040684268,-0.8342958,-1.7138113,2.606854,-0.022857463,-1.7972678,0.5400634,0.58124655,-0.41698226,-0.45685437,1.0349978,1.4247501,0.95679075,-0.0286863,-1.2369717,-0.055336136,1.2213452,0.42454425,0.104074396,0.22669783,0.94672346,0.062850654,0.27928036,-0.11901168,-0.08518457,-0.4016405,1.2235153,-0.44444826,-0.6851585,-1.4243996,0.035830352,-0.08380679,0.54723656,0.44170773,0.31402937,2.201881,-0.29134354,1.1804327,1.7526704,-0.6433699,2.0261726,-0.63380927,-2.0774097,0.5140139,-0.83381647,2.0009964,-1.0034596
http://www.benchmark.org/family#F9F152,0.21259862,0.84599674,0.9009292,0.25702456,-0.6232936,0.23831895,-0.769715,0.28327033,-0.46776113,-0.15843596,0.39801225,-0.9006321,-0.67413795,-0.47203946,-0.52879184,-0.35992637,-0.22496052,0.45840085,1.316463,0.5333547,-0.5015544,-0.24975222,-0.19220793,1.2064306,1.5213614,0.17960462,-0.41456044,-0.9667777,-1.2526531,0.6156679,0.119510725,0.33514795,-1.0763993,-1.509176,-0.38153592,-0.0061709746,0.6603341,-0.40014496,1.4832637,-0.011119677,-0.13538529,-0.42789623,-0.6068776,-0.31837803,-0.6141016,0.2289212,0.09122701,0.6519077,-0.843861,-0.8701411,0.62621427,-0.33862242,-1.1933315,0.08628519,0.73991776,-0.72078586,1.6250638,-0.25512752,-0.44981447,0.00897144,1.1807792,-0.78034824,1.7760553,2.0545766,0.7664785,1.1742812,0.07706786,0.21741062,0.31607273,-1.0731516,2.5738356,0.54129165,0.28382865,-0.22365113,-0.95707154,1.465557,-0.032151196,-0.23344104,0.35594344,0.7868817,-0.13967036,0.39785537,-0.50749874,0.37430704,-0.5690896,-0.07672879,-0.9096265,0.1732237,-1.3300109,1.0677972,-0.5797777,1.1596998,-0.28210294,0.40548813,0.29996014,-1.2760321,-0.8603614,0.0846257,-0.35744274,0.54931116,0.40167284,-1.3408324,-0.033481974,0.8198169,-0.2881228,-0.24030167,-0.08310177,-1.1321163,1.3583506,-0.5796818,-0.85372126,0.4925278,0.5974026,-0.5739019,0.6709258,0.222164,-0.5788219,0.2437187,1.371812,-1.4080341,1.334134,1.8095189,-0.6278548,-0.24921893,-0.66051203,0.3328978,0.7453994,-0.9580645,1.2969986,0.36057448,0.48949322,-0.63027704,-0.940466,0.9670532,-0.7105937,1.0583149,-0.89337635,-0.46961197,0.49836496,-0.6626303,0.2500284,1.6421436,-0.44324243,-0.81533104,-0.14943649,1.761585,1.8488407,1.6820167,-0.24447034,1.0465984,0.33045325,-1.2859821,1.1154203,-1.3331203,-0.87819874,-0.23138501,0.20387784,0.31193992,0.48820838,0.8028382,1.3294793,1.5961747,-0.8010041,1.6109389,-0.3426264,-0.41980582,-1.8892512,-1.6349665,0.9488121,-0.58716214,-0.68589133,-0.736963,1.287897,0.32955176,-1.4581189,-0.5452828,2.0468972,2.425194,-1.2389014,1.3009923,0.96294856,-1.0715439,-0.6015646,-0.8900105,0.0072301277,-1.9926147,1.4663576,0.4999774,0.056332495,-0.88798445,0.07262621,2.2102766,-1.222192,1.6774807,-1.2982482,0.4080908,0.74753153,-0.36093107,1.7562678,-0.08329266,0.4489318,0.612363,1.198824,0.55519193,-2.1546953,1.5947248,0.84172446,0.3354015,-1.0871055,1.325684,1.508818,0.6738205,1.8860096,-0.8660655,0.22909752,-0.5381348,-2.0135787,0.36658567,-0.24158365,1.1618512,-2.3163905,1.0213649,2.056247,-0.54060876,0.84187055,-1.2897258,-0.74116236,0.88159865,-1.6084285,0.8720423,0.05047097,0.4808833,-0.43123516,0.8268215,-1.5275918,3.084501,0.09780755,-1.4865242,-1.2434069,-0.74682295,-0.045986697,0.6168281,0.24793628,-0.08533696,0.7530538,1.0832397,0.4076794,0.9128373,0.9334818,0.20835267,1.2404777,-1.2901831,-0.41837364,0.7966132,1.5266938,1.2765483
http://www.benchmark.org/family#F9F168,-0.8713208,0.71874446,0.7284627,-0.4506711,-0.12848428,0.13519002,0.944729,1.3972553,0.46034056,0.36566398,1.0717562,1.1767331,0.92822003,-0.22647704,0.16933787,-0.06425169,-0.5789671,1.0036541,-1.7499757,-0.19089974,0.039274506,-0.9670504,-1.1847097,0.45755816,-1.7634631,0.038614925,-0.30647677,-1.4805593,-1.3007598,0.80307615,0.8119798,0.32012728,-0.9835525,-1.5199258,-0.26152304,-0.41785625,0.4175675,0.4106866,0.61946756,0.03347063,1.0788102,-0.24689405,-0.35365024,-0.14455643,0.11861118,-0.69229275,0.23834568,0.04248228,-0.15118909,-0.28678092,0.48276955,0.6401567,-1.0053782,-0.11108923,-0.59229875,-0.68747777,-1.5327114,0.119812906,0.89730245,0.062097695,1.4046562,-1.6632949,0.29768866,0.7463241,-1.8215072,-1.2181708,-0.52556705,0.011492004,2.1247315,0.5528352,0.58587205,0.5335991,-0.21804942,0.31179917,-0.49226028,0.12711051,-0.04922835,0.27866024,0.13563734,-0.11909308,-0.8886625,0.09075835,-1.1328105,0.06289796,0.90484935,-0.47500122,0.22766401,0.33638442,0.3293718,-1.3778785,-0.55588764,0.077458784,-0.5220053,0.2569175,-0.18531159,-0.68754345,0.09987685,-0.22077873,-0.23825395,-0.17585179,-0.33457822,-1.281547,-0.13111791,-0.27398318,0.79968715,0.62539953,0.6314081,0.014456197,0.12868012,-0.44394472,-0.1974848,1.4107659,-1.1923025,0.4858713,0.0072919964,-1.153315,-0.41023365,0.74462265,0.8350064,0.8844295,-0.9223645,-0.08531941,0.97747993,-0.14887369,-1.252094,-1.6535529,0.2627571,-0.64703244,-0.023465306,-0.8324489,-1.6806117,-2.1291568,0.15980023,2.3240535,1.1492229,-1.6271493,-0.9655007,-1.48419,-0.32181022,-0.45390636,0.9148077,-0.78334177,-0.30243897,-0.09331615,1.3010819,-0.44743443,0.4501922,-1.0230056,0.5369174,-0.76482767,-0.9407947,-0.65857434,0.29168302,-0.2906125,-0.037104428,2.8196058,-0.24673879,1.4696947,-2.1732183,-2.8136063,1.2893164,1.2498504,2.416937,1.2014191,-0.06203939,-0.51717186,-1.81812,0.09661541,0.06700018,-1.4206493,-0.82634765,-0.3830892,1.2705244,-0.71510166,-2.5560086,1.5019505,0.10342769,1.1289643,0.39566132,1.6930639,-0.10416734,0.6025301,0.11267561,-0.06811905,-0.89488184,-0.8150953,-0.9110761,-1.8529531,0.18686873,0.6206315,1.36505,0.76296866,-0.034200236,0.662735,0.74760777,-1.5748355,1.0340403,0.28358662,1.9337442,-1.1515067,1.1891018,0.99174285,-0.40360782,0.7332159,0.8863339,-0.35371354,1.3949256,0.036431786,-0.3986098,-0.2806798,0.7218416,-0.4921588,1.6176134,-0.48265666,-0.92188627,0.1961695,0.6108634,-0.1656944,0.24013577,0.669942,2.2259593,0.28317806,0.27287957,-1.9676564,-2.0116093,0.12234618,0.530669,-1.3882188,-0.9970022,2.3172739,-1.1139237,0.6377709,1.8088809,1.3043789,-1.61239,-0.078829244,-0.04251301,-0.6982723,-1.1854805,1.9069998,1.9893359,1.0683649,0.6294165,0.3987577,-0.43966293,0.11475179,1.191215,0.5152906,2.0185938,-0.85561025,1.4778444,0.3880334,-1.3625407,-0.75754815,2.0255713,-1.8783193
http://www.benchmark.org/family#F9M139,-1.1059514,-0.52634823,-0.11304908,-0.089749,-0.46839705,0.32347268,0.36512548,0.020235425,0.84687364,0.8014642,1.8966454,0.37807074,-0.13915685,-0.08325307,1.5401587,1.1225517,-0.5848008,0.17938,-0.24598679,0.3202559,-0.7810234,-0.5689007,-0.9698578,1.2275337,1.304352,0.56414044,0.06283966,-1.7866662,2.3540626,-0.24442884,0.10005433,0.5218969,0.5165625,-1.4430176,2.8031752,-0.23131117,-0.4023862,0.2422868,-0.9160638,-0.6370377,0.36685377,-0.9269679,-0.97063214,-1.4649622,1.1219374,0.36657482,-0.32984826,0.32498342,-0.4098424,-1.326551,-1.1009222,-0.024533687,-0.39151245,0.22108246,-0.44988212,0.019188778,0.24913724,-0.13375264,-0.051463824,-1.3168344,0.7339801,0.031512313,-1.1408736,-0.05353032,-0.03930391,0.4069638,0.2111044,-0.7957013,0.3555774,-0.97647136,1.073247,-0.032615546,-0.12625371,0.76324195,0.4000945,0.006740508,0.5495688,0.4919611,-0.03208027,-1.2758452,0.35152128,-0.26131037,0.37743425,0.07466019,0.64396036,-0.06202374,0.16182174,-0.19599794,0.49038908,0.569621,-1.1695954,-0.92408395,0.9671494,-0.9600794,0.10529222,0.91403717,-0.0947215,0.22504677,0.67139006,-0.4812872,0.1806026,0.17347775,-0.5184193,0.6714224,-0.22911423,-0.56085706,1.2889459,0.31113207,-0.63133174,0.8503342,-0.21208504,0.33314076,0.072642,-0.02957352,0.37047794,-0.11477654,0.35280585,-0.6358018,1.2629647,-1.4639467,-0.025019472,1.2043377,0.5882262,-0.18654005,0.57794374,-0.40795746,-0.5271345,-0.23428734,-0.27479523,0.9906833,-1.6042821,-2.3585553,0.6886108,-0.25579855,0.13747977,0.19204152,1.0817935,1.6948622,-0.25973293,-0.357425,1.5978739,-0.5719272,-0.36798325,-0.20811078,0.6422992,0.13057698,1.0862045,0.8831779,1.1934212,-0.72018564,0.45674008,-1.233324,0.6537317,-0.6998626,0.13250993,1.2868199,0.112955414,2.2856233,-0.8334489,-0.84606785,1.0580361,-0.09076988,1.2837547,0.09179541,-0.5403719,0.3311366,0.22356224,1.512112,0.6170872,0.2419773,-0.69071615,-1.0720757,-0.2860641,-0.5051521,-0.51636356,-1.5488303,-1.1078135,-0.86411214,-1.2277663,0.6390173,1.6919359,-0.16096832,0.7813222,0.5725896,-0.1517721,-2.4451728,-0.30790505,-2.0566535,-1.7924957,-1.0627372,1.8511723,0.48073757,0.32989472,0.03189301,1.0781492,0.1556217,0.19936162,-1.3012263,1.3666526,1.1813686,0.47726202,0.3487742,0.5961415,0.52426505,-1.5094467,0.9794749,-0.8090268,0.3014495,-0.7062076,-0.36588496,-0.20547146,0.5706024,-0.26741624,0.6741519,0.06554679,-0.7560203,-0.15016219,1.2639209,-0.29203948,1.0020233,-2.8602283,0.0057585547,0.68189913,-1.2258207,-0.53943956,-0.2652117,-0.48288968,-0.9833789,0.13980463,2.4883492,0.3084751,1.3518503,0.32914263,-0.82573235,-1.1249163,0.8257909,1.7440083,-0.72512203,-1.7849704,1.8349754,0.6395995,-0.26163775,-1.759753,0.17774501,1.157508,-0.23520668,1.7698576,-0.34252673,0.3750524,0.3725964,0.2335425,0.3090888,1.6551766,-0.37333494,1.1078234,1.0306214
http://www.benchmark.org/family#F7M120,0.5218962,-1.3162447,0.3144942,1.0224633,-0.22022933,0.2968582,0.6691301,0.96946454,-0.23010905,0.6448564,-0.18374161,-0.5119057,0.13851771,0.3097745,0.20651264,-0.33587468,-0.18675838,0.12542936,0.51330626,0.027231777,-0.4813901,0.33380324,1.2205589,1.1274031,0.20912832,0.84765434,0.1083026,-0.30072197,-0.9867983,-0.297552,0.061791357,-0.104591645,0.5196568,-0.042437058,-0.19639453,0.17773572,0.29741746,0.011950595,0.5726852,-0.3188547,0.5260048,-0.37508583,0.61721563,-0.18182746,-0.039463308,-0.45780638,0.37263763,0.40610895,-0.2432962,-1.3189867,0.6605527,1.6714789,-0.3760688,0.6877948,0.96083856,-0.5685879,0.46827188,1.0015823,-0.4015638,0.8406033,0.49093193,0.67616665,-1.3474078,-0.3306561,-0.12779526,-0.72072285,0.044463154,-0.25332618,0.25793257,0.7148284,0.80760217,0.9524108,-0.026789123,-0.421693,-1.5073566,0.31818253,0.29563844,1.3144034,-0.9861003,-0.11102018,-0.755693,-0.57039493,-0.63649535,-0.17796473,-0.4725167,0.55807906,0.3184006,0.57763565,-0.52576655,0.3174623,-0.81417805,0.34266207,-0.64462584,0.078130975,0.025349643,-0.021219091,-0.98926777,-0.21057321,-0.19805948,-1.8379744,0.78028345,0.716827,-1.0620486,0.27411765,-0.19817282,0.22720444,0.4489512,0.34720594,0.28501332,-1.7581568,0.712575,0.8028091,-1.4765862,0.15704392,0.2358857,-0.71338636,0.73001194,-0.4977742,-0.44383845,-0.64635056,-0.8048937,1.6665152,-0.30243537,1.5776117,0.32451198,-0.4911219,-0.19143066,-0.5792703,0.927049,-0.78042275,-0.1282471,-2.7570102,1.641026,2.052266,0.07124457,-0.31228593,-0.22604665,-0.3616809,-0.7971809,-1.7491255,-0.2069782,-0.94091916,-0.8251795,0.45353112,2.5855129,0.36381727,1.2180607,0.76988375,-0.10971499,0.2550431,0.5787366,-0.36703825,0.18209702,-0.26812342,0.2016681,0.35938793,-0.93031645,-0.26500663,-1.6235969,-1.0641799,0.44533733,0.68156886,-0.16093145,0.8335357,0.6567035,-0.09816376,-0.9558917,-0.4735862,0.9422221,-0.8539412,-0.9815079,-0.4430196,0.7976368,-0.05600496,-4.096314,0.71840096,-1.0690293,1.4081792,-0.51554465,-0.45694923,0.19578302,1.3592199,-1.1284878,0.85676545,-0.57610667,-0.3673457,-1.2778324,-1.5190988,-0.338495,-0.2342595,1.2063966,-0.9746176,-0.29266605,-0.11786255,-0.018846706,-1.7864969,0.215722,-0.6834342,0.8639101,-0.4439973,-2.0056245,0.13405986,-0.46095747,-0.11602145,-0.9509486,2.9334629,-0.72650176,0.10485725,-1.4000223,1.809247,0.4128583,-0.54917157,1.1604897,-1.0545284,-2.2885249,0.48220205,-0.4531472,0.18024799,-0.8484321,-1.1544477,0.4121417,0.91358227,-0.5263259,-0.8726071,1.1256332,-0.7332764,-1.6277686,-0.55828035,0.20755711,0.101253785,0.7570481,1.1325032,-0.3468931,1.6118897,-1.1625098,1.6273031,-0.51795363,-1.5055746,0.20370519,-0.59184563,1.0710707,0.34140822,0.33835176,0.74869096,0.99212426,0.37793598,0.6765165,1.686515,-0.16764359,-0.39986536,1.5497235,-1.4772158,-0.29447463,0.70157605,0.7674685,0.49348843
http://www.benchmark.org/family#F9M147,-0.4451831,0.5602767,1.0737709,0.023459377,-0.44710484,-0.28554496,-0.027120473,-0.328031,-0.03868116,0.3662971,-0.42180836,-0.20257793,-0.3180061,-0.2553751,0.08234828,-1.1611356,-0.85955876,0.9524538,-0.071164064,-0.160143,0.030328441,0.4851836,-0.396055,0.8246426,1.5479567,0.39573532,0.04507915,-0.20540832,0.0786577,0.13226463,-0.77960265,0.2337896,-0.845025,-0.22252916,1.1124561,1.0204958,-1.1970776,0.49530903,0.28198463,0.21143214,0.4752015,-0.1605018,-0.9704141,-0.20166902,0.78836805,-0.12659207,-0.20616785,1.1406449,-0.20232347,0.74082774,-1.1254979,0.01327336,-0.22742195,-1.3913344,0.8292211,0.7682034,0.7153522,-0.8226186,0.8829732,-0.2728975,0.019399388,0.13210109,1.0241319,-0.1338581,0.13676558,-0.49430594,0.34869188,-0.99190176,0.4539417,1.3985906,-0.2596317,0.04312069,-1.8834851,0.05162867,0.25064683,0.575416,-0.72087055,1.0859749,-0.31276068,-0.27946147,-0.5195886,0.47946256,-0.4049094,0.6361329,0.20900056,0.4955351,0.47510853,-0.29480672,1.8613161,0.5619809,-0.24557245,-0.08890453,-0.45428693,0.31132174,-0.04666304,0.08827209,-0.7081284,0.03707647,-0.49200287,-0.22415921,0.13824464,-0.7734621,1.625542,-1.1818331,0.019889165,-1.1096635,-0.11768093,-0.14797738,1.0181376,0.5570967,-0.35730886,1.0950608,-0.8996337,-1.5735693,0.5630052,0.66158545,0.22362772,-0.7283417,-0.09950636,-0.47112137,-1.6972008,0.8435978,-1.2905529,-0.76324946,2.237434,0.658989,1.2070578,0.36702105,0.08236744,-1.6295118,-0.65051806,0.25655156,0.25002277,1.6969486,-0.29924345,0.4829136,0.11373353,0.30269098,0.8223292,0.3119785,-1.5307894,-0.74313635,-0.8312838,-0.9300625,2.714634,0.1118251,1.1050899,0.4700945,0.81980765,-0.24729604,0.26695198,-0.6688957,1.7282323,-0.482144,1.8930236,1.4796318,-0.9429367,1.5933061,-0.34252292,0.99465674,0.5353987,-0.08764331,-0.794816,0.82300514,1.154448,-0.24711764,-0.5291706,0.61374223,1.6399665,-0.6877693,0.52097887,-2.075227,-0.46755326,-1.047491,0.5532001,0.9326137,1.1901658,0.55051464,-0.49656463,-1.0516129,0.55196744,-0.8001425,-0.9482223,-0.5668965,0.2389613,-0.506989,-0.06236825,-0.8104722,-1.4625156,0.8805618,0.4724658,1.4248232,2.157578,0.5316747,0.25046578,-1.779101,1.3599069,-0.06474172,1.3039184,1.4206852,-1.1051973,1.313917,1.0794446,0.6094444,-0.5042545,0.36693466,-0.9198976,-0.43003863,-0.54318905,0.48336652,1.6809629,-0.08620086,1.7780216,1.0847498,-1.2465444,-0.39208362,1.2534465,0.7500208,1.3065379,1.0869466,-0.85774285,0.6172076,-0.8998827,-0.75318205,-1.9197974,0.30730143,0.02192609,-2.2146919,-0.66632694,1.0036272,-2.0041068,1.3976277,-1.4234653,0.24207692,0.07882496,0.51466036,-0.83406246,-1.2818811,0.72182816,0.85706174,1.1702701,-0.740676,0.25640336,0.3063712,1.2924497,-1.273973,-0.9848003,-0.7717479,1.8970109,1.5441257,-1.0156444,-0.34937516,0.24366401,-0.044347487,-0.022997169,0.6554551
http://www.benchmark.org/family#F2M34,0.8430727,-0.3536548,1.3405268,-0.39183724,0.18748978,0.36026672,-0.12975359,0.25246936,0.4707256,0.3478926,1.4663893,1.6739056,0.675832,-0.099447556,-0.890987,0.6200194,1.1114753,-0.030718306,-0.54532343,-0.4322027,-1.0995983,0.07771358,-0.32314685,0.23094977,0.9120249,-0.014658879,0.062293626,-0.24998063,0.4102154,0.77619046,-0.22164404,-0.88143826,-0.7505648,-1.6719956,0.23176193,-1.8356198,0.71040094,-0.10639895,0.58115953,-0.70887196,0.17464478,1.1116065,0.2185983,-0.316922,0.21560769,0.73829836,0.11425669,-0.15304555,-0.19135109,-0.42018324,-0.70736647,-0.60950476,0.66007185,-0.024004605,0.6664303,-0.85725266,0.07321996,-0.37335792,-0.86363804,0.25098488,0.95399374,-0.013824192,-2.1230986,0.36349618,-0.78550035,-1.2193403,-0.08230681,1.1817425,-0.3556259,-0.3691202,1.5754683,0.2168136,-0.40741512,0.0034933102,0.23384279,0.6705784,0.11609022,-0.7801933,0.1489999,2.265951,-0.5656379,-0.5059212,-0.22692211,0.5038659,-0.44464028,-0.7708483,-2.5866308,-0.72846955,0.0755413,-0.4845009,0.42093295,0.24424317,-1.9472067,-0.0066685895,-0.4965826,-0.1769982,-0.7608778,0.38317284,0.7243367,-0.13921909,0.033925332,-1.0382109,0.66741014,0.37261194,1.0480684,0.0060324557,-0.062590905,-0.112449236,-0.46687165,-1.6342186,-1.2370436,0.27352652,-0.80731386,-0.24913035,-0.14959523,0.36220974,0.04398014,-0.5646135,-0.8529246,-1.1283145,-1.4126635,0.6260978,-0.81185395,0.36397082,0.19285667,-0.90663433,0.21039687,0.30400145,0.03261365,-0.22131044,-1.429798,-1.1751313,1.166273,-0.11401811,-0.4938143,1.1696516,0.7542777,1.2487744,0.25238812,0.048846506,-1.3567436,0.37335277,0.7430535,-0.1377862,1.7588499,0.11006155,1.1893477,1.4125748,1.0507449,-1.7319049,-0.3368435,-0.38835174,-0.7217005,-1.4201251,-0.7853781,0.9896802,1.1893911,1.8637158,-1.6998777,-0.4769695,0.8808431,-0.14972687,-0.640677,-1.4617119,2.5632484,0.61021984,-0.14612874,0.18601038,0.17140672,0.14162008,-0.9639041,-0.63158375,0.36963704,1.8933353,-1.4321791,-0.21020971,-0.3739199,0.0017211963,1.0661342,0.74794143,0.43432152,-0.38697904,0.528514,0.8862556,-0.64940304,-1.1271898,0.7073678,0.091664575,-2.196936,-2.2452574,1.846672,1.8466673,-0.72636956,0.6212054,-1.6694543,-1.3852514,1.0621117,-0.59255517,0.869593,0.3127174,-0.4556527,0.11443013,-1.2108402,0.8701265,-0.39832142,0.19942714,0.175774,0.28669775,0.5865204,-0.4227322,-0.30150563,-1.0597858,1.9215882,-0.007947803,0.15308796,0.92399335,-0.08224558,-1.2104328,-1.3448431,0.86276066,0.09313576,0.07011478,2.713079,0.008285971,-1.7095875,1.3793545,-0.0060785534,-0.015940553,-0.08898271,0.8193328,-0.24673626,-0.6413619,-0.9323254,-0.6538344,-0.532438,-0.4941879,0.6475024,-0.063218296,-0.22300184,-2.2375762,1.887748,-0.8784801,0.17513807,-0.29754767,0.8021931,0.054667577,0.26739433,0.87593144,2.1869862,2.2865613,0.99164605,0.7885134,0.23046471,-1.883071,1.5429921,-1.3206115
http://www.benchmark.org/family#F2M16,-0.8962406,-0.63805044,1.994337,0.5194919,0.09231052,-0.06594728,-2.4528203,0.10933002,0.010522408,-0.13476847,0.025788294,-1.4533336,2.3157794,-0.24504806,1.0416039,0.7335167,-1.3218389,0.5865673,0.04003356,0.25548026,0.2021537,-0.08880111,0.25446466,0.13502142,1.6771007,-0.34261718,0.26477435,0.24946034,-0.3682997,0.28633437,-0.7229468,-0.1306797,-1.6914107,-0.3388495,0.5246084,0.27330536,0.5181119,-0.32678884,-0.37899846,-0.24748981,-0.09006243,0.08172892,-0.0553959,-0.960738,-0.39853707,0.25612217,0.59949386,1.1268182,-0.1548002,-1.0700573,-0.3080499,-1.1615183,-1.9712094,0.30903992,-0.7317302,-0.14234452,-0.31262338,-0.13103512,0.16719127,1.7409319,0.49317318,0.05873286,-0.3888519,-0.22452675,-0.56692225,-0.44745877,-0.86041003,0.020198422,0.60893995,0.07264091,0.521743,-0.27099377,1.0921199,0.14154913,-0.30908063,1.1160679,0.1823262,1.0262991,0.15921696,-0.30673936,-1.8315636,0.52162415,0.8537676,1.3508692,0.47034144,-0.37308273,0.25334436,-0.7010864,0.10561725,-0.30268958,-0.73794925,0.2985196,0.3762165,0.0006781991,0.24861822,-0.59702265,-0.08203476,-0.5955134,0.6102938,0.6358041,0.15763669,-2.2115722,-0.5395971,1.639689,1.0204661,-0.07610426,-0.70015305,-0.32765555,-0.10776669,-0.028954882,-1.0461869,0.03426632,-0.2524712,0.37072474,-0.6444548,0.04222681,-0.10273878,0.4819835,0.1014267,-1.5630274,0.48049495,1.2903693,0.1645632,-0.52668244,0.51405007,-0.05981,0.59958196,0.45111144,-0.26436317,2.3064816,-0.16275766,0.43637794,-0.036295384,0.5592084,-0.30040586,0.6312797,-1.8100711,-1.0017711,0.02849175,0.106613256,-1.1701818,-0.18571807,0.82757145,0.14948651,0.27712578,0.8483175,1.5162153,-0.65024567,1.6596575,0.18138456,-1.1536245,0.2453821,1.2119001,0.13324985,0.5257048,2.4385135,-0.7578397,0.1341055,2.0663888,0.70867664,1.3293637,0.2632909,0.1547028,-0.077559404,-1.2631205,-0.47308528,-1.6847396,1.2925522,-0.074775465,-0.27520168,-1.2939225,-0.12014258,-0.7559355,-2.10964,0.31809825,0.37275264,-0.16843852,0.79356587,-0.5173268,-0.45403367,1.7714522,-0.6991958,-1.6658674,-1.3304064,0.42991844,0.6460353,-0.987465,-0.86063504,0.68614745,-1.2655101,1.4229753,1.0724349,-0.5093923,-0.93982786,1.509549,-1.5842153,2.4797847,-0.50518686,0.5580283,1.0466284,-2.158027,-0.29211336,-0.8392326,1.5797937,-0.9166346,1.1860849,0.88970333,-0.16049336,0.13957861,0.530223,0.3177918,0.00035395543,0.12780868,-0.2927872,-1.0751503,-0.6108516,-0.32086715,2.12654,1.2146628,0.54463726,1.5125967,-0.83320737,-0.14313295,-0.73501587,0.6827509,-1.4205369,0.12184202,-0.44959378,-1.2841638,0.8511806,-1.7989553,1.4438928,-0.8031338,-0.32210377,-1.86222,0.5422072,0.73834723,-0.31006908,-1.1104755,0.7047298,0.84353524,-0.39714918,-1.3139967,0.9915292,0.015121373,1.2278807,-0.5379421,2.612113,2.8114533,1.6393543,0.5497214,0.10970829,-0.07490982,0.26990047,-0.3156973,-1.7193725
http://www.benchmark.org/family#F9M170,0.4291631,-0.63695836,-1.5366056,1.6120191,-0.03416344,0.8844729,0.14942417,-0.5474531,-1.3032751,-0.09886746,-1.870459,0.6363451,0.661475,0.51358265,0.1349694,-0.9219559,0.49269927,0.07485572,-0.155374,-0.73628765,-0.09232647,-0.85264456,1.5302805,1.5042528,0.5434864,0.55186075,-0.14980137,-2.3125105,-0.0007456995,0.46198925,0.3528276,-0.058328178,-1.3633593,-0.7081952,-0.07937602,-0.4122537,0.6520624,-0.8505045,1.006073,-0.44946223,-0.060325377,0.124879,-0.37886375,-0.62333596,-0.48011193,0.7472566,1.8383361,-0.31216958,-0.282324,0.8810614,-0.707779,-0.27526817,-0.9162237,0.33633375,0.24953797,-0.063167825,-0.9707097,0.09250245,-0.6696461,0.824727,0.8041122,-0.14250496,0.22883144,-0.26234886,-0.6600422,-1.459622,0.26285395,-0.5689216,0.57874215,-0.14812945,-0.29424736,0.15393394,-0.010174049,-0.12120677,-0.17489702,0.10904529,-0.40222153,-0.49923676,-0.23833436,0.43904325,-0.12309152,1.6946872,-0.6785925,-0.03988181,0.14379744,-0.26534393,0.04005011,-0.24510942,-0.16592611,-0.6247334,1.1063334,0.17232431,-0.58211696,-1.1314898,1.6630912,0.23160976,0.7308931,-1.1702499,-0.19079323,1.0947782,0.4210117,-0.06220446,-0.23972137,0.48388118,-0.2258687,0.6023475,-0.008828785,-0.07403244,-0.16371205,0.2935449,-1.062038,-0.38103917,-0.61066455,1.4296782,0.69424623,0.15517554,-1.2304811,0.64679253,-0.19684955,-0.20189528,-1.3256196,0.69115144,-0.25141138,-0.91821414,-0.10896094,-0.32544982,-0.4380488,0.0370878,0.6018551,0.12665153,0.1421528,-1.5140597,0.8496868,1.548492,-0.24160406,1.4761337,0.70161927,-0.49274597,0.34342912,0.5902696,0.08252433,2.1859505,1.2484893,-0.09492193,0.7542145,0.66836417,0.77399194,-2.118341,-0.7803917,1.0553763,-0.41029537,-1.905722,3.1058989,-0.11810416,-0.99080193,0.6991858,-0.11615854,0.01321211,-0.15603486,0.098713204,1.3977876,-0.079953745,-0.6566567,0.7895838,0.111774616,-1.358979,-2.0258071,-0.66952074,-0.68865263,-0.7811132,-0.9840446,-0.14091897,-1.6956278,-0.6978563,-1.3981637,-0.33216652,1.3044875,-0.16243488,-1.2081708,0.97183174,-1.0559071,-0.7386623,0.03928517,0.3618437,0.5200533,1.8691727,1.902958,-1.6093676,-0.982883,-0.09964557,1.7707578,1.9930661,0.31362534,-0.024435494,-0.86336446,-1.4689379,0.8109054,0.12627769,2.2462213,-0.5301442,1.2478993,0.0647674,-2.436872,0.5723591,0.97317713,1.5225344,-0.67560923,0.8546137,-1.8225785,-0.8295628,1.5340489,-0.8001914,1.8139782,1.0004618,1.347108,-0.74471563,0.8855878,1.7851093,0.6487994,-0.3896828,-0.2702035,0.14850175,-1.4779047,-1.612342,-1.3592256,1.0386313,-1.139906,-2.0258598,-1.0758947,-0.026292158,-0.74655676,0.8962103,-0.8339984,0.48052445,0.13923298,-0.8602679,-0.5371552,-1.1190917,-0.0035502329,0.6934351,1.920404,1.0251412,0.8796821,0.16609226,0.292972,1.663495,0.32148862,-1.3363324,2.3326554,0.5689575,1.568452,-0.8397,-1.3707933,-0.956506,-0.72401196,0.826664
http://www.benchmark.org/family#F9F160,0.6909561,-0.7153365,-0.7084168,1.4885591,-0.553477,0.5957293,0.3462954,-0.103455864,0.23861839,0.25592387,0.027123608,0.6579709,0.34804532,-0.16350283,0.53637165,-0.2113475,-0.6335011,0.11524699,0.24778292,-1.0616406,-0.37488195,0.84519416,0.49798375,0.9175465,-0.35207188,-0.66324997,-0.017913548,-1.2914102,0.28549933,0.5478295,-0.077337265,0.15221791,-0.9639127,-1.5462084,-1.1620564,-0.44827655,0.44477984,0.06897548,1.8102732,-0.19640446,-0.32542926,-1.0992119,0.025624197,-1.0286217,-0.24615075,-0.78555745,0.21963191,-1.4172605,-0.71083933,-0.09181227,0.48667178,0.79554516,-0.24576692,0.03445549,-2.3000631,0.11349869,-0.799511,0.7502904,-0.5903757,0.24915537,-0.6018893,-0.20301136,-1.2601836,0.4267947,0.5206666,-0.13145937,-0.3891774,0.21694537,0.09947302,-0.35445,0.7818976,-0.18974872,0.037589025,-0.49256143,-1.0196888,-0.25924134,0.24181524,0.4168094,-0.1148242,2.0595644,-0.70563155,-0.0436556,-0.62927365,0.85365856,-1.1473397,-0.1726889,0.06381889,1.197881,0.42724854,-1.0243657,0.15448771,0.3747921,-1.0590209,-0.5474472,0.6946044,0.9795518,-0.08088389,-0.35271648,-0.44122684,0.71051145,0.06800534,-1.7646161,0.27538592,-0.53612185,0.11821209,-1.7493134,-0.5535921,-0.93216693,-1.2877089,0.061548356,1.154943,-0.1264407,-0.18014035,0.41096005,-1.6115888,0.0036698533,-2.1054888,-0.365291,-0.44353482,-1.102056,-1.469147,-0.21719491,-0.22239266,0.2993688,-0.52527237,0.42332792,0.506558,-0.13978265,0.52605534,0.5013948,0.45703304,-2.6667113,0.787447,0.8213866,0.2947556,0.35622016,-0.1659177,-0.38275316,0.36962202,0.469755,-0.57970357,-1.3412774,0.56151813,0.05851606,2.827643,-0.16379292,2.040921,-0.3173112,1.4802,0.25508133,1.1127982,0.38940653,0.672746,0.50843626,0.15489276,1.1632168,1.3001121,1.5049917,-2.1990535,0.37874377,1.3377978,0.92847407,0.35064,0.53185916,1.0928885,-0.27465904,-0.445777,-1.2020761,1.3008844,-0.80469024,-1.0301528,0.5335629,0.20100294,-0.9115375,-0.5029909,1.3020228,1.9942805,1.663986,0.99720013,1.1731229,-0.2583403,0.2804868,-0.89363015,-0.27448702,1.2406329,-0.29374558,0.079729214,0.24191771,-1.6070238,-2.0139282,1.5831169,2.4181218,-0.46922445,0.46232626,0.24426273,-1.4930565,0.70658976,-1.3152795,-1.5574291,1.0277724,1.3558716,1.7183145,-0.16698126,1.8099972,-0.07480051,-2.0993292,-1.3175526,2.0043046,-1.2549179,-0.3870758,0.638299,0.0057203146,2.3594737,0.30942252,1.1340921,1.8281152,0.34217313,-1.0369927,0.63568646,0.055089373,-0.5000629,-0.11501318,-1.1353163,-0.57485276,0.5593061,0.23417208,0.27096885,-0.16147023,-1.5513304,2.769424,-0.08445429,1.6515,0.22684361,1.7526271,0.8524932,-0.61283576,0.11130235,1.6059176,0.030938879,-0.7476764,0.27682492,1.0057056,1.5272636,-0.47263047,-0.37958056,-0.41522104,0.86890304,0.48022884,1.9639661,0.7427678,0.060204584,-0.56052613,1.2714373,0.032866098,0.2515177,-0.74914676
http://www.benchmark.org/family#F10M202,-0.067215145,0.53605753,-0.21379942,0.89854026,0.3267524,-0.3405683,0.8554814,-0.08738213,0.39203328,-0.8940961,0.33034503,0.06034933,0.71033,0.020140288,0.23653823,-0.30357316,-0.035801962,0.4563221,0.044364575,0.3750592,-1.214758,-0.2323285,-0.5239474,-1.3605019,1.7342012,0.23047979,1.05863,-0.43178794,0.06533498,0.7500487,-0.110962674,2.4848647,-0.5921651,0.6545238,1.203242,-0.4610966,-0.07237881,0.18026836,1.2291045,-0.43040165,0.068131335,0.5659432,-0.09456416,-0.90222293,0.015633205,0.15807392,0.079969786,0.43961975,-0.48484817,-0.5953456,-1.0284956,-0.2258465,0.8363007,-0.67182505,-0.6590978,-0.667418,-0.59980065,-0.030580882,-0.49537554,0.37354976,0.7465677,-0.26676536,-0.83639747,-0.24522837,-0.7443546,-0.6548586,-0.5946859,0.6822692,0.79334676,-0.82401305,1.161669,0.21206896,-0.43982458,-0.30946743,0.40083402,0.049595047,0.35347393,-0.53613484,-0.06500819,0.152911,-0.8872357,0.23246768,0.16690642,-1.2457,0.54001063,-0.87253493,0.8231817,0.26863313,-0.351318,-0.597393,0.31084132,0.06896051,0.1253836,0.24170706,-0.0332167,-0.70751977,0.31484425,2.4544485,0.4105614,-0.22361445,-0.51837766,-1.01622,-1.0208077,-1.1263987,-0.30733702,1.496673,0.46070135,-1.0790228,0.1921471,-0.4128763,-0.96818477,-0.69333184,-1.534249,-2.675279,-1.5125985,0.5283239,-1.6725283,0.27425423,1.0873246,-0.5607156,-2.326941,1.6984152,0.24537446,-0.19401197,-0.29828385,0.024460785,-0.091615334,1.0756526,1.1808105,-1.1587598,-1.8140326,-2.2554574,-0.66949975,0.8570514,0.97644407,-0.5645449,0.2782066,0.63612264,2.0984747,-1.3081045,-0.3631807,0.18109468,-1.8811812,-0.27323812,2.028197,-1.0893571,0.74750525,0.22565845,0.31159958,0.6575293,-0.61479723,0.5341804,-0.17960137,-0.07874137,0.36024737,-0.27994868,-0.77283245,0.18713886,0.2789592,-1.9950919,0.407067,0.5812394,-0.069670044,0.32714817,0.6765408,0.81128675,-0.3005328,-0.75726974,-1.403561,-0.55642086,-0.15874177,-0.9627614,-0.7713342,-0.54193777,-0.53905666,-0.7135115,-0.16360058,0.26817366,1.0563227,0.07086861,-0.30605635,-0.14447542,0.60602653,0.3328962,-0.2427118,-0.8044104,1.182347,-0.14087643,-0.4848151,-1.7118877,2.0309615,2.4899442,-0.752251,0.9837218,-2.0054712,1.3295084,-0.10196505,-0.8699201,0.7329721,1.4287221,0.17366554,0.6520488,0.80541205,-0.515092,1.5109407,0.00973282,-0.26651192,0.38868037,0.063068435,0.71990687,0.53111637,-1.2572665,0.975346,0.46749517,0.40791965,-0.10639151,-0.82455057,0.87740815,-0.049946733,0.47514114,-0.06698132,-0.30034813,-0.11916959,-0.9795499,-2.2100704,-0.22896755,-0.51674384,-1.695373,-0.19044524,1.6001998,-1.9525733,1.619861,-0.24154653,1.7602425,-1.0333067,-0.051340107,-0.9361885,-0.9100059,0.97904986,0.32599,0.7193701,0.7720915,-0.31213105,-1.1510044,-0.5216573,-1.5110079,-0.91362536,1.0536202,1.3645184,0.5717875,-0.9375908,-0.57273597,-0.041118402,-1.4340223,2.3803182,0.3496087
http://www.benchmark.org/family#F10F198,0.6081321,-0.5203387,1.3522818,-0.9361478,-1.2512332,0.47748974,0.7216315,-0.61190456,0.12812321,-0.42560664,-0.102744,-0.9814717,-0.2129382,-0.23266457,0.8093417,-0.4557311,-0.9195641,-0.8248132,1.2985226,-0.030312814,-0.59455305,-1.275171,0.2865393,-0.36469874,0.4431218,-0.4912776,0.11200103,-0.82308084,0.28901494,-0.58510643,0.19296432,0.006983305,-1.0776664,-0.61787105,-0.23228016,-0.22612223,0.56431085,0.2310475,0.93595386,-0.36233172,-0.23129304,-0.61092067,-0.48607653,-0.6226796,-0.38051593,-0.45216563,-0.2638372,-0.09551931,-0.7963395,-0.3484398,-0.5936249,-0.39308164,0.077416874,0.8767675,-0.4864213,0.5580721,0.035740253,-0.40203074,-0.38707024,0.74501634,0.7044161,0.44676524,-1.2728146,1.4413178,0.3902972,0.07810619,-0.14314437,-0.9464918,0.86714745,-0.6726059,1.3698103,-0.8050711,0.20432243,1.6444339,-0.2840892,0.18839696,-0.6313778,0.58524525,0.2179515,0.8652395,-0.7525069,-0.65407467,-0.4526548,0.3889851,0.024927005,-0.52099895,-0.64292324,0.5639402,-0.29323778,-0.2288247,2.5864508,-0.14316703,1.3882021,0.9930427,0.32397744,-0.84727246,-0.43599522,-0.018757224,1.4348931,0.57781804,0.037586853,-1.4515585,1.9701967,0.6062549,-0.7000973,0.63810325,2.425617,0.6129119,-0.20264617,1.0139463,0.13743204,-0.5529661,-0.10224539,-0.00587961,-0.12816085,0.036146548,-0.69363755,-0.6012041,-0.13538353,-0.33912137,-0.532894,2.8744667,1.0250032,0.06879284,1.0732853,-0.916735,0.87526506,-1.4202609,0.69626826,-0.19747336,-1.1747656,-0.24685104,2.4868565,1.4271973,0.41824844,2.455589,0.41732237,-1.5386369,1.018492,-0.44430402,0.042479135,-1.0330722,0.95517105,-0.18630506,-0.6088719,0.902434,1.4893947,-0.089822665,-0.10446443,-0.14255689,-0.66180265,-1.4343498,-0.94308704,0.25073928,-0.9519185,1.6691153,0.7940269,0.01394815,0.5406032,1.1629786,-0.43413976,1.0640639,0.3709747,0.8350935,-0.9416127,1.1200931,0.036506705,-0.55684274,-1.9678386,-0.41278362,-1.852788,1.839662,0.18752305,0.71968067,-2.4489877,0.24022092,1.4458169,0.743268,0.25562105,2.367278,-0.6261357,0.5076291,1.6523314,-0.124991626,0.03861234,-1.3993948,-0.66134447,-0.99009883,-2.8118348,-1.7666208,1.7472396,-1.1170123,-0.158274,0.38275898,0.78129184,-0.7226063,0.10616319,0.696042,0.9653265,-0.66734916,0.43649608,0.5762108,-0.77597,-0.1380393,-0.66629833,1.0051715,0.19748782,0.8601435,-2.1093311,-0.85830605,1.9618142,-0.22487383,-1.3068326,1.1735578,0.30741096,0.21451296,-0.18299507,0.6774247,-1.6438538,1.3227296,-0.13836817,-0.2255107,-1.0022744,-0.63518685,0.902851,-1.1543323,-0.53601897,-0.7917642,-0.5516565,0.7438255,-1.1451758,0.40974224,-0.057044603,-1.3769151,-0.07496704,0.38168406,0.37263563,-1.7950748,0.28834277,-1.1763304,2.0491366,1.9125363,0.4210192,0.7743699,-0.09326469,1.6306226,-3.0705485,0.9550485,-0.7269403,1.6106213,0.6482333,0.5610983,-0.53333765,0.7843203,0.29128826,-0.6256594
http://www.benchmark.org/family#F10M183,-0.32570842,1.1061902,0.006234839,0.55286723,-0.30872566,0.0046947296,0.45510596,0.28309578,-1.129502,-1.4946508,-0.6876767,-0.23018035,-0.5361269,-0.05746817,-1.286709,-0.19343732,-0.37292382,0.16036263,0.674305,-0.8286567,0.4324754,-0.15678293,-0.82850087,0.7139342,0.5698484,-0.43171158,-0.59169894,-1.016233,-0.86493707,0.8099289,0.17452349,0.64880806,-0.0698766,0.4074576,-0.7951401,-0.4024796,0.32126334,-1.2750714,0.7307217,-0.30170414,0.27243933,0.5045984,0.4718705,0.18834788,0.30158845,-0.24630743,-1.6622446,-0.20080012,-0.85635406,-0.5104566,0.89311653,-0.30123907,-0.09302423,0.61221105,0.661731,-1.1046683,-1.1217629,0.26514235,-0.21197274,0.059246387,0.8056342,0.21708572,-1.0355383,-0.10383283,-0.6742364,-0.26000452,0.12551662,-0.4504001,0.488848,0.13544959,1.1437635,-0.0016145231,-0.095826484,0.27110276,0.33494893,-0.8462947,0.10555459,0.4302277,0.39339992,-0.13702823,0.7602627,0.336139,-0.3101214,-0.03595925,0.7619576,0.23339216,0.6685031,0.15435514,0.120679274,-1.616959,-0.26141012,0.04548155,-0.1351816,0.35362586,0.19999355,-0.5809745,1.0503714,-0.30502775,0.031110004,0.53430873,0.24352995,0.08003729,0.018518211,0.074707165,1.1733705,0.23259498,-0.3022147,-0.5992603,0.024442147,-0.2130299,-0.14040022,0.9750027,1.1289021,-0.101748876,-0.17480226,-0.7750425,-0.19379422,0.6444018,0.2016852,-0.585488,-0.36093578,1.5832527,-1.0651804,0.96297985,0.36283958,-0.22666034,0.34270534,1.2102195,-0.46864375,0.4032469,1.87775,-0.6408461,0.6102337,1.6082394,-0.23315094,0.39493346,-0.41416577,1.7318156,-0.19084577,0.9555641,-1.2289532,0.3887078,2.4656777,-1.0284765,0.011322293,0.55662245,1.0997427,1.3607066,-0.49166363,1.2119312,0.56914806,-1.5697975,0.24226,-0.21344078,-0.464886,1.3929375,-1.1774219,0.54902303,-0.38324097,-1.7712018,0.34579805,0.19817342,-1.1850604,1.7515147,1.638174,-0.19981392,-0.7013799,-1.5454845,-0.73246276,-0.32905287,-1.5194724,-0.6387292,-0.082133174,-1.3165472,-1.5147165,-0.72644126,-1.0076604,0.42796674,0.84003764,0.91430795,0.9116463,1.8009193,0.33475947,0.59493697,0.73622674,-0.7121897,-0.9300553,-0.24118249,-2.615852,-3.0942934,0.2171046,0.9172808,-0.65694284,-1.297108,-0.36117327,-2.2139423,1.1531898,-0.22014298,1.4721744,1.9726062,-0.57558733,-0.32554203,-0.44825745,0.17387082,-0.9352573,0.15899965,-0.30232954,0.67982644,0.8471458,0.73798776,0.727786,0.33463636,0.29315543,1.0948142,0.46395934,0.8303856,-1.3166353,-0.66911566,-0.9619452,-0.33533138,-0.2075491,-0.24677731,0.11706575,-1.2429909,-1.1951455,0.3572125,-0.4097295,-0.43397492,2.0944064,0.012508679,0.46561226,0.5929932,-0.29273546,-0.53519154,0.41692007,0.29135442,-0.63131636,0.87941825,-0.010883743,-0.22812527,1.746299,2.0375438,-0.54201424,1.9800687,0.25407204,0.50008935,-0.6538132,0.6853075,0.42495686,0.96108407,-1.1633085,-1.5535028,-1.018315,-0.6295131,1.3881037,1.1483546
http://www.benchmark.org/family#F1M6,-0.6143744,0.7468357,0.15962198,0.21469228,-0.5437885,-0.57039493,-0.81255436,0.31391758,0.27806723,1.0868737,-0.5134016,-0.4218219,0.8080644,-0.3811783,-0.008999587,-0.88515836,0.397264,-0.26837823,-0.70116484,0.09870023,-0.44660446,0.48184127,0.75891715,-1.6973931,0.8197661,-0.025078548,-0.83018655,-1.5448838,-1.2278377,-0.09493693,0.038064737,-0.50707304,-0.7599082,-0.8927372,0.2183193,-1.090803,0.844669,0.26128876,0.31525055,-0.44486398,-0.49954948,0.16083075,-0.48539025,-0.5786085,-0.93068403,1.0066494,0.27775708,0.63758147,0.308737,0.013379253,-0.32845995,0.840035,-0.12607686,-0.03606638,-0.057757583,0.28978613,0.14373755,-0.20742896,0.20311783,-0.0040578246,1.4725344,-0.4064523,-0.32200244,0.8457637,-0.12381953,-0.17218395,-0.83962494,0.616773,0.56550205,-0.47430968,1.9023652,0.51154506,-0.91282785,-0.39778927,-0.65010077,-0.09020701,-0.24621317,1.0761799,0.51777846,-1.5235476,0.060617253,-0.0016672399,-0.19174077,1.7008171,1.2605239,-0.89750797,0.4252341,0.94409144,-0.8983881,1.0825083,-0.7711036,0.095024146,-0.2962285,-0.20998952,-1.6700975,-0.116632596,-1.9361233,-1.2273229,0.27312785,0.6154058,-0.11424792,-0.35052866,-1.4985878,0.9046451,0.6820482,0.74172235,1.1698191,-2.108014,-0.086293,-0.31460646,-0.8175048,0.5033768,-0.3268606,0.28912416,-0.3855897,-0.5528863,1.3755437,0.16944772,-0.00075592723,-1.1468618,-1.0250697,2.36949,2.4743578,-0.3295252,0.14723809,0.41017705,-0.8772267,0.30424017,-0.51798046,-0.3103831,-1.1562854,-2.2436268,2.4524283,0.7337912,0.14589413,1.9606826,0.4750432,-1.4760451,0.98209774,-1.1341742,-1.704011,-0.49421173,2.7301064,-0.38721338,-0.5222293,-1.5699223,1.9146271,1.073507,1.9757447,0.924773,1.1176513,-0.9281122,1.2635497,-0.7989882,0.24990728,-0.42225575,0.14099681,0.7005948,-0.3977319,-2.3494189,1.3829275,2.0417254,1.193237,0.11637647,2.3143923,-0.12237327,-1.8256124,-2.0285819,0.109423645,-0.8569232,-1.704971,-1.125654,-2.2258425,-0.25524366,-1.3980604,0.8654103,-0.30723724,-0.47877446,-2.2728024,-0.444389,1.4330261,0.6696159,0.030644888,1.1414998,0.6560387,0.66693383,-1.2338552,1.4850585,-0.6501433,-1.4208945,0.992878,1.1646528,-2.1229002,1.0354711,-0.01230034,0.90083003,-1.2737752,-1.214307,0.4083081,1.282464,-0.5800694,1.2594937,-2.8144495,0.51212454,1.1058365,0.7464965,-0.6719263,-0.3481593,-0.47578332,0.18162538,0.29172704,-0.59299517,0.1845131,0.7678133,0.16437137,-1.3016305,0.6882104,-0.6651923,-0.5180224,-0.28417653,1.5684359,0.22352032,1.6264814,-0.09933834,-0.3265206,-0.15254822,-0.626021,-2.6162407,0.13558026,-0.49721807,-1.6123934,0.2662099,0.32520586,0.99936044,-0.7842719,1.0816275,1.0350473,-0.81053466,-0.49242604,2.3910844,0.6552338,0.10078457,-0.31792688,-1.6884948,0.33900726,0.42115974,1.6872972,0.44687787,0.2774238,1.7993547,-0.086042576,-0.5579191,-1.2264478,-0.58973837,0.2707072,0.68331623
http://www.benchmark.org/family#F10F191,-0.36320412,0.3205251,0.80316585,-0.09204433,-0.52725744,-0.1511625,0.03947316,0.39958882,0.6855916,0.29548737,0.33278814,0.2633496,0.6420275,-1.4937785,0.24331401,0.7250899,-1.0495527,-0.93612194,-0.65664005,0.24927628,-0.15428841,0.0070753754,0.78760844,0.40723506,0.5350965,-1.3271569,0.14700016,-1.4402717,0.43426657,-0.46882308,1.2987378,0.2023222,-0.063254245,-1.7719005,0.21767153,-0.8744185,-0.8753321,-0.86561954,1.2543625,-0.5737837,0.044733923,-0.028332014,0.062389035,0.38257813,-0.5934743,-0.8744346,-0.6162026,0.9814306,-0.019889228,-0.21963212,-0.06584788,0.2586971,-0.31589344,-0.034798812,0.67912936,-0.8088812,-0.239836,-0.08142366,-0.34490776,0.031750135,-0.089540415,0.7158299,0.23139891,0.006020244,0.42943373,-0.5163307,-0.77439743,0.6654158,0.8006682,-0.27010933,0.6507635,0.6232943,-0.031922664,2.0859807,-0.55733794,0.6699843,-0.02657382,-0.612344,0.7826523,-0.27753,0.11861631,0.05851853,-0.4855122,0.17016128,0.26496348,-0.7342031,0.74902797,-0.39076528,0.0931978,-0.6212363,-0.8141567,0.049584813,-0.66912055,0.42023522,0.7456235,-1.1932065,0.21014975,1.0623558,0.19862294,-0.34380084,0.71472245,-1.8172479,-0.66742945,-0.18156007,-0.0659018,0.277884,0.20246376,-0.4025365,-0.62564,-0.27118924,-2.476392,-0.042492516,-0.21662253,-0.09504436,0.26611942,0.9877914,0.532215,-0.57582974,-0.6741367,1.1558902,-0.5487621,1.3290877,-0.61927813,0.6608502,-0.6623355,-0.24923427,-0.5824801,-0.4286629,0.98569447,-0.22260216,-2.030003,-0.45095512,1.2409747,1.8370808,0.55076605,1.3333161,-0.9915988,-0.7331027,0.3399047,0.27847958,-0.20921813,0.6172458,0.1533815,1.5062711,0.8960721,1.1693754,0.5772821,-0.84994,-1.0419484,1.1916955,-0.0867834,-0.97795737,-0.13619216,-1.5253994,0.31327495,0.67714953,0.39532748,0.41191313,-2.0998664,-1.4328157,1.9448556,2.0410972,0.29580408,2.6217756,-0.13221939,-0.2729008,-3.3506558,-0.56741315,-0.032955673,0.6885872,-2.131441,-0.21288382,-0.6660053,-0.862945,-1.7703362,-1.133463,-1.6394886,-1.3523417,0.6712572,0.23569156,-0.8356802,-1.0134555,0.8651497,-0.7732428,-0.11089428,0.36663532,0.91295713,-0.32400498,0.40226626,-1.9289043,0.24548474,0.25771055,0.16858369,-0.015102157,-0.4507913,-0.34174052,0.61876005,1.3147578,1.8818456,1.5126493,0.7403554,1.9716953,-0.042207338,-1.1892359,-0.9013143,0.47853914,-0.548036,0.18802902,0.5006813,2.0250187,0.2985123,0.7409806,0.94168824,-1.1314243,-0.48672843,0.868981,0.9050646,-1.3929895,-1.015193,0.7778486,-0.008202108,0.9395642,-1.8231059,-0.0732458,-0.20833096,1.3019496,0.4924102,-0.35097727,-0.5919164,2.50557,-0.97089636,0.2933469,0.009428001,1.9170998,0.0061445627,0.9600475,-1.2782835,-1.1406777,1.1694442,0.18440302,1.4326755,0.5793689,-1.0978626,-0.9754725,1.0057592,-0.06938356,-0.4124234,-0.089528136,1.7413627,0.3348713,0.67381066,-2.6218815,0.7793386,0.4568198,1.8517693,-0.67818403
http://www.benchmark.org/family#married,-0.05336571,-1.2353332,0.015035884,1.3563647,0.40071952,0.48197582,-0.29828358,-0.38326612,0.65389067,-1.2061574,-0.060268067,0.5872486,-0.80963343,1.2226374,-0.15658422,0.5598524,-0.71782446,0.52405584,0.019368531,-0.09852152,-0.013783071,-0.18135738,-1.364742,-0.4783778,1.6739575,-0.2665211,0.5820034,-0.26897618,0.6952631,0.5355506,-0.63878614,0.41074163,-0.4506935,1.8358783,-0.2214207,0.21504234,0.09305214,1.0908263,0.57558703,-0.042985603,0.7300116,-0.43468866,0.22450206,-0.23521583,-0.25286147,-0.18160225,-1.5162094,0.7705507,-0.090257384,0.084593736,-0.080452584,-1.1524872,2.0493376,0.09105298,0.022115864,0.091847956,-1.07943,-0.5072163,0.426208,0.04038848,2.2188008,0.56460315,1.0467501,1.8339784,-0.63814014,0.6697324,-0.40737167,-0.47302344,0.14452294,0.011659342,1.3601898,0.660273,-0.003938562,0.5495063,1.277838,-0.5234172,0.70725906,-0.6609656,-0.01655545,1.3549204,-1.3510687,-0.24390538,-0.3269535,-0.7283176,-0.78266907,-1.7563041,0.4804679,-0.2829778,0.27925092,0.28160268,0.32413837,0.36149952,-0.9080334,1.0673038,-0.046677243,-0.30220488,0.9781557,-0.48158836,0.9235781,0.059342925,1.7031361,0.23900455,1.3052789,1.0831379,0.0907769,-0.7832289,-0.6255065,0.490106,1.3532593,0.186523,-0.7493639,0.7058215,0.14832495,-1.1817853,-0.5991809,0.6689968,-0.36090097,1.1791166,-0.3779317,-1.2616832,-1.3211768,1.294807,0.11777122,-0.55963767,-0.7179012,0.7151463,0.29057053,0.40513614,1.3784251,-0.48647642,-2.172669,-0.67635477,1.8243439,-0.7523563,2.2081487,-0.70376486,0.4530282,0.4348529,-0.09992913,-1.1054418,-0.8440214,-1.9802797,-0.10796684,1.1169997,4.17604,0.8760681,-1.3485469,-0.8136822,0.6123941,-0.5850085,-0.5117349,-0.275806,-0.67871225,0.3148351,0.33539075,2.1132135,0.11742259,0.47036844,-4.25865,0.21129692,1.031428,1.4952636,0.14266565,-0.54076505,0.27307624,0.4011644,-0.9308315,0.39000395,0.6005753,-1.1567017,-1.0889512,-0.7395734,-0.41433492,-0.15280062,-1.5599898,-0.10998173,0.22538571,-1.5999961,2.2935505,1.9724663,0.30758166,-0.3020498,-3.5910954,1.1272072,1.2893215,-0.9081379,0.032221325,-0.42137438,-1.9282115,-2.2767005,2.244364,0.94602007,-0.6942916,-1.9405344,0.17430729,-1.7782261,1.7293165,-1.4664816,0.87397593,0.0024782906,-0.043785714,1.146756,0.48740053,1.2170844,0.25545183,0.23219186,0.24260631,-0.5905678,0.04741688,-0.34452757,1.1998749,-1.720629,-0.3225393,-2.2369163,0.6717778,1.6420789,-0.14209506,0.2372945,-0.13242915,-0.29675913,0.5141766,0.19041528,0.58749574,-0.9263205,-1.2659216,1.8605385,1.5879459,-2.1327312,-0.93891907,1.7584752,0.024665667,0.023683678,-2.562335,0.2617906,-0.7647167,-1.2587045,-0.032624803,0.47127956,0.84788775,0.4084581,1.9889711,0.028311795,-1.1170821,0.2357433,-0.13195388,0.95220727,-0.731424,1.3561295,2.5399542,1.6630329,0.6882558,0.03126561,-1.5140163,0.38783506,2.816091,0.16046417
http://www.benchmark.org/family#F4M57,-0.4937531,0.8547212,0.2636892,0.96157205,-0.01938181,-0.75339633,0.9959656,-0.8603686,-0.28226086,-0.028415322,-0.06066335,1.5334957,-1.2954394,0.0659099,-0.26690808,-0.14394464,-0.9152753,-0.34364,0.14781436,-0.11603903,0.569384,-0.05507528,1.2328918,-0.36446548,0.7895087,-0.037488814,0.6806547,0.6807896,0.48042482,-1.5614249,0.37308747,0.34804943,-0.6148398,-2.5587356,0.059239045,0.3920747,-0.27030396,0.20869498,1.4762084,-0.086596906,0.52842134,0.1476637,0.7130929,-0.6750609,0.34175834,-0.6971012,-0.25154564,-1.6013122,-0.017632386,-0.030936034,0.035592474,-0.4586328,-0.5170788,-0.0052891993,0.46937263,-0.3990362,-0.18205008,-0.22448157,0.5083908,0.46141306,0.02227801,-1.1610582,-0.35674444,-0.9240596,-0.16217561,-0.5851626,0.8325548,0.26196042,-0.16492377,0.17459254,0.79361343,-0.086938955,0.27992094,1.1863421,0.40165514,-1.6083311,0.13346274,0.77308446,0.389119,1.2259307,1.1327186,-0.8102739,-1.4925221,-0.030313287,0.16934568,-0.33005658,-1.2717882,-0.27303976,-1.0773468,0.7869766,-0.8558801,-1.1529602,1.2545203,-1.571539,0.37736714,-1.1048987,0.7261733,0.52019393,1.1261787,-0.8990475,-0.8863685,-1.2435784,-1.0517122,0.24025105,0.00122623,-0.017797595,-0.19484222,-1.6986346,0.18107253,-0.59015,-0.646134,1.284109,-0.3125173,0.6822719,0.34485337,0.090287626,0.48644918,-0.6223426,0.38280293,0.46464404,-2.1362352,0.72824633,0.53592485,-0.48248172,-0.2668143,0.09261756,-0.43493563,0.26262653,0.5248199,-1.016059,-0.38122535,0.24408863,0.6949164,-0.07891025,1.6547092,0.22694081,1.3764079,0.6574455,0.05527345,-0.16672839,-0.077150516,0.7685604,-0.9974513,-0.71653056,1.2911105,-0.57757616,-0.5692052,0.13756609,-0.46268895,2.2957916,0.00806757,-1.3067338,-0.33390757,0.57206124,-1.0714656,2.8096344,-1.5171396,1.1191312,-0.95215714,0.41787905,1.5688319,0.91691816,-1.1261206,0.72644293,0.6545733,-0.8763902,-0.48806697,-1.0509651,-0.12986834,-0.025651108,-0.54810727,0.28109428,0.38489,0.85193515,0.14088312,-0.5951097,0.29872432,1.72237,1.0515106,-3.1804235,-0.37611312,-0.03352024,-0.34198862,-2.338677,-1.4470377,-1.4252608,1.88135,-1.9789094,-0.57682306,-2.835434,1.6552544,0.8592964,-1.0495131,-1.6055263,-0.88515425,-0.002133449,0.33364046,0.7941191,2.3454363,0.579297,1.7580825,0.5364923,-0.764907,-0.17113747,-1.0711954,0.62606734,0.21246348,0.4104493,-1.3728807,-1.2472677,-0.07816018,0.40945685,2.1033494,-1.1813115,-1.9735171,-0.21710531,0.6888928,0.6751406,0.46092978,-1.3189598,1.7048627,-0.07923914,1.0245804,-2.351834,1.8828223,1.6477442,-0.54876006,-0.8993223,-1.5492507,0.76008403,0.11060432,1.4272547,0.9749743,-1.161105,-1.6406901,1.0414453,0.5139754,-1.7102213,-1.9430201,0.12888883,0.4471864,0.9895516,-0.88866055,-0.25919718,0.9639907,1.0188007,-0.56493604,-0.6006498,0.89656824,1.4685916,0.7088802,-0.9870318,0.16481727,-1.4524511,0.22576359,-0.52722406
http://www.benchmark.org/family#F3F46,0.42584476,-0.88631827,0.49470672,0.6513899,-0.17989421,-0.28159332,-0.07507344,-0.45515218,0.63953334,-0.24658185,0.38705164,1.0817107,-0.7450041,0.8005293,0.08091442,-1.4855614,-0.33284318,0.13611263,0.36070415,0.20224069,-0.027170554,-0.19615507,0.10202401,1.0730536,1.5697352,-0.3963274,-0.053405337,-0.9570023,-0.12417921,0.2811167,-0.5128627,1.2635336,-0.8763652,-2.0579724,0.23960213,0.3808241,0.16041982,0.5493568,0.107495055,0.49212363,0.45380852,-0.30336347,-0.79999703,-0.5678655,-0.18612932,-0.0869093,1.9579723,-0.79817533,-0.15437655,-0.8429496,0.1040837,0.57928854,-0.7038983,0.867033,-0.28712705,-0.76625335,-0.73892915,-0.007849468,-0.55777085,0.8550897,0.8004984,-0.6267299,2.0476134,0.4837762,0.28022227,-0.22354978,-1.3026412,0.19017482,-0.05929139,-0.4614019,1.0138334,-0.3858322,-0.46019128,-0.33416906,-0.41440055,0.54331636,-0.07295185,0.4481154,-0.08754844,-0.030174635,-0.51021665,0.5929902,-0.120717876,0.13359953,0.9364826,0.9826834,0.68805563,0.010271689,0.04773451,0.07588574,-0.4250552,0.09222353,0.06502543,-0.5217414,-0.023894493,-0.67708594,-0.4008202,0.29760543,0.18223582,-0.6959787,0.11046846,-1.4456891,-0.31550488,-0.20288898,1.0902522,0.31184152,0.015690092,1.2349286,0.95759994,0.0154385585,0.9436932,0.43421206,-0.9609131,0.031106856,-0.0064229746,0.15776812,-0.13099779,-0.049217854,-0.009774901,-0.82177895,0.76014906,0.9759333,-0.7076663,-0.6458584,-0.48779833,-0.20080543,-0.059176926,-0.29400378,-0.8498656,0.40804034,-1.2715117,-0.84488475,2.0448406,1.9868531,0.23605213,1.0154921,-1.750816,-0.6403552,-1.0767393,-0.31897944,0.25754324,-0.56267554,-0.44675392,-1.2445283,1.2138952,0.41701892,1.054736,0.9196908,1.7724683,-1.308414,0.62702626,0.19151983,0.478754,1.088069,0.32364607,1.9797603,1.515561,-0.6527583,-0.7999074,1.0384302,0.37445667,1.589382,0.17043754,0.7515567,-0.5575089,-1.1867374,-2.3668182,-1.3735228,-1.0574465,-0.648619,1.0015494,-0.02478497,-0.36881492,0.47966287,-1.6586142,-0.9287048,0.69249696,0.44438368,-1.2040555,0.80479294,-0.18887,-0.15856396,0.4809156,-0.47138605,-0.23517314,0.61250514,0.15267362,-0.4056606,0.561591,-0.16240476,0.0182273,0.74371624,0.47644562,-1.3843992,0.6898242,-1.2983732,0.33181408,0.6298427,0.8926613,-0.37381312,0.18706656,0.9086221,0.02054479,0.19399473,-0.35873476,0.98441446,-0.38261423,0.12437824,-1.4998211,-0.09388948,2.8633344,-1.1054636,1.0699722,1.0964488,-1.1276057,-0.25911227,0.6226498,-0.18026108,-0.67266506,-1.2614528,-0.76050764,-0.23978826,-0.1056881,-1.2266381,2.415912,1.0224905,-0.21689156,-0.58631617,0.8182704,0.67872065,-0.2796485,1.6719371,-0.6669883,0.6930155,-0.681129,0.8273314,0.5740409,0.14775239,0.15315591,1.7211301,1.2505563,-0.24866194,-0.22595355,-0.05089107,1.1836232,-0.25686967,1.5405743,0.38373202,-0.518816,-0.5982256,1.263649,-0.46331343,0.27792177,0.060203556,0.26283604,-0.0060918154
http://www.benchmark.org/family#F10M180,-0.14647064,0.36154288,0.95175695,0.76518047,-0.63228565,-1.3075387,0.930028,-1.0740603,0.17771733,-0.31111953,0.04736923,0.13364916,-1.0308686,-0.3931524,1.697268,1.2345122,0.44708937,0.21506043,0.83167136,-0.5596939,-0.7644269,-0.9832769,-0.27984187,1.7432231,1.2141396,-0.9089005,-0.11706712,-0.5522889,1.1364533,0.7061089,0.185452,0.86225814,-1.6441134,0.65661323,-0.4431247,-1.4832714,-0.7459506,-0.90958583,-0.20049831,0.37117973,0.6712409,0.2124932,-0.79341173,-0.5028036,-0.3026206,-0.30544433,0.043334357,0.5500645,-0.4711653,-0.104836956,-1.3257678,-0.5153818,0.78521174,0.49069822,0.32670414,0.43602297,-0.6471559,-0.20687787,-1.3422316,0.5291509,0.5811141,-0.13179608,-0.64594036,1.1016495,-0.5667604,0.8707964,0.4043969,-0.108302355,1.5434719,-0.79499835,0.77504575,0.036592193,0.28530142,0.3685065,0.42323732,0.449668,0.10351185,1.3201579,-0.67531,0.073965974,1.3721609,2.0626936,-0.7122873,-0.58633125,-0.70418215,0.34954035,-0.21234477,-0.33593854,0.8801249,0.49678156,-0.038713846,1.1358311,0.16434766,0.17129467,0.9691436,-1.477477,0.029225735,0.30268097,0.17974012,0.5387239,-0.72873694,-1.419152,0.31579062,1.1023922,-0.61671567,-0.3442448,-0.41819507,0.35026267,-0.5962951,0.5342533,-0.42076427,0.16201411,-0.04836182,0.15458253,-0.46722355,-0.7167931,-0.809237,0.74828506,-0.60080975,-1.9280661,-2.4983194,-0.043449864,0.8545724,-0.6996402,1.5692819,0.6206901,1.0283053,-1.1779727,0.9552429,-1.281601,1.1958123,-0.8682452,0.4005099,0.6672538,-1.8026904,2.5870268,1.1124814,-0.6254093,0.5740687,0.66464585,-0.62929946,-0.4523231,1.6681303,-0.059479278,1.6707251,-0.40508398,-0.019118188,1.494446,1.165711,-0.21922265,0.18901889,-1.6042365,0.3401263,0.6043762,-1.1007241,0.8094037,0.019812774,-1.572263,-0.6696495,-1.7378234,1.7795014,3.3213904,0.2767376,1.6584246,0.897754,-1.4871037,-0.8513224,0.81863075,-0.26403126,-0.111225165,-0.7952265,-0.2612204,0.17963886,-0.19933434,-0.03871243,-0.16365379,1.612948,0.0993662,0.87074685,-2.3320446,0.5962768,-0.843891,0.2051398,0.017058058,0.1772556,0.18633747,0.009489786,-1.178543,-0.96166885,0.14162727,1.5282325,1.7596835,0.23147857,1.1629661,0.8520099,-1.8598388,-1.4423692,-0.2490037,-0.58228517,1.7154143,-1.930138,-0.07462115,-0.9837959,-0.94365007,-1.0614716,1.1415939,2.080728,0.121489465,-1.2659942,0.20546912,0.012742837,-1.3866411,0.8452681,1.1227881,2.4161406,-0.43081614,0.18262191,-0.11911762,-1.8563727,1.5137881,-0.123123065,1.1564081,-0.37683094,-0.9514029,0.86081254,0.8577262,-0.7129122,-0.7142224,0.20205444,0.14957672,-1.3401706,1.0191892,1.5577047,-0.2926974,1.3551428,0.68824816,-0.11896495,-0.6314194,0.51728976,0.5419061,1.2240977,1.732782,-0.30490217,-0.83276147,0.8724278,0.8706775,-0.64369917,0.041078564,0.8394621,0.58062875,2.0960677,0.5731451,0.5336886,-1.2237122,-0.32421604,1.7577946
http://www.benchmark.org/family#Parent,-0.4102174,-0.17404957,1.2290905,1.8666557,0.3836458,0.47559905,0.6293255,1.606564,-0.12974617,0.78043216,-1.3583994,-0.09370062,-0.34293765,0.2545861,-0.01787833,-0.66610867,-0.085414976,-0.9568221,0.5798497,-0.23179735,0.54348785,1.1837337,-0.66260636,0.56832886,0.37837356,0.19287068,-0.35110575,-0.707019,-1.0431031,1.0375775,0.9967899,0.15597875,0.12271068,-0.89471865,-0.009065088,-1.2466749,-0.8278292,1.3795501,0.19447505,-0.06600546,0.21180679,-1.1354685,-0.69675535,0.29331478,1.3671467,-0.16039124,-0.052859094,0.08684661,0.07317612,-1.7716228,0.17718518,-0.73361665,-0.9725858,1.1588417,0.11818418,-0.091271184,0.43731967,-0.33060217,0.6472468,0.27316934,1.7609648,0.6980405,-1.0374172,-0.07448331,0.5718149,-0.58110416,-0.81542534,-1.1147618,0.7681333,0.26280448,0.6416885,0.4083797,-0.6294724,0.106100656,-0.47194362,-0.241459,-0.7610639,-0.7195786,-0.74950916,0.44617802,0.267887,1.1775843,-0.78685534,-0.20318379,0.011604247,1.034785,0.24065995,-0.16313612,-0.021985404,-0.45977828,-1.2718612,0.2786913,0.06374549,0.3576452,-0.35329047,0.5757821,1.3952701,0.37849882,0.58517957,0.00074797415,-0.12939686,-0.8578359,0.1451881,-0.1585541,0.7215095,-0.51298755,-0.19337873,0.41924602,-0.13977218,-0.8425156,-0.47109035,-0.7052455,-1.433312,1.1596681,-0.8668684,0.03838279,1.2207623,-0.021311034,-0.23327032,0.17624255,-0.33829215,2.029198,0.36259207,-1.1102945,-0.22495186,0.42835638,-0.27588087,-0.21439645,-0.25133148,-0.25157708,-0.82823175,0.2579399,1.383154,0.87231475,0.44773352,0.08696581,2.207507,0.499295,-0.9187317,0.57479227,0.16071485,0.50356245,-0.30681413,-1.9117713,0.8542205,-0.56558084,0.29690287,-1.2743663,0.37683603,-1.8890854,-0.60266185,-1.8705202,0.9947783,-0.74981827,0.85355204,1.0488956,-0.6857496,0.301495,-0.3956006,-0.27167726,1.0579472,1.9767569,0.1040056,1.2157172,0.80764467,0.34919426,-1.5290823,-0.51160985,0.27642444,0.55343413,-0.7491001,-1.7780005,2.800028,-1.0929902,-1.6602068,1.432942,0.1161571,0.2656391,0.9698726,-0.92259943,-1.00974,0.45488322,1.3663839,-0.13080847,0.31734982,0.36029497,-1.3360851,-0.0643256,-2.479959,0.084354624,-0.016976956,0.7973104,-1.2680503,-0.9364034,-0.2345796,0.13830853,0.6421573,-0.017265098,-0.7250813,0.1462279,-0.93315583,0.66263485,-0.52690625,-1.0392545,-0.41067654,2.2120075,0.9860598,-0.01770917,-0.00792924,0.16289271,1.5809066,-2.1297195,1.3973674,1.1292429,-0.34384564,0.72152823,-0.47229093,-1.6627185,-0.06491787,-1.9421312,0.35172746,1.5555559,-0.0580961,0.46539676,0.42093107,0.010175072,-0.15096565,-0.21868241,1.6976749,0.8425723,-0.50111055,0.3782796,-1.8428967,-0.34959683,0.36637694,-1.568499,-0.9404797,-1.5621341,0.3927539,0.71385676,-0.41380885,2.084032,-0.7280563,-0.04132308,-0.38172993,-1.0980133,-0.99984485,3.1801333,1.4739186,2.2171698,1.7903484,-0.82784534,-0.43968803,0.07922997,-0.038543694,0.46999818
http://www.benchmark.org/family#F6M69,0.32314786,0.03674338,0.17555232,-1.0622432,-0.43897286,0.6568534,-0.57526314,0.82024425,0.07067385,1.4963005,0.004652016,0.32585755,-1.0399971,-0.34693083,0.3844307,-0.63035864,-1.1946193,-0.25326505,1.0100125,-0.40326962,-0.69355226,-1.1331506,-0.72761244,0.20518225,0.17106605,-0.028264798,-0.15507975,-1.3688551,-0.50953597,1.2788718,-0.31004766,-1.1706129,-0.88355017,0.3761934,0.9054988,0.037437957,-0.3573725,0.36275584,0.86746377,-0.292272,-0.73214835,0.08415125,-0.90751725,0.5560394,0.71205866,-0.37698796,0.11225401,-1.0206441,-0.14697285,-0.023237227,0.23186818,-2.2296689,-1.0477636,0.6330977,0.07590561,1.2885448,1.0050864,0.15926746,-0.263511,-0.9269164,0.7516472,-0.31481442,-2.1544251,-0.3807054,-0.7231409,-0.18967645,0.6641314,-0.84137124,-0.37288973,1.7089827,-0.46271953,0.4450027,0.58395433,1.6004395,0.20506136,0.27135214,-0.07875449,-0.90740323,-0.28313476,0.4436482,0.6161974,-0.06764089,0.16383015,0.27020586,-0.4622622,0.008700365,-0.9500477,-0.27090096,-0.26444626,-0.63248354,-0.3806087,0.2622314,0.5879217,0.044512227,0.69842196,-0.688543,-0.6519066,-1.6199633,0.31327662,0.9980647,0.6835749,-0.6265708,0.7658807,0.33771774,-0.12243866,0.15526317,2.2995749,-0.62306356,-0.967524,0.5108205,-0.50041777,-0.829448,0.6098278,0.698613,-0.06727854,-0.3685984,0.42215657,1.2687424,0.1385557,-1.3207915,-2.190379,3.245186,0.62946916,-0.6151035,1.0400465,0.4732842,-0.57438785,1.066089,-0.56067854,-0.081222035,0.3373067,0.0026314917,2.4395978,1.0122281,0.3235552,-1.9835196,1.0310144,-0.17324927,1.0245609,-0.60931623,1.1423442,0.22540161,1.3952527,0.58269906,0.9116178,-0.8816037,0.8597846,-1.0877982,0.00901107,0.00030188373,-0.5303287,-0.37277249,1.0299122,-0.055702467,-0.8710653,1.1228684,1.1715047,-0.8607827,-1.496034,-1.9469073,0.3919981,0.91763705,0.019431103,-0.1463399,-0.34103727,-0.23241395,-0.4734911,0.4975129,0.64984524,-0.4257934,-0.048011586,-0.3803254,0.5140304,-0.6846671,-0.5965259,-0.8077977,0.06577377,0.7122918,-0.045389477,-0.44939107,-0.37660122,0.13890669,0.72681546,0.037678972,-2.1715105,-0.4378742,0.79104674,-1.3559612,-1.1199026,-1.5042167,0.85066164,0.25384957,-0.80057216,0.1442375,-0.71793467,-1.8341881,-0.87651306,1.0701098,-0.31288058,-0.6729104,0.010563344,0.9298934,0.89085627,-0.5975102,-0.025402553,2.687842,-1.3721291,-0.26739606,-1.3929329,-0.15645352,-0.38165045,1.0358733,-0.4058913,0.17758612,1.8129013,-0.49642712,-1.5205531,0.11239554,-1.3737804,1.094212,-3.2305944,0.97018373,-1.3625417,0.5700172,-1.1669551,-0.7645026,1.9926298,-0.8216514,0.4414131,0.8004499,1.6384386,-1.0838908,0.1631312,2.7364924,-1.7277365,-0.27901283,0.40398487,-1.7019985,-0.73593515,-0.29505393,0.5464642,-1.0550605,-0.7986742,0.118539624,1.2336735,0.6968366,0.23393281,-0.39035803,0.8785236,1.2984002,0.8952566,0.68558043,0.57194227,1.7321509,0.6485679,-1.6057773
http://www.benchmark.org/family#F9F156,1.0853617,-1.2227497,-3.2958121,0.4057871,-0.7213541,-0.13099553,0.47477007,-0.078245565,0.25203308,-1.8503466,-0.7146278,0.6278949,-0.18968128,-0.7514016,-0.2155774,-0.8134183,0.46316025,-0.15517382,0.1485416,0.57387733,-0.717416,-2.4009516,0.3802967,0.118782096,2.755579,0.064929485,0.95021206,-1.5584384,0.60619324,-1.0589567,1.8467863,0.19434306,-1.1705178,-0.39732543,-0.31539133,-0.4355446,-0.47892848,0.89689076,0.91217643,0.0020438787,1.0839455,0.13328557,-0.38076025,0.4337739,0.69107205,-0.5053901,0.13904175,-0.8006263,-0.3578291,0.33865333,-0.17144369,-0.19416174,0.3178256,-0.1719379,0.6496304,-0.92290443,0.003284831,-1.381688,-1.0186514,0.11155043,-0.9735007,-0.5025705,-0.08210335,0.5641205,-0.63038266,-0.012439716,-1.0863522,0.48410666,0.04207149,1.4640158,1.2905086,0.12773879,0.8375115,0.5843152,0.22232726,-0.33585334,-0.124929495,1.0429876,-0.98155415,0.65408874,-0.36619502,0.6654017,-0.20285097,-0.9933413,0.46369094,-0.7336663,0.41588697,0.25172114,-2.0896127,0.6663254,-0.35873637,0.27981314,0.030165533,0.18758994,0.41102624,-0.79082,0.026170135,-0.65723836,-0.19627182,0.6700791,0.56467956,-2.400362,0.106303215,1.0597003,0.92684615,0.17558938,0.6234666,0.45239818,-0.19068344,-0.5427003,-0.063093,1.2482632,-0.50865835,0.57403964,-0.317569,0.21173604,0.04056253,-1.2344619,0.016148558,-1.5833904,-1.9796413,-0.11845149,0.21542999,-0.32231113,-0.41862518,0.058230184,-0.21108006,0.8067149,-0.131304,-0.7269717,-0.41062087,-1.1327173,-0.85474694,0.542964,-0.124449916,-0.49355358,-0.93891346,1.4662778,-0.6614452,-0.7551549,-0.9202489,0.04618504,0.49680772,-1.1535735,1.5873269,-0.17694506,0.84844613,0.51475704,0.7657219,0.46827832,-1.248366,-1.6086739,1.420134,-0.39570868,-1.8988523,0.9870768,0.515522,-0.99759793,-0.63543475,0.48787284,-0.036498267,0.3329902,-0.6213036,1.0789629,-0.59996,-0.30408245,-1.852897,-1.6856041,-0.97693,0.2656723,-0.3708053,-1.1495689,0.02916104,-1.152366,-2.3186893,-1.0678113,-0.11940031,0.70320094,-1.2378025,-1.209039,0.033488046,-0.03975207,0.026730897,-1.2357601,-1.0107344,-0.823552,0.48814523,-1.9533511,-1.878055,0.19418208,1.8753864,-0.3311797,-0.05442943,0.23509893,-0.32086155,-0.6728615,0.59554976,0.7713719,0.6940251,-0.055356026,-0.62537336,1.8754586,-1.1604309,0.37136233,1.7951076,0.44446656,1.0927787,0.5474484,-2.0830278,0.28482193,1.6930317,-1.2206247,1.26326,0.46950614,0.7024983,-1.8962761,0.023165455,0.63745594,-0.46321538,1.3274332,-0.22414817,0.910376,0.89649665,-0.8787143,-1.0623522,1.7075454,1.3505956,-2.357709,-1.8553531,1.2768005,-1.4957966,1.1115901,-0.23841646,-0.33580765,-0.8705137,0.17759448,-0.49177596,-0.6331386,0.14439094,-1.8039986,1.8209673,0.80865216,-0.14144991,1.3703322,1.4356279,-1.0545025,-0.34369048,0.7349458,-0.786951,0.8985454,-1.56478,-0.98210615,-0.7804028,-0.8057306,-1.5528516,-0.024280315
http://www.benchmark.org/family#F2M20,-1.205271,0.3938597,0.52264553,0.45821095,-0.29695535,0.079820365,-0.64013296,1.1833419,0.16033931,0.15971288,0.092734344,-1.6388505,0.66296077,-0.21948266,-0.21750484,0.8531496,-0.9635233,-0.49247748,0.77949643,-0.7110565,-0.7987763,-0.4765855,0.35032982,0.21327105,1.0744096,-1.3093255,-0.41126162,-0.27055454,0.061691485,-0.37066582,-0.022721102,-0.22082096,-1.4988855,-0.7321989,1.2163687,-0.33544448,-0.2733049,0.34108773,1.3872863,-0.02632185,-0.25896677,0.68555033,-0.7752364,0.18833762,-0.747945,0.46406406,0.5604175,0.38063586,0.1930183,-0.62277204,-0.6746847,-0.8127909,-0.37593827,0.037073303,0.6738753,-0.6268562,0.3059972,-0.47536835,0.022657543,1.2201848,1.4973083,-0.3846035,-0.24071117,0.08780476,-0.3636736,-0.32833233,-0.24976535,0.23431554,2.1259656,0.80003214,-0.34979326,0.048014775,-0.35494015,-0.110283405,0.5403443,-0.44550958,0.054638032,0.87839705,-1.3105831,-0.194759,-0.49337795,0.059039403,-0.6562329,-0.0014697398,1.0471693,0.04232091,-0.5798541,0.6745067,-1.8245865,-0.29341528,0.029697577,0.26482126,0.91737586,-0.542481,-0.5006311,0.076544695,0.76483786,0.3702908,-1.6174562,-0.8942342,0.051392604,-0.052442927,0.12444406,0.19431804,-0.38753292,-0.0022815757,-0.06800621,-0.060783375,-0.038725875,0.09027442,-0.50229174,1.2512915,0.32512283,-1.0596644,-0.012735538,0.0017495749,-0.22595188,-0.9077198,-0.4203683,-0.48983407,-2.7052824,0.594131,0.66046447,0.21443735,0.3231999,0.89111495,-0.4664781,0.031127034,-0.54628545,0.20629078,-2.2182462,-2.0224411,1.967384,-0.49431887,-1.2206061,-1.575501,-1.5762541,-0.852956,-0.772208,0.8024793,-0.10518885,0.08387048,0.026631195,-1.578275,-0.46085286,-1.1863596,-0.032695178,0.47230092,-1.3177756,-0.54772866,0.37324598,-1.6281908,1.159985,-0.104936056,-0.6823498,0.30591205,0.6041107,-0.1655844,-0.23300987,0.25356886,0.05752554,0.063006535,-0.18900071,-0.009415447,-0.5967137,-0.0940349,-1.8436651,0.21890703,-0.99383754,-0.7944135,-1.8807985,-1.0395478,0.7263662,1.7303667,-0.77951527,1.2651101,0.054409396,-0.46338695,-0.59817725,-0.11484245,-0.3087266,-1.0658478,1.2560626,0.8036894,1.1106849,0.14403956,0.11192967,-0.05007861,-0.31950465,-0.8161332,0.2700139,-0.36648008,1.2621156,-0.15506086,0.6866671,-0.37678748,-1.0933905,0.27979723,0.5715795,0.6386061,0.110503316,0.19949593,-0.5921572,-0.70906377,-0.49742076,-0.023994565,-0.6796196,-0.1581411,-0.27475625,0.39992988,-0.065052964,0.4420049,-0.5477786,0.75727504,-0.21533623,0.4633604,0.921126,1.8528824,0.05484881,0.019924268,0.8478594,-0.11599274,-1.0463358,0.53924304,0.3208738,0.04502326,0.18272226,0.13018194,-0.39033434,-0.23311248,0.32915196,-0.46295413,0.1819394,-1.056704,-2.025582,-0.52319044,-0.22429761,-0.25532165,0.1662728,0.25085124,2.360213,0.7869616,-0.44463965,1.4724717,0.33547497,1.4171853,-0.6476429,0.18827313,1.3645746,0.4334208,1.6980464,-0.8440031,0.11808016,-0.018194024,1.4422814,0.83611685
http://www.benchmark.org/family#Son,0.46419212,0.41524372,-0.15918337,-0.4944984,0.015380667,-0.33345073,-0.3830985,0.45176136,-0.4318314,0.3634387,0.49109086,0.525026,-0.23690574,0.015240022,0.14474268,-0.48800343,-0.15673712,0.018917099,-1.072842,0.8161672,1.431866,-0.18391533,-0.6008868,0.8251086,0.4211047,-0.38138562,-0.091102295,0.30531222,-0.0988154,0.53110623,0.4080497,0.18070991,-0.92895466,0.2055445,-0.33231217,-0.46450242,-0.46218118,0.39239645,-1.0539454,-0.25289363,0.045906164,-0.7192248,-0.32914892,-0.6013004,0.3427647,-0.2522562,-0.98105603,-0.26077422,-1.4414909,-0.05814245,0.013809356,0.16559328,-1.5367181,-0.3334419,-0.15942775,-0.4780074,-0.6291776,-0.3633923,-0.3312525,-0.08463859,0.884907,-0.62495697,-0.2556568,-1.4623314,-0.116799265,-0.052810468,-0.008103877,0.021387814,0.13230032,-0.5964244,1.1646421,0.5301965,0.08741877,1.040903,-0.11375524,0.45641774,0.1851016,-0.41106245,-0.5746751,-0.15007102,-0.4041903,-0.055154853,-0.17597327,-0.12853713,0.55450344,0.06587567,0.18352588,0.013880104,-0.3952117,-0.5288654,0.328183,1.0404568,-0.12997554,0.7402579,0.45076004,-0.84308606,0.06777738,-0.70595616,-0.7009058,-0.5193315,0.6102354,-0.3666294,0.11741296,0.24330255,1.0474942,-0.83976036,0.58582395,1.955444,1.2101072,-0.40889058,0.22981586,-0.46473128,-0.16815902,0.65439487,0.05210036,-0.23932686,0.5954285,0.03924274,-0.88543683,0.2726864,-0.9633007,1.00556,1.4129599,-0.6852158,0.0016300571,-0.9589599,0.019247947,-0.24961649,0.36428764,0.023161413,-0.5942109,-1.3358028,0.6936827,-0.8906801,-0.89069015,-0.98039854,2.1904514,-2.5917895,-1.6216387,-1.7670083,-1.1808722,-1.2663552,0.7835992,-0.6483613,-0.37478343,0.6525509,0.40136686,0.8696492,1.3605096,0.3553464,0.38232452,-1.3817153,-0.7672918,-0.5557071,0.27360782,2.5320394,0.107034475,0.39099237,-1.0424895,-0.3961557,1.4941903,2.235072,0.5272089,0.268354,0.9837605,0.84279454,-1.0936443,0.986143,0.7642345,-0.5231667,-0.6903575,0.3708099,1.0252723,-2.1004245,-2.5064762,-0.56237024,-1.1571261,1.0301216,1.7651038,-0.43979496,-0.11270309,-1.9178506,0.35106263,-0.8486265,0.13890013,-1.256253,-0.71046674,0.8731628,-0.53610575,-1.5691913,0.83604044,1.133764,1.2646586,-0.5930716,-0.18415888,-1.7300116,1.0913213,-0.64804995,0.94001555,0.86335737,0.33646867,0.14378081,-0.7404435,0.52899486,-0.32310233,1.2088158,0.27265906,0.6949119,-1.1940513,1.1656446,1.0787534,1.3026809,0.5588204,0.99843764,-0.069379546,0.06809047,2.3637877,-0.8505993,-2.232163,0.020411374,1.3704783,0.24425468,0.42353958,-0.04585222,-1.268686,-0.28437328,-0.62609434,-0.8022662,0.74891764,-0.084025964,-0.3273754,1.815495,0.8925882,-1.4239169,0.25884873,1.9633265,1.0733025,0.8755058,0.22539875,1.352839,0.42000523,-0.19355933,-0.33754617,-0.47994938,2.3502543,2.0311906,2.3275084,1.318432,-0.39852375,0.72237265,-0.42912227,-0.02744709,-0.71968627,-1.1864971,-0.12312618,-2.3236008
http://www.benchmark.org/family#Granddaughter,-0.4517969,0.41789553,-0.13945295,0.8984953,0.78410834,-0.020421458,1.4202174,0.78521013,-0.95836943,-0.021890108,0.31104186,0.2323769,0.30284774,0.0173912,-0.0965689,0.2531294,0.2692496,-0.6156934,0.58086056,-0.066260345,0.19734755,0.5368332,-0.5275488,1.0071985,-0.07038095,-0.33133486,0.0036098766,-0.78612345,-0.058010295,-0.8867473,0.021770952,-0.21890347,-0.09778722,-1.4263182,-0.06478104,0.11758795,0.27708757,0.6073216,0.22183543,-0.50310653,-0.62801915,1.2968714,0.39573506,-0.5502557,-0.052758917,0.27052417,-0.75143903,0.74457085,0.15558165,-0.77836436,-0.56871915,-0.5686443,0.04045014,-0.118697956,0.28621936,1.2386949,-0.2063332,-0.48884887,0.27445763,-1.0786749,-0.3026065,-0.63772005,0.25821984,0.6086495,0.57142794,0.21967259,1.0212266,-0.90163726,0.32874188,-0.7211479,0.3295737,0.9721276,-0.32213148,0.064720646,-0.51377094,0.91863877,0.49146974,-1.3560643,-0.0708613,0.9915273,0.81435144,-1.3698397,-0.6131842,0.22361217,-0.19089486,-0.4968069,-0.11771985,-0.419171,-0.4664086,0.3989007,0.30015218,-0.6103205,0.41882122,0.09940445,-0.1036705,-0.22745731,-0.28005746,0.6556907,-0.37683284,-0.46848837,-0.09818986,-1.7104383,-1.6356183,-1.1315224,0.28426883,0.45969117,1.1039615,-0.29934055,0.07068885,1.3351814,0.6994215,0.43835318,0.6131314,-0.93155766,1.3515874,0.6314194,-0.49652106,-0.29508215,0.27832115,-1.0035442,-1.7379624,1.9304312,0.38828427,-0.2920589,-0.10831314,0.3218019,-0.23840971,0.39965585,0.10630568,-0.51881546,-1.821348,0.00069023005,0.34313375,0.7925326,0.18475622,-0.2269261,-0.8261757,0.5418156,0.63740724,0.026117265,-0.0040998,0.31672618,0.76790804,0.7889249,-0.058513675,-1.5063853,0.11100054,0.31175932,0.52148306,0.52537614,0.50241655,-0.6655684,-0.2615241,0.6369891,1.357886,-1.2829524,0.36809725,1.8412052,-0.78222907,-0.1480496,2.122988,0.9742297,-1.1853366,-0.296976,-3.4632382,-0.5978954,-0.58651394,0.45014164,1.4454658,-0.5698218,-1.9282379,1.0959625,-1.0021043,-0.837749,-1.3414335,0.71533185,0.73364615,1.0431087,0.67896193,0.2505866,0.7684016,0.013892724,-0.6678706,-0.9038685,-1.1567835,-0.9652647,2.1039093,0.80355453,-0.6481695,-0.88623434,1.5092902,0.7582774,-0.4636565,1.1620805,0.7694387,-0.5260517,2.4206607,-0.73307604,0.28497517,1.1505678,-1.8221165,2.2903423,-0.47012925,1.4285172,0.9019291,1.7203989,-0.20811641,0.6375309,-0.38554057,-0.9092371,0.116420515,-0.90212905,0.23636441,-0.2566414,0.5719318,0.7765528,-0.8529811,0.66042566,-0.16996036,-0.8108538,1.9918305,0.70038337,-0.24060337,-1.2520462,-0.42324343,0.8308807,0.88387805,1.8113127,1.4042113,0.10970299,1.232456,0.85455334,-0.8917282,0.51098496,-0.4691435,0.2086672,-0.056741714,0.27958852,-0.53582335,0.7256085,0.8260373,-0.60646075,0.43589133,-0.51533616,-0.20188767,1.3110913,-0.4912695,0.51701427,0.74978113,-0.4729374,0.71042186,-0.591404,1.1943314,1.3002985,-0.57831395,-0.36544937
http://www.benchmark.org/family#Person,-0.19830023,0.20051725,-0.35719353,1.22243,0.37403527,0.90191734,0.80189705,0.1735654,-0.02047779,0.28199038,0.0054585403,-0.47277787,-0.38718435,0.34418973,-0.41583022,0.6075004,0.54747427,0.23414499,0.50668347,-0.16628726,-0.57352525,0.30388373,1.5843523,0.8986845,-0.030711114,0.44223624,0.039751433,0.7397213,-0.17955762,0.042837076,1.1212617,-0.44605947,-0.5600671,-1.4510598,-1.1644934,0.15062599,1.5446101,0.73024684,0.9043448,0.17054658,0.3395138,0.10586722,-0.4417487,-1.1962585,0.21521103,0.14074856,1.2897627,0.07177217,0.32791987,0.40264797,0.3470531,0.7974587,-0.4080047,0.7575216,0.6412093,0.15637718,-0.08758755,0.35979226,-0.8722087,0.7249889,0.6165145,-1.0967569,-1.0741924,0.10937036,-0.8624698,-0.7807476,0.9869611,0.9645841,-0.16391066,0.27113786,2.0614784,-0.0098855635,-1.3494587,0.3786345,-0.044832543,0.7584537,-0.2244203,-1.3496469,-0.17654413,-0.21472535,0.04728878,0.52084166,-0.62621135,0.49623844,0.42166778,1.194398,-0.055818673,-0.902409,-1.3834641,-0.5814951,-0.9183784,0.028522987,-1.551534,0.28224084,1.1620836,-1.7327769,0.45470506,0.07922259,-0.49748534,0.41935673,-1.4262341,0.022578975,-1.4534568,-0.9011298,0.65836185,-0.6553881,-0.9711339,0.65237194,0.10622589,0.48567358,-1.3972671,-0.88758624,0.18482696,-0.7551225,0.29513276,-1.1213281,0.23860437,0.9702623,-0.64201814,-0.4902018,0.4544182,-0.73629755,-1.0965483,-0.7650375,0.05672089,-0.032630034,0.7643319,-0.08215754,0.20574056,0.15966907,-2.6821997,0.6449455,-1.3088976,0.35552695,0.28664157,-0.17135683,-0.364611,-0.7883256,-1.0769795,0.2698917,-1.1239045,-0.078184746,0.07599393,2.1887112,-0.17106353,0.7543623,-0.76209074,0.04652307,1.1521481,-1.3811953,0.41759846,-0.6418975,0.08650467,0.88111323,1.9552354,1.0014743,0.84863126,1.2122952,-0.984182,0.70694786,0.86238784,1.7605393,-2.3574827,-0.9758614,-0.30205965,0.41809243,-0.3803183,-0.046953794,0.64713126,-0.27442515,-0.80347514,1.8780079,1.7968361,0.69115144,-0.7789891,-1.467383,-1.5961174,1.8322769,-1.2539508,0.98839325,0.17697746,-0.18486452,0.7872422,-0.0142131355,1.1692005,0.33694354,0.9270784,-1.0204173,-0.40165928,-1.6739005,-0.651463,0.2068136,0.0623541,1.7576638,-1.6367264,-0.29856047,1.3430974,-1.5755872,-1.3364158,1.140946,-0.54360676,0.31816107,-1.4897029,0.55772233,-0.97462195,1.2755569,1.4289217,-1.2501403,-2.117461,0.88930833,1.773015,0.22792922,0.6633552,-0.15562145,0.18653966,-1.1987349,0.5072964,1.0416331,-2.1735077,-1.5806072,1.8046168,0.03435582,1.9337507,-1.074979,-1.5176282,-0.49058446,-0.43740997,-0.8393109,-1.4209714,1.6343468,-1.6875788,1.5912068,-0.14366853,-0.6960664,-0.7584621,1.5131316,-0.3978501,-0.17794506,-0.23357138,0.5852138,0.78091025,1.857329,2.5963807,-0.9471755,-0.18215857,-0.2517417,0.18154606,-1.2400883,-0.36883578,2.5423036,-0.35951066,-0.03763058,0.25701126,0.241601,-0.5796336,-2.7772565
http://www.benchmark.org/family#Grandmother,0.7102678,0.38008144,-0.18014315,1.14632,-0.17731564,-0.41494805,0.024628809,-0.5835741,-0.10247951,1.0495621,2.5316381,0.82911354,2.0158672,0.29200593,-0.7732862,0.75226855,-0.54477125,-0.7034652,-0.2179391,0.583761,-0.075669974,-0.24295597,-1.2582197,1.0484884,0.11246947,0.36806956,-0.5606218,0.028676886,0.2884049,0.29142413,-0.16202073,-0.521741,0.30461705,-1.7643712,-0.43084928,-0.14068139,1.6984211,0.0070222463,0.32394823,0.30669984,0.1542666,0.8038137,-0.5302725,-0.62894595,0.2004727,0.18698713,0.8440662,1.5728825,0.4150803,-0.012497619,-1.4656417,-0.63771135,0.419644,0.009706801,0.1962824,0.32127762,0.94270104,-0.6571307,0.068660006,0.16900773,-0.9917584,-0.726562,-0.2213363,0.4177452,0.4573899,2.267644,0.38657895,-0.28253448,-0.066143475,-0.23877606,0.60322565,0.41188446,0.90695643,-0.25094485,0.43495998,-0.37298223,-0.01771725,-1.5192828,-0.5408868,-0.29362366,-0.82503396,-0.049244523,-0.5339792,-0.8561229,0.23946987,-0.3385364,-0.03565701,-0.64435333,0.017809935,-0.2825559,0.10195116,-0.52209413,0.70148796,0.61283284,0.116810516,-0.21401954,0.56909674,0.13987291,0.3539699,1.5664217,-0.65096563,-0.9406557,0.32817757,-0.9331676,-0.4319549,0.2179584,-0.28813815,0.036342923,-0.25345457,0.65846086,-0.03117748,0.098046035,-0.16428651,0.40773192,-0.5419412,0.49533603,-0.46199498,-0.17820111,-0.28623316,-0.56143683,-1.3254381,2.3574824,-0.3037939,0.21181925,0.75113237,0.32586926,-0.028240282,0.07196324,0.41414353,-0.47301054,-2.049234,1.7803588,-0.38617587,-0.7203634,-0.51794297,0.00533573,-1.1125027,-0.75419056,0.2386334,-0.99027014,-2.4521499,-0.29962772,0.9561115,2.3729494,0.8431117,-1.2017528,-0.2856914,0.37964058,1.1867355,0.80594766,0.090369016,-1.7464651,0.2870412,-0.33951274,0.8880898,-1.246553,1.7829158,0.75830245,-2.603615,-0.1451078,0.12384808,0.510197,-1.3289024,0.5763185,-1.5059959,0.4219079,-0.01438944,0.9612182,-1.1530133,-0.57508403,-0.34783155,0.90508395,-1.3667471,0.6720132,-0.70641917,1.0620494,0.61598134,2.2269452,0.50516367,-0.024168888,0.6313476,-0.41546267,1.7541977,1.2894495,0.38999915,0.98610604,-1.2100006,-0.44767386,-0.74200666,-1.3461213,1.0288148,1.503056,-0.8920233,-0.034096632,0.010301773,-1.2938125,0.1999131,0.2503397,0.28381422,0.20926744,-0.88653296,0.739196,-1.920819,0.5987379,0.033661302,-0.09339781,-1.5364242,0.6220557,-0.50370896,-0.018813645,0.364222,0.40658987,-0.674616,-0.24263625,1.1146598,0.7392338,-2.2759278,0.019337732,-1.7797164,-1.0000391,-0.15912588,-0.110053256,-1.1206791,-0.7050542,-1.9124717,0.92678595,-0.52520776,0.53030306,-0.19287983,0.46577847,-0.6032001,0.20195271,0.113751255,-0.15558976,-1.6456801,-0.26388842,-0.5483926,0.94361603,0.4894887,-0.07853081,1.8096457,0.93913394,0.16500933,-0.33506238,-0.41335654,0.3922712,-0.9687574,-0.11577602,0.5771836,0.5550869,-0.5825623,0.07699216,0.4148472,-0.3208356,-0.036554247,-0.7539725
http://www.benchmark.org/family#F6F101,1.6667786,0.00873627,0.2832147,-0.18785712,-0.6980052,-0.25503337,0.037007418,0.46367893,-0.23112935,-0.73786646,-0.080338836,-0.81790674,-0.38977137,0.58567846,-0.16923437,-0.90858144,-1.7783315,-0.49438888,0.34823403,0.39829454,-0.8393814,-0.0017175882,0.26485434,0.4712034,0.64355016,0.8721163,-0.68420684,-0.062576704,1.1457599,1.2548041,-0.063165806,-0.58117306,-1.1251256,-0.83835125,-0.6609714,0.50866246,-1.2674909,-0.81145155,0.8617294,-0.02843954,-0.21097592,0.21508381,-0.13730796,-0.3780383,-0.8698275,0.07583543,-0.32720494,1.6279436,-0.10518485,0.32117808,-1.1356792,-0.14655055,1.2903379,-0.21767744,-1.2596401,0.25195405,-0.64875305,0.223932,0.3899441,1.2754548,1.2469537,-0.5009473,-1.7957537,-0.02294677,0.75338185,1.7458186,1.1903032,-0.012220544,0.3183755,0.3178643,-0.2708984,0.16020764,0.5334455,0.3426059,-1.2331729,-0.1296311,0.37166163,0.2014438,0.566718,-0.24344873,1.3056185,0.84425795,-0.81997883,-0.18010849,0.23393795,-0.3019125,-0.6294297,0.045084722,0.58836323,0.5689898,0.27703515,0.37782133,-0.048436828,-0.5317077,0.25852495,-0.17380062,-0.29219964,0.06699686,-1.4262233,-0.31970245,-1.4477944,-1.39894,-0.18793967,-1.012061,-0.43579438,0.5169636,0.6172779,1.331714,-0.10099351,0.3299353,0.39219803,0.45332253,-0.65648556,0.19230078,0.40664503,-0.8233254,0.1691039,-0.096520826,-0.44128683,-0.96984786,-1.5480796,1.3410735,0.066486135,0.13982381,-0.5030517,-0.17178907,1.8069615,0.09820513,-0.59898514,0.12716274,-1.4064702,-0.03850227,1.6725762,0.25884452,0.9836686,0.24056211,-0.65972596,0.34281376,-1.0915015,-2.0155947,-1.0098447,-1.1587282,1.3216866,-0.8384347,0.6628339,0.6592712,1.0974965,0.23336475,1.2956164,0.18804598,1.6383879,0.5184384,2.017973,0.38415825,-1.6316857,-0.012221047,-1.1488045,2.8556283,-1.955487,1.6108934,0.80047953,2.6935298,-0.28625244,0.8820334,0.40922138,0.78658706,-0.65908813,-1.0580337,1.3861362,-1.4567335,-0.06655511,-0.6915391,-0.2745361,0.4203175,-0.6139235,-0.450844,-0.79969424,2.168315,0.07306286,-0.22404255,-1.6914998,-1.1210287,1.0386704,-0.2695497,-1.6902331,-2.1868682,-0.31362593,-0.5702715,-0.38280421,-0.058130533,-0.5790134,0.49796045,0.430101,0.16144818,0.11709566,-1.2730963,0.109724596,-0.3408878,1.0340943,-1.0036026,-0.4073096,1.6995442,-1.1501634,-0.021013888,-0.16700768,0.2604133,0.4850144,0.9735917,-0.6357145,0.39104807,1.9258376,-0.7021289,0.6836328,0.6168022,0.41235092,0.72862446,-1.55197,2.3463042,-1.6005048,-0.17361636,-0.4006775,0.582751,-1.0082561,-0.98246735,-0.6552142,0.17289928,0.44353265,-0.7286354,-0.56215894,0.6932765,-0.2869854,-0.9730782,1.6029828,0.4596544,1.050367,-0.4914886,1.190238,-0.23526679,-0.18001524,-0.32295495,1.5232059,-0.63276756,0.63659734,0.15724337,-0.41507864,0.5899014,-0.41525567,0.980674,0.33780554,0.33554307,-1.1170069,-0.8627891,-0.13043231,0.75082535,1.9185287,0.09963406
http://www.benchmark.org/family#Grandfather,0.22931086,-0.48536822,1.0482386,0.6950518,1.1417754,0.097140856,-0.11298313,0.36424372,-0.4987078,0.08773607,-0.14128937,0.8075193,0.19926098,-0.12849204,1.8504878,0.25212783,0.37053373,0.15373115,-0.30458632,1.0221034,0.19730036,-0.6279488,0.44378072,0.898898,0.76825184,0.0051550493,-0.44982693,-0.63411325,0.9297827,-0.680233,-0.61543125,0.45770234,-0.66794306,1.2171886,0.47874087,-0.10877896,-1.7410828,-0.34045976,1.02323,-0.07957813,-0.74709976,0.24640298,-0.5406601,-0.82222044,-0.23218365,-0.86781645,-1.2421548,0.27344665,-1.4597337,-1.1630508,0.13159622,-0.7569544,-0.103285395,0.11113935,0.4162845,-0.48705646,-0.7442488,0.061886407,0.47841218,-1.6985941,-0.045450374,-0.29893637,-1.5737336,-0.050366998,1.0702778,-0.09193532,0.23661593,0.10759988,-0.612556,-0.05638206,-0.7904572,-0.09550374,0.60501105,-0.54407936,0.5375761,-0.78194195,-1.1318246,-0.6601809,0.12811112,-0.89041245,0.5592289,0.36744043,0.48818383,0.9654986,0.69721454,1.0534508,1.2060925,-0.1748848,-1.0515759,-0.6808675,0.40616485,0.31462675,-0.45475158,-0.18896793,0.03101032,1.9483193,0.46734717,-0.3502554,-0.22461873,-0.33748513,0.15789007,-1.3166656,0.11847142,0.9961519,-0.49369863,-1.2933211,-0.48111045,0.3528867,0.11483525,-0.31158164,-0.976518,0.14232852,-0.6181809,0.37695435,0.06815195,-0.21831217,1.0262382,-0.9738677,-0.20980704,1.1775788,-0.52954966,1.0386852,0.1271911,-0.84465736,-0.8806275,1.3569673,1.7840791,-0.029475087,0.19009475,-1.012345,-0.85338014,-1.248313,0.30930316,1.324655,-0.62017953,1.5577042,-0.036565863,0.4745269,-0.08392029,-0.70223314,-1.2123903,0.08412334,0.120570056,-0.504678,-1.6716409,-0.1941126,1.1408213,0.7173278,0.1918887,-0.354351,2.3271549,-1.3152614,1.4262131,-0.8867592,-0.23256633,0.59325624,-0.35356036,-0.644508,-1.7745613,-1.5011876,0.57715666,-0.7877469,0.7096317,0.237834,0.82367504,0.18985316,-2.4403405,-0.52189505,0.18761778,1.4610401,-2.4904137,0.12860307,-0.9116571,-1.82178,0.110792145,-1.0383211,-1.7539371,0.10640935,-0.17829955,0.4316867,-1.1510966,0.041007783,1.4342777,-0.37891892,0.32738134,1.4294114,-0.49397767,0.26429877,-0.5711297,-0.65818524,0.43323323,-0.42277378,0.1594927,0.16848518,-1.9928592,-1.0947213,-0.22310136,-0.87176,0.7120886,0.35736883,-0.9877158,0.7344079,0.8229119,-0.6848934,-3.2608852,-1.0791544,1.5215931,0.10692314,0.2215559,0.24749951,-0.4330685,-0.5261542,-1.4122634,-0.91453,-0.7949176,0.39249456,-0.29690865,1.419514,0.3054023,0.976044,2.7045903,0.560628,-0.7133083,-2.3230114,-1.4901414,1.1030121,-1.4561039,0.2442143,-1.4868962,1.2100507,0.9835984,0.8516556,-0.35023057,-0.37782833,-0.46024615,2.0262823,0.2860624,-1.4652392,-1.3546112,1.235754,2.0818813,1.6483306,-0.9528821,0.15190616,1.2023438,-1.1822397,-0.5870575,2.3172736,0.4531778,0.68921274,-0.89348674,-0.26611695,-0.14364488,-1.7105986,-0.3219339,0.80838335
http://www.benchmark.org/family#PersonWithASibling,-1.5010083,0.53044605,0.16493452,-0.8814091,-0.08212607,0.43303293,0.98753977,-0.5902902,-0.20955928,-0.23202245,0.18090601,-0.37349012,-0.4877117,-0.31255177,0.37748867,-0.6419558,1.1534613,0.5831185,0.17435113,-0.25772956,-1.9884837,-0.9204083,0.27275458,1.0215527,0.26754025,-0.068445146,-0.652586,-0.7136162,-0.4025169,0.9301777,0.2590561,-0.60025555,-0.69714177,0.04840625,-0.3973375,0.3887626,0.9865903,1.5898504,0.8418709,-0.42861444,-0.020082086,0.73614466,-0.41910103,-0.88102335,-0.36543313,0.023393359,-0.68220615,0.07444,1.4277233,-1.1637043,0.15615544,-0.48006654,0.056772113,0.25390136,-0.9582047,1.6161168,0.17158772,0.6693662,0.13141344,-0.067391016,1.0823135,-0.40321827,-1.1759337,0.038726613,-0.4228406,-0.31207192,-0.17253909,0.95521355,0.22110388,-0.2107395,1.2924787,-0.13687186,0.47697437,-0.1402164,-0.100786425,-1.5613577,1.2492013,-1.1067647,0.4713109,-0.5687613,0.23530926,-0.0014438997,-0.7852153,-0.28578773,-0.77161413,-0.974462,0.24764933,-0.034908205,-1.7259077,-0.30697185,-0.18131366,1.0752457,-0.2831636,0.9400598,-1.6476592,0.12285461,-0.15684214,0.25827408,-0.1860511,0.3128828,-0.12719822,-0.84419495,0.488768,0.3520277,-0.12443679,0.38576946,-0.020408953,-0.5316058,0.122229874,-0.072031885,0.55010134,0.19410124,-0.9575623,1.0099803,0.84227085,0.21354216,-1.1921787,0.0482029,0.5618335,-0.6416509,-0.39876014,2.0624652,-0.63175267,-0.16134854,0.053424172,-0.369697,-1.7469178,-0.44345498,0.544572,-1.2831076,-0.79795223,-1.3422893,-0.08092151,0.2976635,-2.1452878,0.45667508,0.8218098,1.0598502,-0.7332298,0.98335934,-0.4509416,0.6680917,1.0876627,-0.74626637,1.6520437,1.2860302,0.37304574,-1.4253647,1.0430155,-0.66919,1.3332822,-0.15537173,1.8711994,0.8938689,1.8244754,1.7820356,-3.2350185,-0.25605786,-1.3474339,0.67685205,1.050421,0.30437085,0.18281595,1.3834841,-0.613053,-0.9908048,-2.3742476,-0.6162205,-0.021271849,0.39435712,0.4298458,-0.72792315,-0.5495275,-1.5419431,-0.38745904,-0.54329616,-1.5179963,0.017394131,0.23743473,-0.36697212,1.3043073,0.38180047,1.166965,0.12821479,0.92348474,-1.3656934,0.5621119,-0.42163575,0.25423527,1.3654667,-0.103778645,1.6537576,-0.9257134,0.001554574,-0.1229888,-0.20013508,0.092432894,-0.57137686,0.74120325,-0.52809626,-1.6666522,1.6108161,-0.13704637,-0.6163822,-0.29022503,2.1929774,0.06191204,-0.661007,0.18981378,-0.9099165,1.598773,-0.3973689,0.17461686,-0.3413195,0.36600786,-0.26850688,0.9339318,-0.5132063,0.5586263,1.3823522,0.13984342,1.565118,0.42982978,-1.1619339,0.14109074,0.6133598,1.2054758,-1.0232767,-0.38162026,0.56701523,0.95293254,0.669168,-2.0390515,-0.62042224,-2.0733166,1.4527159,-0.0681053,-1.1934805,0.8680925,-0.53604466,0.3756911,1.8403866,0.28976825,0.86116004,-0.8232584,-1.3068354,1.8304644,2.1313539,1.0226561,2.1938488,-0.9540476,-1.7419862,0.07948543,-1.4346493,0.54997504,-0.05619387
http://www.benchmark.org/family#hasChild,-0.07104982,-2.0207636,0.108255476,0.23398171,0.056031477,0.2757117,-0.11725107,0.10306564,0.14889815,0.36703113,0.049087647,0.10305821,-0.99076724,0.32301745,0.25932217,0.9307912,-0.679922,1.4505397,0.025338652,0.5787241,-0.23762943,-1.1531861,0.6584554,1.0220222,0.47854647,-0.56003237,0.0151721295,-1.2131397,-0.2097608,0.49145716,0.12777063,-1.5447493,0.63811475,0.40732986,-0.44339892,-0.5935875,0.7937525,0.6888187,1.0614465,0.69755256,-0.4340577,0.31026497,-0.44103333,-0.20699385,0.31213412,0.92872316,0.7358025,-0.30690205,0.030717473,-1.4163924,-0.08878091,2.2070146,-1.4186698,0.1814143,-0.5309778,0.27140749,-0.89488757,-1.0142571,-0.056167673,-0.11651049,0.34034643,0.036941793,-1.3215258,0.546441,-0.22551025,-0.22844571,-0.43872416,-1.186325,-0.9622227,-0.53929204,1.4125316,0.76288396,-0.578838,-0.10412444,0.8898571,-0.1987744,0.628686,0.122939624,0.68003184,-0.06324528,0.7667493,-0.067892,-1.1436601,0.94331145,-0.81548953,-0.8321551,0.07824985,0.009556085,-0.14870697,0.1096398,0.078645706,-0.13167758,-0.16250598,-0.22206102,-0.16472133,-0.89518774,0.8662793,0.073074475,0.38702956,-0.22200333,-0.65972775,1.3903923,-0.4668077,-0.047339,0.6142209,-0.25664878,-0.8260625,1.3334566,0.49363917,-1.2812867,-0.60799795,-0.044293344,-0.70547885,-0.2413142,0.93099904,0.5604615,-0.12772824,0.59587246,0.3580244,-0.6084477,-0.74530536,0.52077687,-1.2363989,-0.6619466,1.5731539,0.49398243,0.03645515,-1.7482954,-1.0362384,0.10728886,-3.5275235,-0.3069857,0.38338128,2.0979052,0.7813674,-0.2553426,0.91524905,-0.668157,-0.23870519,0.10153941,-1.0101255,-0.83003175,1.1696018,1.900347,-0.5984946,-0.40563497,1.0679829,-1.0315318,0.20652172,0.78842103,0.19411378,-1.6866777,0.54824513,-1.4742987,2.100561,0.052605633,-0.8373744,2.3170288,-0.61190695,0.20674619,-0.31428272,0.66797423,-0.015252816,0.8671894,1.0190268,-0.37858954,-1.4820135,-0.36161217,-0.33583274,-0.20668703,0.5423054,-0.27812648,0.6669704,1.5015639,-0.072902694,-1.3515819,-0.0533558,0.0757157,0.8322372,1.8519778,0.1993973,-0.28497982,1.151845,-1.8204373,0.436206,-1.6814193,-0.0340722,-1.2057974,-1.170129,-1.4291363,0.684132,1.5862992,0.655617,-1.8153452,-0.44386455,1.3073993,0.9995433,-0.04905512,2.4805193,0.46727172,-1.3795012,2.7797928,-0.54034585,-0.15487935,1.3746692,-0.8042914,1.0326357,-0.483791,-1.47158,-1.0703958,0.42847127,-0.13215534,-0.46796277,-0.7679762,0.56023437,-0.25012583,0.43525615,0.15315485,-1.6167853,0.21317376,0.24807566,0.82663524,-0.58140284,-0.81560564,0.27735627,0.8133366,-1.5952492,-1.6757637,0.84375346,0.7884608,-0.17149588,1.5479863,-0.27908158,-0.014362938,0.8314442,-0.6170014,-1.4990422,-0.14383435,-0.90096635,0.92503977,1.5640426,1.4454601,0.45769382,1.0935717,0.7605837,-1.3866136,0.86896956,0.59898835,0.46498203,0.9361637,-0.037042886,-2.4835935,-0.05911772,-0.031093312,1.7324972,0.20617741
http://www.benchmark.org/family#hasSibling,0.28002313,1.5475141,1.3191341,1.7422231,0.02968308,-0.61392397,-0.21412605,0.58920354,0.062153544,0.80560565,0.110012464,0.70887196,0.93326575,0.008762098,-0.46651912,-0.29598993,0.113016434,0.67392236,-0.39352202,0.49222434,0.54594636,0.10901477,-0.055926103,0.7829043,0.48591563,1.1768885,-0.19973563,-1.7764246,-0.18388945,-0.14278236,0.16389154,-0.4531119,-0.32395235,-1.142906,-2.272099,-0.6622971,-0.38007835,0.89304566,0.3552539,2.0521967,-0.9372158,1.269767,-0.27762845,0.07282319,-1.263635,-0.25507498,-0.46417147,0.85299486,-1.2041095,-0.2411298,-0.465323,0.6850175,-0.14992222,0.50641936,0.8357941,-0.0007743056,0.43683043,0.083805926,-0.42149565,0.90649724,-0.12568262,-0.4281468,0.11348762,0.10935432,-0.2928303,0.3485386,-0.4309813,0.707138,0.95856893,-1.6007336,-0.17130134,-0.29555243,-0.20538202,-0.36539444,0.32403997,0.059099328,-0.34637102,-1.5140196,-1.7012866,-1.0174252,0.112491444,-0.39099455,-1.2648062,0.3549592,-0.16156533,0.2837696,2.370369,0.06813498,0.011932266,0.48305094,0.5873282,-1.0940439,1.5483114,0.1281088,-0.19449876,0.0517538,1.0745186,-0.2861932,1.2388895,0.314412,-0.8689135,-1.7537004,-0.036818836,-1.0252345,0.9275277,0.59313166,0.6331234,0.42457554,0.08577013,0.026512017,-0.61046565,1.1231569,-1.8214439,-0.06639504,-0.8358087,1.2787335,-0.7453303,-0.28711966,-2.6335495,-1.2849585,0.09249605,0.99095947,0.082070574,-0.35133538,0.086947635,1.5593095,0.3001553,0.29718086,-0.71298784,-1.3927703,-0.31989986,-1.2795175,0.13549697,1.7279887,0.19550525,0.3016684,1.1096761,0.42448246,0.4903396,2.2029548,-0.11125143,-1.3856647,0.6780645,-0.37398505,1.128335,1.1276656,0.43538302,-0.52983457,0.6449223,-1.2557344,1.0735058,-1.2634224,1.9938898,-2.0350502,0.9613323,0.17608722,0.81214947,0.51917416,-0.19949342,-0.1828237,0.57903457,-0.14994021,0.623439,0.31062308,1.2958769,-0.27856073,-2.8002148,0.062368616,-1.3320172,0.24948883,-1.821408,-2.423902,0.735821,0.04596701,-0.28387925,1.2588904,-0.8138805,-1.1340016,1.1758403,1.3972015,0.23728849,0.56466764,0.19980325,0.5688443,-0.8844889,-1.080272,-1.9164524,0.13261744,-0.029630324,-2.916002,0.9049638,1.2685368,-1.037524,0.6729229,2.0587866,0.023986747,1.039322,-0.90979236,2.1276903,-0.0091029005,-0.22890295,1.2442313,0.079821534,-0.16399845,0.21353307,2.1766024,-1.4126776,-0.48548192,0.36944506,0.36615154,-1.5522611,-0.07299489,0.7251363,0.4230575,-0.20349826,-1.0566393,1.6446459,1.9546955,-3.4204564,-0.6668225,1.3177364,0.5896873,-1.0365573,-1.310326,-2.4958253,0.15250908,-1.0693694,-1.0245897,0.31058586,1.1188668,-0.3970617,1.1657956,-2.172204,-0.23800656,-0.7143402,1.0326011,-0.430761,-0.9864797,-2.1162672,-0.1077627,2.8517094,2.2462528,0.05357756,-0.6592747,0.9809732,0.2911808,-0.12021389,0.6675153,2.5596774,1.5321645,0.23512885,-1.321096,-0.45991534,-1.0004153,1.6530528,1.2738056
http://www.benchmark.org/family#hasParent,0.31210878,-0.5467487,-0.21094519,-0.1850691,0.35982785,0.026174782,-0.22244826,-0.013034167,0.53102815,0.96111435,-0.53398323,0.18556073,-0.23307656,0.3095153,-0.084881835,1.1153929,-0.75625324,0.3580036,0.2865494,0.5730337,0.601329,-0.07866696,-1.0030262,-0.20849898,0.6062142,0.5414085,0.4867789,-0.3951151,-0.19544242,-0.05300215,0.763621,-0.00899003,0.40017557,-0.47537085,-0.5972201,0.51295227,0.6540575,0.381075,0.7481016,-0.7410413,1.545879,0.04265685,-0.559437,-0.03609837,-0.084501594,0.50869054,0.2664672,-0.40698704,0.10635002,-0.47160617,0.57662,0.9159957,-0.2858612,-0.6729373,-0.03223689,-0.35046458,-0.055228077,0.9949846,0.9159157,1.0640348,0.25313255,-0.74043024,-1.6972936,0.13839145,0.20602983,0.6712799,0.4628124,-0.08792083,-0.29059747,0.70957047,2.3973641,-0.0741236,0.09437581,0.26195577,-0.4277847,1.1779974,0.5722893,1.0629569,-0.8040124,-0.20230603,0.8864212,-0.56421494,-0.4473486,-0.03897723,1.3064898,-0.8409129,0.28081647,0.123359434,-0.96576434,-0.7788036,0.33799693,-0.115081996,0.24726942,-0.5485923,-0.9732512,-1.0035503,-0.2157456,0.19151266,-0.32190847,-0.58923227,-0.014422636,-0.70041955,0.6907818,-0.663368,-0.42001668,-0.62513846,-0.13192871,-0.54099077,-1.2569433,-0.32660174,0.56465936,0.6528659,-1.4948742,-0.86313426,0.27060792,0.40701005,-1.2003082,0.23208757,-1.1530073,1.4490497,-0.27504152,1.2922336,-0.03364834,-0.37711406,-0.15632732,-1.5267954,1.3462895,-0.25209764,-1.553624,0.47045946,-1.1162536,0.7273343,0.29985395,1.1821647,0.17246418,1.7775453,0.36769786,1.340957,-0.30655068,1.3879851,-1.4267132,-2.5260556,-0.7604776,0.88546187,2.4843352,0.33044422,1.8891703,0.7778434,0.7652195,0.16500942,0.61316425,-0.18693067,0.92438984,-0.60576564,0.5580411,-0.34091517,0.19625844,-0.0352683,-0.120981604,0.80500066,1.7405947,0.20446953,0.3888402,0.46656445,-0.35090488,-0.19230174,-0.48446319,0.54132694,0.74903166,-1.1469803,-0.30530098,0.38378358,0.30592558,0.46742097,-1.0501295,-0.23628226,-0.55194783,2.4599266,-0.3257791,-1.1283886,1.3109496,0.20777966,0.5613559,-0.5015294,-1.5740229,-0.5099275,-0.3750349,-0.8421105,-0.5378006,-1.6920793,0.48393422,0.7806142,-0.82566583,-0.9201379,0.0004980881,-0.4766719,-0.73844254,1.0270503,1.6162453,0.79862714,0.19249566,1.7229306,0.061752144,0.61670274,-0.18591301,-0.6259095,-1.0525216,0.90953976,-0.90103364,0.38839954,-0.24869935,-1.1148387,0.106324784,-0.9098316,0.2604405,-0.23653756,-1.9761378,0.30710337,-0.7949861,0.57830876,0.86221766,0.4578911,0.27032185,-1.4597993,-0.92776096,1.446213,-1.4872023,-2.2554345,-0.66689324,1.2788656,0.37307295,1.2295212,-1.6128836,-0.034940597,-0.38095438,0.6274417,0.0009412591,-0.9369021,-0.6407968,-0.5916194,0.64620006,0.37758297,-0.14520343,-0.05392864,1.630382,0.79170364,-0.6259478,0.23732215,0.5625392,0.40789166,0.69919777,0.60202,0.4541258,0.37425882,0.8565651,-0.8728173
http://www.w3.org/2002/07/owl#Thing,0.0581198,0.1258991,0.15180854,1.2037405,0.59490824,0.088805184,-0.6030312,-0.70091355,0.83447295,-0.4587907,-0.7199638,-0.18010683,0.094058454,-1.6219404,0.25595707,0.12783909,-0.02131001,0.34448078,0.4119,0.77160066,-0.77220726,-0.71673393,-1.6018379,0.8205381,-0.6439732,0.33671546,-0.69424725,0.17064358,0.43666264,-0.10140775,0.48229924,-2.438688,-0.5568554,-1.5964007,-0.009217483,0.6297193,-0.19393644,1.1716998,0.33955526,-0.61755335,0.55349386,1.429051,-0.07987685,-0.933707,0.9912322,0.11265722,0.76899797,0.24852067,0.3816894,-2.0012429,-0.8036856,-0.37156227,0.12020698,-0.8289818,-0.16386712,-0.1680251,-0.040554784,0.44037497,-0.9111174,-0.6212036,1.6631446,0.35467833,-1.0207325,0.44145668,-0.32665002,-1.1035291,0.58575654,-0.1794463,0.32314688,-0.36552146,0.1473692,0.057110198,0.061087016,-0.3432231,0.0754827,0.11523014,-0.25228578,-1.6076137,0.357758,-0.27621904,-0.29855585,0.031484604,-1.3367821,0.2180037,0.8274618,0.6751199,0.14038478,1.5177746,0.14260504,-0.5261296,-0.40155402,-0.35316473,-0.03068106,1.0106077,-0.06401685,0.34585908,0.4180675,-0.38244414,0.46782175,1.4753239,0.032246806,-1.0710753,0.83291286,0.08502025,-0.678387,-1.435421,0.52448565,0.26753536,0.350227,1.5438477,-1.3619411,-1.0508698,-0.921893,-0.3529143,0.24598712,-0.14567313,0.11076074,0.6482042,0.86004937,-0.517431,-0.84117156,0.84174794,0.31948984,0.038046923,0.5844751,-0.05934595,0.3042373,-0.5568322,0.015882745,-0.98660094,-1.0015564,0.1302955,-1.8733786,0.49905023,0.90722615,-0.23123664,-0.7935602,-0.2354776,1.0348923,1.1357208,-0.91018593,-0.07509357,2.493651,0.65106696,-0.6210398,-0.22449456,-0.85936296,0.30983108,1.6931347,0.1466859,0.12494613,0.11422047,-0.62500006,-0.24081887,0.4082273,-0.028558178,-0.68028307,-1.6334593,-0.7278448,1.2859515,-1.3487124,0.8425723,1.2731041,-1.3073416,-0.12573563,0.50368,-0.3759874,-0.75846535,-0.0035813213,-0.5542651,0.0147607,1.8835696,-1.4023433,0.26877934,-1.9475353,1.5367591,-1.3314258,-0.3546872,2.2757478,-0.37147492,-2.7840226,-0.51939684,1.2944598,1.1166172,0.34447458,-0.4894069,0.63593626,-0.6191443,-0.70215905,-0.09786704,-1.454949,0.04182395,0.7143485,1.0420178,1.0226109,-0.7513157,0.1658296,-0.9894077,0.3135878,0.29041463,-1.2769415,-1.3541577,-2.3764489,0.5834694,-0.5389865,-0.204022,0.57515246,0.24402836,-2.340943,1.0870365,2.0746298,0.40852574,0.97538644,-0.051903736,0.21655518,0.6472437,-0.5435127,2.1926527,-1.4437597,-2.0627246,0.38197967,0.7307259,0.73631567,-1.739431,-1.025586,-1.0214546,-1.0352842,-1.2095698,-0.26694742,-0.12305198,1.4229238,0.37133405,1.3103548,-1.7052035,-0.6995632,1.3935817,0.5194731,-0.07644479,-0.12288571,1.0502284,0.65802693,-1.2702984,1.2001225,-0.54643095,-1.7457362,0.3814616,1.1672586,0.44196174,1.3257738,3.4527411,0.44028667,-0.8712915,0.67451674,1.1007198,0.5150466,1.1286217
http://www.w3.org/2002/07/owl#NamedIndividual,-0.05918049,-0.85142016,-0.87178975,0.09280343,0.50267136,-0.09552739,-0.22744967,-1.1393,0.05547066,-0.7494091,0.6577578,-0.10116053,0.028380398,-0.045500647,0.01050321,0.00063853577,0.46970752,0.7147947,0.6613343,-0.2860386,-0.92184234,-0.15706421,-0.07873419,0.76497126,-0.150116,0.25810298,0.123185806,-0.86412245,2.2006917,0.06108618,-0.16681716,0.16771786,0.21187474,-0.9252458,0.07110764,0.75982493,0.6124306,-0.06053228,0.58539015,-0.04790591,0.9821724,0.0354814,-0.29297277,-0.6886125,0.43374354,0.022779653,-0.80993164,0.072117455,-0.19530505,-2.0302854,0.19908017,-0.28876796,-0.36783707,1.3627723,1.0082086,-0.5401954,-0.77599794,-0.4854547,-2.1564083,0.063954875,1.4231685,-0.24174342,-1.2698236,0.6788405,0.39515242,-0.7308405,1.3255458,-0.2131165,0.60920864,0.35268176,-0.1938038,-0.6703276,0.065640606,0.112470746,0.30942848,-0.39390105,0.07387053,-0.9308208,-0.2618229,-0.018928468,-1.2502545,1.3796893,-1.3096505,-1.7999609,1.9229034,0.15008013,0.19165327,0.62076044,-1.3441797,-0.48253906,0.6224526,-0.050444465,-0.8475177,-0.006382581,0.49925053,-0.7724308,1.150903,0.29759747,-0.75167066,0.10375488,0.10694079,-0.71725386,-0.2188471,1.523729,-1.4502786,-2.0007668,0.8801963,0.634501,0.64936864,0.6073103,-0.16649997,-1.3597196,-0.2904155,-0.2659751,-0.52804965,0.35454884,0.7102578,-0.015757415,-0.2299392,-0.08263257,-0.5230417,-0.18690524,-0.4743009,-0.8911302,-0.8905374,-1.104053,0.2778215,-1.182926,-0.19719045,-1.5881871,-0.36098045,-0.2933144,-1.1316267,1.2744541,1.3915672,-0.5815987,0.20230612,-0.5678927,1.9080101,0.28059217,-1.179048,-1.8259593,0.3427391,-1.194731,0.017507033,-0.38118428,-0.4579572,1.1174828,0.9232614,1.3768886,-0.42784703,1.8487408,0.008765059,-1.0773813,0.076855846,-0.27452552,-1.0456272,-0.71901506,-0.7224984,-0.87630343,0.06683185,0.73565966,-0.27052018,-1.3410228,-0.48709992,1.1645064,-0.7277684,-0.79279375,1.2676842,0.47335,-0.39208618,0.44983646,0.69757336,0.005186349,-1.2644893,-0.259001,-2.2508824,3.8797052,-0.25555563,-0.78294957,0.6090292,-0.45010835,-0.30937845,-0.6592301,0.67203426,0.87563705,1.4152898,0.62937564,0.21921274,-0.4342161,-1.1255872,0.22064708,0.5727545,1.4365983,1.161774,-1.4720113,2.0730412,0.091198325,0.039164666,-0.5801618,-0.9215277,-1.8271799,-0.6151855,-0.4811416,0.8896628,0.16071004,0.47652012,-0.083675824,-0.60573727,0.75768125,0.83611286,-0.37283617,0.07630939,0.24730812,-1.1555201,0.20795251,-1.7357104,1.8592312,-0.14154246,-1.1037738,0.27092698,1.0013403,0.8500087,-0.5748226,-1.0246779,-0.7342944,0.53011036,-0.729111,-1.9856874,2.4023728,-1.0313739,0.7665934,-1.3581083,-1.1018622,-0.8834334,2.0781767,0.83447844,0.7044512,-1.155516,1.0231377,1.8138615,-0.7723246,0.30771387,0.033748545,-0.7100501,-0.082009986,0.05568352,0.69430596,-0.052465424,3.2043772,0.1071167,1.6212424,-0.56063664,0.011584695,-0.06130882,0.014764036
http://www.w3.org/2002/07/owl#Class,-0.47148544,0.16765986,0.33005348,-0.44032538,-0.44375288,0.13421829,0.8982018,0.21075751,-0.81328964,0.7792172,-0.31460214,-1.226109,1.1553638,-0.22933856,0.2900877,0.59827787,-0.85364854,-0.2062638,0.2409156,1.1171237,0.4250985,0.028524656,0.5003469,0.5164359,0.49178717,-0.15342763,-0.73203844,0.90022516,0.0634753,-0.011342881,0.17032173,-0.7345102,-0.05262841,-1.0831168,-0.02005819,-0.08134803,0.28668892,-0.11760401,0.62376,-0.40841997,-0.3679576,0.08765419,0.038885802,-0.17384006,0.65886885,-0.09917094,-0.6159869,0.5137675,0.07513506,-0.21329562,0.5854237,-0.213282,-0.26377666,0.25210696,-0.23583646,0.56380767,1.4617041,-0.19775464,0.3564997,0.5724677,0.004248931,0.8168971,-0.09956535,0.90514684,0.70046544,0.26404226,0.49194577,1.5159847,-0.23999703,-0.9321707,-0.9064565,0.18091859,0.6631017,1.0238687,0.6353068,-0.36916706,-0.4283925,0.8877621,-0.10850258,-0.38762212,0.44468284,0.8284217,-1.2543877,-0.49278486,-0.30890098,-0.670613,0.07200233,-0.8255802,-0.06691012,-0.23168166,-0.7142095,-0.91237605,0.0024832543,0.08405374,0.42014372,-0.3275563,0.7431384,0.034386892,0.58442545,0.27091154,0.1571773,-0.6286582,0.14430249,-0.5609922,-0.0908334,0.93603116,0.23084307,-0.9247208,0.10545345,-0.032690432,-0.20277192,0.9618831,-0.3979709,-1.0916272,0.30557165,-0.24398252,-0.047763497,0.06613002,-0.38384822,-0.33534282,-1.2603759,2.2864823,0.5017795,-0.7921655,0.17612822,-0.90616983,-0.02365848,-1.6024798,1.2935888,0.68322986,-1.1999376,-1.2503849,1.617216,-0.82982934,1.4454324,-0.52548504,0.6162617,-0.32694396,0.14922903,-0.8444077,1.5603585,-0.66118294,0.5606809,0.04229299,0.7879463,1.5296412,0.0017470028,0.6848262,0.12851655,1.5162938,0.39506456,-0.8878562,0.0035918972,0.5723354,0.108532704,0.47396064,-0.19834365,-0.50277126,0.17089003,0.65140957,0.09451552,0.75722146,0.22512892,0.0053400653,-0.19515556,0.039414965,0.40470818,-0.35903424,-1.5297563,0.4992458,-1.4439883,-0.6684114,2.113612,0.47283077,-0.2351571,0.72650015,-0.7294682,1.9577338,-0.7471284,-1.5931239,-0.2615947,0.68495584,1.1217272,0.6186562,0.037031475,-0.12457556,0.28887093,0.5017015,0.18621732,-1.44024,0.70318097,-0.42723957,0.039556056,-1.0659518,1.4209639,-2.8989685,0.19459708,-0.17317672,2.0892513,-0.69649863,-0.12153273,0.7649453,-0.50070524,0.5865866,0.8513137,1.0679283,1.3493776,-1.4567107,-0.020166058,-0.18796892,0.7082595,0.67088634,-1.5567086,-0.72134125,-0.23039061,2.3752422,-0.16403271,0.7389225,-1.2091866,1.2274454,1.3455385,1.3945606,-1.5902029,0.5963567,-1.3557549,-0.30339357,-1.248601,-1.7272855,0.26940688,1.29347,1.5673163,-0.16772886,-0.38656363,-0.18204959,-0.04851886,1.3574432,0.051861376,0.9315582,-0.911116,-0.4746829,-0.3849664,0.1308703,-1.9636339,0.54326427,-0.1935703,0.16035679,-0.06670113,0.4043682,0.9511591,0.7499207,-1.0577978,0.09872953,-1.4603504,0.6618016,0.7800598,1.6469687
http://www.w3.org/2002/07/owl#Ontology,-1.2932477,-0.030263742,0.37649843,-0.92904174,0.29826385,0.5127449,0.6138526,0.7209765,-0.886555,0.018277002,-0.21594964,0.088509895,-0.5007943,0.26730362,0.58841985,0.55557495,0.5164226,0.509912,0.12791403,-0.38678777,0.34308234,-0.51246357,0.31497627,-0.6937567,-0.26201794,0.19247644,1.4094256,-1.5034857,-0.26065984,-0.048601184,-0.15633844,-0.5602089,0.3430726,-0.30046743,0.16826159,-0.43291923,-0.4575896,-0.043183263,-0.36358693,0.16048327,-0.23309757,0.55922645,0.23597994,-0.6130662,0.542143,-0.21411322,-0.44453344,0.4973233,-0.38964766,0.31038797,-0.4197617,-0.25868303,-0.04581524,-0.1788904,0.8360895,-0.90944153,-0.25476012,-0.43675724,0.14788626,1.2969675,-0.7707246,-0.0979763,-0.29459053,0.3251297,-0.6120051,0.111934915,0.42095,1.8043786,-1.347656,0.17800356,0.45590588,0.65443313,-0.53124046,0.124013,0.207796,0.2211865,-1.7483487,-1.0672863,-0.07146456,0.30870026,-0.2107683,0.6667306,-0.48658872,-0.37933806,-0.3515665,-0.8314188,1.1476016,-1.0373615,-0.11086769,1.3273351,-0.22075309,0.17983222,0.19477096,-0.44661558,-0.15465952,-0.70618147,0.23475565,-0.17768519,-0.35497832,-0.20015156,0.08175216,-0.7602341,-0.46734354,0.26397732,0.18148135,0.09302749,-0.201385,-0.029384315,0.65637785,0.63963383,1.1494615,1.1710606,-1.0688714,0.23515263,-1.3276442,-0.037208676,0.25328788,0.85111326,0.35658106,0.619826,-2.2517617,0.4290374,-0.6651718,0.25859004,0.86886823,-0.05186405,0.9749141,-0.13266702,0.08966696,-1.2759672,-1.2043889,-2.532962,1.6612434,-0.2037535,-0.56666124,0.022122309,-0.100757845,0.53958327,-1.778981,-0.24930114,-0.27720958,-1.1593063,1.1301714,1.9191271,1.4096807,0.19934982,1.4522061,-0.6246088,0.92615384,-1.7058201,0.5264913,0.0045646876,-0.23730934,0.8273953,-0.12200703,0.5991203,-1.2020103,1.506433,-0.9984938,1.2130184,1.7420235,0.9129929,0.7343651,-0.04698606,1.865934,-0.263837,-0.35335055,-1.0639801,1.6105188,-0.86495227,-1.9171424,0.19087462,0.21354043,-2.4285343,-1.5509437,-0.88880104,-0.77247256,0.63610005,-0.8937678,0.22844884,1.6710757,-0.11801326,-0.53404135,0.10919533,-0.94045085,0.28571072,-0.53661823,-0.14734726,-1.2364088,-1.1277565,2.258528,-0.38272774,0.111101724,0.47466147,-0.7443601,-1.2171031,0.691219,-1.2471708,1.0188,-1.5780013,-0.4666041,1.2857652,0.69442385,-0.38383788,0.701577,0.08018243,0.33868864,-0.5350212,-0.38003263,1.1420515,0.952354,-1.3884571,0.9189029,-0.23046035,-0.028999921,0.40958726,-1.3464016,2.04066,-1.8548499,0.7479623,-0.54741627,1.0237784,0.028309885,0.051913943,-0.5978197,0.7730478,0.48667753,0.13588376,-0.8162655,1.6323345,0.4479491,1.8913971,-1.5765359,-0.085605174,-0.7977623,1.6114099,-0.7295223,-0.6071555,-0.29958668,0.031219367,2.2716098,0.6947577,-1.2561091,0.04597615,1.1434441,0.38322523,-0.3937703,1.3930383,0.028886622,0.23763508,-1.4409362,-1.4983654,-0.34929785,-0.3068814,1.581352,-0.0082945805
http://www.w3.org/2002/07/owl#ObjectProperty,-1.2240402,0.17929114,0.09812681,1.305525,-0.27476758,0.04087591,0.28667954,1.0895422,0.60572183,0.105853304,-0.064507514,1.1399575,0.44031283,-0.42099234,0.20925513,1.0461998,-0.7338841,1.0912925,0.9388371,-0.5336534,0.4132983,0.11136332,0.3123505,0.72933286,-0.47531632,-0.3936457,0.16902722,-0.3007272,0.29923534,0.5346224,0.11876734,-0.21080321,0.057661854,-0.12763332,0.45255184,-1.8249363,-0.73017174,-0.58432686,-0.44121584,0.40650174,0.9415227,0.89619845,-0.4434413,0.9004126,-2.237472,-0.23278135,0.17553769,0.46524844,1.3620839,-1.104362,0.078695886,0.49841028,0.6433902,-0.06057632,-1.3692265,-0.6801991,-0.55452424,0.60820943,-0.12055041,0.9857205,-1.0613158,-0.027013736,-2.2445579,0.26771167,-1.7850574,1.2386264,-0.87113947,-0.80565655,0.46519738,-0.93640715,1.3316233,-0.70943075,0.22936353,1.0710618,0.34444997,0.33474594,0.4351447,-0.6966249,-0.51089066,0.2550517,-1.1240624,1.0026433,1.0614195,-0.11573351,-0.48542175,-0.65804505,-0.19720508,-0.25002265,-1.0247157,0.20074934,-1.0634845,1.0145196,0.69179505,0.17137736,0.5737335,-0.6522517,0.1527208,-0.2343159,-0.73305285,-0.5254852,-0.065502666,-0.016029792,0.4364711,1.2490578,-0.08802737,0.4005661,0.020148534,2.0608754,0.008470156,-0.20757422,-0.18276007,0.7626753,0.38611603,-0.3857823,-0.21421409,-1.066094,-0.13001317,0.088647924,0.7774269,-0.098498754,-1.2317523,0.94939333,-0.3745095,0.057682693,0.7856857,0.032698203,0.15239297,-0.0482068,-1.4470053,-1.3362385,0.3056249,-1.5755686,2.134465,-0.45042887,0.46225253,0.054707613,0.8025466,0.44335684,1.0936348,-1.1722528,0.28802675,-0.8769431,0.9536759,0.5099957,0.05329886,1.7918857,2.8299105,-0.65238446,1.789116,0.95838314,0.56950736,-2.0548763,2.1384423,2.6498113,-0.26072174,0.5969736,0.31371728,-0.74875826,-0.20386016,-1.3349298,0.9590454,0.73347455,-0.11778616,1.8331391,2.1757267,-0.43843615,-0.29073545,0.96304876,2.0404289,-0.08141881,-0.8914699,-1.6283393,0.3561716,-0.30546615,-0.26361126,-0.087344,1.4616246,-1.3298455,0.6444355,1.6000968,-0.25536266,0.5275048,-0.37572983,-0.76974595,-0.5891011,0.26216608,0.50755906,-0.23636658,-0.34249255,-0.063322626,1.6898351,-0.7222193,-0.7702798,-0.49307787,0.37921616,-2.026513,1.267329,-0.8851586,0.5235679,0.11215927,-1.078413,-1.2248784,1.7547396,0.35363936,0.013836712,2.0362945,-0.42882255,-1.594296,-1.1214595,2.627555,0.19903296,0.8691923,-0.58663595,-0.7110926,0.9212117,0.0672824,-0.89767593,1.5075554,-2.2116063,-0.3269361,-1.058587,-0.14482953,-1.0416231,-1.7045635,1.3664938,-1.7961891,0.8224867,-1.6100656,-0.64562136,2.0193024,-0.20172934,1.545694,-0.32407454,-2.235322,0.029200822,0.0028555272,0.8296518,-0.8273398,-0.5958069,0.81314784,1.8801388,0.13013442,-0.6340878,-0.480566,-0.3472897,-0.44891545,-1.097619,1.2242253,1.8194276,0.61708766,-0.683083,0.39965218,1.2242613,1.2790169,2.3759704,-0.78859013
